timestamp,open,high,low,close,volume,symbol
2022-01-01,2.52400000,2.60500000,2.50200000,2.57200000,51305956.10000000,MATICUSDT
2022-01-02,2.57200000,2.59000000,2.49600000,2.55000000,49037033.70000000,MATICUSDT
2022-01-03,2.55000000,2.55200000,2.36100000,2.43200000,65676503.50000000,MATICUSDT
2022-01-04,2.43400000,2.50800000,2.35200000,2.36500000,75096431.90000000,MATICUSDT
2022-01-05,2.36600000,2.45200000,2.02000000,2.18200000,116397377.10000000,MATICUSDT
2022-01-06,2.18200000,2.30000000,2.06800000,2.25100000,119331816.30000000,MATICUSDT
2022-01-07,2.25100000,2.26600000,2.04200000,2.05300000,119757574.20000000,MATICUSDT
2022-01-08,2.05400000,2.14500000,1.90000000,1.98500000,82923797.90000000,MATICUSDT
2022-01-09,1.98400000,2.16900000,1.96000000,2.11400000,65727897.00000000,MATICUSDT
2022-01-10,2.11400000,2.14900000,1.91900000,2.07100000,105243094.30000000,MATICUSDT
2022-01-11,2.07200000,2.37300000,2.04600000,2.36000000,133945252.30000000,MATICUSDT
2022-01-12,2.36100000,2.44900000,2.30500000,2.39800000,105446906.50000000,MATICUSDT
2022-01-13,2.39700000,2.44100000,2.24000000,2.26500000,96342184.40000000,MATICUSDT
2022-01-14,2.26400000,2.35100000,2.16800000,2.33400000,81154863.50000000,MATICUSDT
2022-01-15,2.33400000,2.39800000,2.29500000,2.34600000,54115900.40000000,MATICUSDT
2022-01-16,2.34600000,2.37300000,2.28200000,2.33200000,49800594.20000000,MATICUSDT
2022-01-17,2.33200000,2.45200000,2.16300000,2.21900000,114289288.70000000,MATICUSDT
2022-01-18,2.21900000,2.24500000,2.05600000,2.12100000,110374557.10000000,MATICUSDT
2022-01-19,2.12100000,2.14300000,2.01300000,2.03000000,92522186.70000000,MATICUSDT
2022-01-20,2.03000000,2.19400000,1.95100000,1.96000000,91995626.70000000,MATICUSDT
2022-01-21,1.95900000,2.02600000,1.64000000,1.69900000,203319818.10000000,MATICUSDT
2022-01-22,1.69800000,1.75600000,1.39600000,1.53600000,257211366.60000000,MATICUSDT
2022-01-23,1.53700000,1.67000000,1.50900000,1.61700000,124415371.70000000,MATICUSDT
2022-01-24,1.61700000,1.61700000,1.30600000,1.50600000,226249382.00000000,MATICUSDT
2022-01-25,1.50600000,1.61100000,1.41000000,1.55900000,134168952.60000000,MATICUSDT
2022-01-26,1.55800000,1.82200000,1.52500000,1.59000000,207512832.00000000,MATICUSDT
2022-01-27,1.58900000,1.66800000,1.49600000,1.58900000,135671959.50000000,MATICUSDT
2022-01-28,1.58900000,1.70200000,1.56300000,1.67300000,113781512.20000000,MATICUSDT
2022-01-29,1.67300000,1.74000000,1.64900000,1.69600000,59414339.50000000,MATICUSDT
2022-01-30,1.69700000,1.70900000,1.57600000,1.60400000,60973806.80000000,MATICUSDT
2022-01-31,1.60400000,1.65200000,1.52300000,1.64100000,67978844.00000000,MATICUSDT
2022-02-01,1.64200000,1.67900000,1.61300000,1.64700000,65117122.00000000,MATICUSDT
2022-02-02,1.64700000,1.66500000,1.52100000,1.53800000,59423987.60000000,MATICUSDT
2022-02-03,1.53900000,1.56200000,1.47500000,1.55600000,62800626.40000000,MATICUSDT
2022-02-04,1.55600000,1.69600000,1.53500000,1.69400000,72339034.20000000,MATICUSDT
2022-02-05,1.69400000,1.75800000,1.67300000,1.71100000,64562494.10000000,MATICUSDT
2022-02-06,1.71100000,1.75400000,1.66600000,1.73800000,46183793.80000000,MATICUSDT
2022-02-07,1.73800000,2.10000000,1.69800000,2.01800000,171047453.10000000,MATICUSDT
2022-02-08,2.01800000,2.04800000,1.85900000,1.94100000,132565496.20000000,MATICUSDT
2022-02-09,1.94200000,2.06000000,1.88900000,2.03700000,92733530.60000000,MATICUSDT
2022-02-10,2.03700000,2.10100000,1.87000000,1.89600000,127157847.10000000,MATICUSDT
2022-02-11,1.89500000,1.89900000,1.67500000,1.71600000,116727590.60000000,MATICUSDT
2022-02-12,1.71500000,1.76500000,1.64100000,1.70100000,66680406.30000000,MATICUSDT
2022-02-13,1.70200000,1.72400000,1.64300000,1.65900000,39312030.00000000,MATICUSDT
2022-02-14,1.65900000,1.67900000,1.59400000,1.65600000,68720224.60000000,MATICUSDT
2022-02-15,1.65600000,1.87900000,1.65200000,1.87100000,79165758.40000000,MATICUSDT
2022-02-16,1.87100000,1.87800000,1.73100000,1.83600000,79187974.40000000,MATICUSDT
2022-02-17,1.83600000,1.86400000,1.64600000,1.66100000,77223017.10000000,MATICUSDT
2022-02-18,1.66100000,1.71300000,1.58100000,1.59300000,72127998.50000000,MATICUSDT
2022-02-19,1.59200000,1.64300000,1.55800000,1.63200000,43942448.10000000,MATICUSDT
2022-02-20,1.63300000,1.63600000,1.49200000,1.51200000,69747934.70000000,MATICUSDT
2022-02-21,1.51100000,1.61500000,1.40000000,1.40500000,135844993.90000000,MATICUSDT
2022-02-22,1.40400000,1.47500000,1.34500000,1.46200000,114722815.60000000,MATICUSDT
2022-02-23,1.46200000,1.59500000,1.43200000,1.43600000,117998438.60000000,MATICUSDT
2022-02-24,1.43600000,1.51500000,1.24500000,1.44100000,272876939.50000000,MATICUSDT
2022-02-25,1.44000000,1.57500000,1.40300000,1.55100000,124723235.90000000,MATICUSDT
2022-02-26,1.55000000,1.59500000,1.50300000,1.51600000,70500809.80000000,MATICUSDT
2022-02-27,1.51700000,1.54700000,1.42200000,1.45300000,84362806.00000000,MATICUSDT
2022-02-28,1.45300000,1.61800000,1.42200000,1.61400000,89337683.70000000,MATICUSDT
2022-03-01,1.61300000,1.66400000,1.55400000,1.62100000,112875726.80000000,MATICUSDT
2022-03-02,1.62100000,1.69900000,1.58200000,1.63700000,106926527.00000000,MATICUSDT
2022-03-03,1.63600000,1.65200000,1.54400000,1.58600000,75342727.80000000,MATICUSDT
2022-03-04,1.58500000,1.58700000,1.45200000,1.47800000,77638012.40000000,MATICUSDT
2022-03-05,1.47700000,1.51600000,1.44800000,1.50800000,41939605.60000000,MATICUSDT
2022-03-06,1.50800000,1.51900000,1.43100000,1.43500000,44816887.70000000,MATICUSDT
2022-03-07,1.43500000,1.49600000,1.36900000,1.41100000,85656899.30000000,MATICUSDT
2022-03-08,1.41000000,1.47500000,1.40300000,1.44700000,67592015.30000000,MATICUSDT
2022-03-09,1.44600000,1.54500000,1.44400000,1.50500000,76279564.00000000,MATICUSDT
2022-03-10,1.50500000,1.51100000,1.40000000,1.43700000,76047008.10000000,MATICUSDT
2022-03-11,1.43600000,1.47300000,1.40300000,1.40400000,64984054.50000000,MATICUSDT
2022-03-12,1.40500000,1.43500000,1.39400000,1.39600000,33504349.30000000,MATICUSDT
2022-03-13,1.39700000,1.42100000,1.35200000,1.36000000,30337041.00000000,MATICUSDT
2022-03-14,1.36100000,1.39400000,1.32900000,1.37900000,52468420.40000000,MATICUSDT
2022-03-15,1.37900000,1.41000000,1.33000000,1.37800000,40716252.80000000,MATICUSDT
2022-03-16,1.37800000,1.47100000,1.35500000,1.46700000,68598098.20000000,MATICUSDT
2022-03-17,1.46800000,1.49900000,1.43700000,1.44600000,47442509.10000000,MATICUSDT
2022-03-18,1.44700000,1.51000000,1.41700000,1.49700000,47850822.30000000,MATICUSDT
2022-03-19,1.49700000,1.54200000,1.49700000,1.52900000,39958797.60000000,MATICUSDT
2022-03-20,1.53000000,1.53700000,1.45800000,1.46500000,30710783.60000000,MATICUSDT
2022-03-21,1.46600000,1.49800000,1.44200000,1.46500000,39193447.10000000,MATICUSDT
2022-03-22,1.46500000,1.53400000,1.45800000,1.50600000,49106145.20000000,MATICUSDT
2022-03-23,1.50700000,1.55900000,1.49200000,1.55600000,44521965.50000000,MATICUSDT
2022-03-24,1.55600000,1.63700000,1.54400000,1.62900000,63085734.60000000,MATICUSDT
2022-03-25,1.63000000,1.66400000,1.56300000,1.57800000,56585178.30000000,MATICUSDT
2022-03-26,1.57900000,1.61600000,1.56700000,1.61100000,22458476.10000000,MATICUSDT
2022-03-27,1.61200000,1.69500000,1.60200000,1.69500000,38088458.80000000,MATICUSDT
2022-03-28,1.69500000,1.74500000,1.64900000,1.65700000,60874912.80000000,MATICUSDT
2022-03-29,1.65700000,1.73700000,1.63400000,1.67500000,55407333.30000000,MATICUSDT
2022-03-30,1.67500000,1.72700000,1.62700000,1.68200000,59119929.30000000,MATICUSDT
2022-03-31,1.68200000,1.75000000,1.60800000,1.61800000,70232470.80000000,MATICUSDT
2022-04-01,1.61700000,1.71200000,1.55900000,1.69500000,63365270.90000000,MATICUSDT
2022-04-02,1.69500000,1.72900000,1.64600000,1.65300000,55583003.20000000,MATICUSDT
2022-04-03,1.65300000,1.71300000,1.63200000,1.68800000,36786552.80000000,MATICUSDT
2022-04-04,1.68700000,1.68900000,1.60600000,1.64800000,43208078.20000000,MATICUSDT
2022-04-05,1.64700000,1.67600000,1.58700000,1.59200000,37581796.00000000,MATICUSDT
2022-04-06,1.59300000,1.59300000,1.45300000,1.45700000,70018240.20000000,MATICUSDT
2022-04-07,1.45800000,1.52000000,1.43700000,1.51100000,46712069.40000000,MATICUSDT
2022-04-08,1.51100000,1.52700000,1.42300000,1.43400000,41686592.70000000,MATICUSDT
2022-04-09,1.43400000,1.46800000,1.42600000,1.46300000,21720943.10000000,MATICUSDT
2022-04-10,1.46300000,1.49000000,1.41900000,1.42700000,19402659.40000000,MATICUSDT
2022-04-11,1.42700000,1.44000000,1.31300000,1.33400000,51505755.20000000,MATICUSDT
2022-04-12,1.33400000,1.47500000,1.32600000,1.39400000,64754216.80000000,MATICUSDT
2022-04-13,1.39400000,1.43800000,1.36500000,1.42000000,42580666.70000000,MATICUSDT
2022-04-14,1.42000000,1.44400000,1.35200000,1.37400000,36971813.30000000,MATICUSDT
2022-04-15,1.37400000,1.39900000,1.36600000,1.39800000,20365967.40000000,MATICUSDT
2022-04-16,1.39800000,1.40300000,1.36500000,1.38800000,15800872.80000000,MATICUSDT
2022-04-17,1.38800000,1.39000000,1.33200000,1.33700000,20188054.40000000,MATICUSDT
2022-04-18,1.33600000,1.42600000,1.29300000,1.41800000,62938926.60000000,MATICUSDT
2022-04-19,1.41800000,1.45000000,1.39300000,1.42700000,45777866.80000000,MATICUSDT
2022-04-20,1.42700000,1.46600000,1.39600000,1.41700000,50063787.80000000,MATICUSDT
2022-04-21,1.41700000,1.46800000,1.35800000,1.37800000,52021660.20000000,MATICUSDT
2022-04-22,1.37700000,1.50600000,1.37100000,1.39800000,130745946.00000000,MATICUSDT
2022-04-23,1.39700000,1.41200000,1.34300000,1.36200000,42684882.10000000,MATICUSDT
2022-04-24,1.36300000,1.37500000,1.33200000,1.34300000,27580279.10000000,MATICUSDT
2022-04-25,1.34300000,1.35600000,1.26300000,1.35300000,61468472.30000000,MATICUSDT
2022-04-26,1.35300000,1.36200000,1.22400000,1.24400000,51779339.10000000,MATICUSDT
2022-04-27,1.24400000,1.29200000,1.23500000,1.25700000,40904675.40000000,MATICUSDT
2022-04-28,1.25700000,1.28000000,1.22600000,1.23700000,45259868.30000000,MATICUSDT
2022-04-29,1.23800000,1.24600000,1.12700000,1.14000000,73403513.30000000,MATICUSDT
2022-04-30,1.14100000,1.16600000,1.01100000,1.03200000,67942141.70000000,MATICUSDT
2022-05-01,1.03300000,1.12400000,1.01400000,1.09900000,83369235.40000000,MATICUSDT
2022-05-02,1.09900000,1.12100000,1.03600000,1.07700000,73093982.30000000,MATICUSDT
2022-05-03,1.07700000,1.11700000,1.05400000,1.07600000,53733584.20000000,MATICUSDT
2022-05-04,1.07700000,1.17400000,1.07000000,1.17300000,77380068.20000000,MATICUSDT
2022-05-05,1.17300000,1.18700000,1.02900000,1.06400000,86554618.80000000,MATICUSDT
2022-05-06,1.06500000,1.07700000,1.01100000,1.04300000,88663343.30000000,MATICUSDT
2022-05-07,1.04300000,1.06700000,0.99200000,1.01900000,66643246.50000000,MATICUSDT
2022-05-08,1.02000000,1.03000000,0.96000000,0.97700000,61694844.00000000,MATICUSDT
2022-05-09,0.97700000,0.99200000,0.78800000,0.81000000,142192703.40000000,MATICUSDT
2022-05-10,0.81000000,0.99000000,0.79000000,0.88900000,272210112.00000000,MATICUSDT
2022-05-11,0.88900000,0.91200000,0.60200000,0.67500000,401657138.80000000,MATICUSDT
2022-05-12,0.67600000,0.71800000,0.50100000,0.60000000,330454002.90000000,MATICUSDT
2022-05-13,0.60100000,0.75300000,0.59000000,0.66700000,231738849.10000000,MATICUSDT
2022-05-14,0.66700000,0.71200000,0.61500000,0.68600000,131101411.80000000,MATICUSDT
2022-05-15,0.68500000,0.74400000,0.65600000,0.74200000,101688983.50000000,MATICUSDT
2022-05-16,0.74300000,0.74300000,0.65800000,0.67700000,133481571.80000000,MATICUSDT
2022-05-17,0.67800000,0.73600000,0.67400000,0.72600000,114713520.10000000,MATICUSDT
2022-05-18,0.72700000,0.73800000,0.62300000,0.62600000,100406529.90000000,MATICUSDT
2022-05-19,0.62600000,0.67400000,0.60900000,0.65900000,107205341.40000000,MATICUSDT
2022-05-20,0.65900000,0.68000000,0.61700000,0.63400000,76951665.10000000,MATICUSDT
2022-05-21,0.63400000,0.66000000,0.62100000,0.65000000,35782020.10000000,MATICUSDT
2022-05-22,0.65000000,0.68300000,0.64000000,0.67600000,45693696.30000000,MATICUSDT
2022-05-23,0.67600000,0.70100000,0.63500000,0.64100000,87343768.40000000,MATICUSDT
2022-05-24,0.64200000,0.66900000,0.61100000,0.66300000,75641116.00000000,MATICUSDT
2022-05-25,0.66400000,0.67400000,0.62800000,0.64600000,67784409.40000000,MATICUSDT
2022-05-26,0.64500000,0.66100000,0.57600000,0.59800000,121100003.70000000,MATICUSDT
2022-05-27,0.59800000,0.61100000,0.56400000,0.57400000,97233765.30000000,MATICUSDT
2022-05-28,0.57400000,0.59700000,0.56800000,0.58800000,46464580.80000000,MATICUSDT
2022-05-29,0.58800000,0.60200000,0.57400000,0.60000000,45902271.00000000,MATICUSDT
2022-05-30,0.59900000,0.66100000,0.59500000,0.65800000,86675025.60000000,MATICUSDT
2022-05-31,0.65700000,0.68400000,0.64300000,0.66300000,96486653.00000000,MATICUSDT
2022-06-01,0.66200000,0.67100000,0.58500000,0.60000000,92155393.90000000,MATICUSDT
2022-06-02,0.60000000,0.62200000,0.59100000,0.62000000,55084190.60000000,MATICUSDT
2022-06-03,0.62000000,0.62100000,0.57600000,0.58900000,38172169.40000000,MATICUSDT
2022-06-04,0.58900000,0.60100000,0.57600000,0.59600000,22906167.90000000,MATICUSDT
2022-06-05,0.59600000,0.60700000,0.58400000,0.59800000,24801520.70000000,MATICUSDT
2022-06-06,0.59800000,0.65600000,0.59500000,0.63300000,72763913.40000000,MATICUSDT
2022-06-07,0.63200000,0.63400000,0.58300000,0.61700000,61113363.70000000,MATICUSDT
2022-06-08,0.61800000,0.63300000,0.60100000,0.60600000,52731186.40000000,MATICUSDT
2022-06-09,0.60700000,0.65200000,0.60200000,0.63400000,47864999.00000000,MATICUSDT
2022-06-10,0.63400000,0.66300000,0.59000000,0.59400000,84427247.70000000,MATICUSDT
2022-06-11,0.59400000,0.60700000,0.53100000,0.54000000,66207911.00000000,MATICUSDT
2022-06-12,0.54100000,0.54700000,0.49600000,0.49700000,86742685.90000000,MATICUSDT
2022-06-13,0.49600000,0.50400000,0.40400000,0.43000000,197124489.80000000,MATICUSDT
2022-06-14,0.43100000,0.45400000,0.39600000,0.41500000,158226148.40000000,MATICUSDT
2022-06-15,0.41500000,0.44100000,0.36300000,0.44000000,176633425.20000000,MATICUSDT
2022-06-16,0.43900000,0.44600000,0.37500000,0.38400000,97621973.20000000,MATICUSDT
2022-06-17,0.38300000,0.40900000,0.37800000,0.39900000,55750718.00000000,MATICUSDT
2022-06-18,0.40000000,0.40800000,0.31600000,0.34600000,138954523.70000000,MATICUSDT
2022-06-19,0.34600000,0.38500000,0.32700000,0.38400000,112312742.80000000,MATICUSDT
2022-06-20,0.38400000,0.41100000,0.35900000,0.40000000,114184332.30000000,MATICUSDT
2022-06-21,0.40000000,0.45500000,0.39200000,0.42000000,150058307.50000000,MATICUSDT
2022-06-22,0.42000000,0.47200000,0.39400000,0.45500000,156352169.30000000,MATICUSDT
2022-06-23,0.45600000,0.57400000,0.45500000,0.56200000,334375172.20000000,MATICUSDT
2022-06-24,0.56200000,0.63100000,0.56200000,0.60700000,247314217.90000000,MATICUSDT
2022-06-25,0.60700000,0.62700000,0.56600000,0.60100000,130443259.30000000,MATICUSDT
2022-06-26,0.60100000,0.62700000,0.55600000,0.55900000,99737778.10000000,MATICUSDT
2022-06-27,0.55900000,0.59700000,0.52000000,0.53200000,146468480.20000000,MATICUSDT
2022-06-28,0.53200000,0.57500000,0.50400000,0.51070000,227581109.80000000,MATICUSDT
2022-06-29,0.51080000,0.54650000,0.48510000,0.49740000,372676557.30000000,MATICUSDT
2022-06-30,0.49750000,0.49780000,0.41800000,0.48080000,412893672.10000000,MATICUSDT
2022-07-01,0.48080000,0.49820000,0.44960000,0.46210000,296499618.20000000,MATICUSDT
2022-07-02,0.46210000,0.49630000,0.44860000,0.49300000,183222500.60000000,MATICUSDT
2022-07-03,0.49310000,0.49420000,0.44910000,0.46210000,170900076.30000000,MATICUSDT
2022-07-04,0.46210000,0.49530000,0.45130000,0.49180000,166121678.00000000,MATICUSDT
2022-07-05,0.49170000,0.53550000,0.48570000,0.51270000,335931980.80000000,MATICUSDT
2022-07-06,0.51270000,0.53080000,0.49290000,0.52570000,242883092.80000000,MATICUSDT
2022-07-07,0.52560000,0.57300000,0.51130000,0.56280000,185981194.00000000,MATICUSDT
2022-07-08,0.56300000,0.61990000,0.55540000,0.60590000,273623248.20000000,MATICUSDT
2022-07-09,0.60580000,0.61190000,0.58220000,0.58990000,100052940.60000000,MATICUSDT
2022-07-10,0.58990000,0.59020000,0.55260000,0.57170000,85080378.20000000,MATICUSDT
2022-07-11,0.57170000,0.59840000,0.53630000,0.56300000,168479902.20000000,MATICUSDT
2022-07-12,0.56300000,0.59340000,0.53450000,0.53620000,183829595.00000000,MATICUSDT
2022-07-13,0.53620000,0.64540000,0.52030000,0.63890000,254696666.10000000,MATICUSDT
2022-07-14,0.63910000,0.71900000,0.61290000,0.70960000,371814316.70000000,MATICUSDT
2022-07-15,0.70960000,0.73500000,0.67700000,0.70370000,231240627.90000000,MATICUSDT
2022-07-16,0.70340000,0.74430000,0.68250000,0.72920000,129325811.60000000,MATICUSDT
2022-07-17,0.72920000,0.79000000,0.71870000,0.75290000,155085808.80000000,MATICUSDT
2022-07-18,0.75290000,0.98490000,0.74500000,0.95830000,385575448.90000000,MATICUSDT
2022-07-19,0.95870000,0.98000000,0.88320000,0.92550000,259104558.40000000,MATICUSDT
2022-07-20,0.92540000,0.95340000,0.81080000,0.83180000,238403566.30000000,MATICUSDT
2022-07-21,0.83180000,0.92890000,0.79660000,0.90570000,242710579.00000000,MATICUSDT
2022-07-22,0.90570000,0.93500000,0.84500000,0.85080000,161751526.10000000,MATICUSDT
2022-07-23,0.85070000,0.88910000,0.81400000,0.87120000,100257262.10000000,MATICUSDT
2022-07-24,0.87120000,0.90920000,0.84590000,0.87950000,102480809.30000000,MATICUSDT
2022-07-25,0.87940000,0.88490000,0.76770000,0.77030000,145057895.30000000,MATICUSDT
2022-07-26,0.77030000,0.78490000,0.72210000,0.78330000,154988735.00000000,MATICUSDT
2022-07-27,0.78330000,0.89870000,0.76200000,0.89680000,199984258.70000000,MATICUSDT
2022-07-28,0.89660000,0.97500000,0.84480000,0.93390000,236707802.10000000,MATICUSDT
2022-07-29,0.93400000,0.99310000,0.90450000,0.93870000,183513393.10000000,MATICUSDT
2022-07-30,0.93880000,0.98380000,0.91330000,0.93090000,106413447.50000000,MATICUSDT
2022-07-31,0.93100000,1.01970000,0.91070000,0.92790000,139366466.40000000,MATICUSDT
2022-08-01,0.92770000,0.94680000,0.87770000,0.89140000,102473447.00000000,MATICUSDT
2022-08-02,0.89140000,0.90640000,0.84800000,0.87680000,107527361.20000000,MATICUSDT
2022-08-03,0.87670000,0.92600000,0.85640000,0.88830000,76434171.50000000,MATICUSDT
2022-08-04,0.88830000,0.91210000,0.87530000,0.89150000,56731489.70000000,MATICUSDT
2022-08-05,0.89150000,0.93790000,0.88900000,0.92800000,70273119.40000000,MATICUSDT
2022-08-06,0.92780000,0.94170000,0.90240000,0.90760000,43833487.90000000,MATICUSDT
2022-08-07,0.90780000,0.92500000,0.89230000,0.90700000,33628213.00000000,MATICUSDT
2022-08-08,0.90700000,0.95190000,0.90470000,0.92180000,71561793.00000000,MATICUSDT
2022-08-09,0.92190000,0.93110000,0.86880000,0.89080000,54242401.20000000,MATICUSDT
2022-08-10,0.89080000,0.94100000,0.87060000,0.93810000,72354681.10000000,MATICUSDT
2022-08-11,0.93820000,0.95620000,0.91540000,0.92110000,61842165.80000000,MATICUSDT
2022-08-12,0.92100000,0.93520000,0.90560000,0.93440000,37271224.20000000,MATICUSDT
2022-08-13,0.93450000,1.03420000,0.92910000,1.02560000,141368074.50000000,MATICUSDT
2022-08-14,1.02560000,1.05450000,0.98560000,1.00050000,78877164.70000000,MATICUSDT
2022-08-15,1.00040000,1.03430000,0.93150000,0.95050000,83213360.70000000,MATICUSDT
2022-08-16,0.95050000,0.96810000,0.92390000,0.93430000,57048653.00000000,MATICUSDT
2022-08-17,0.93440000,0.96420000,0.87710000,0.88480000,77598129.40000000,MATICUSDT
2022-08-18,0.88480000,0.91010000,0.85450000,0.85700000,68345203.70000000,MATICUSDT
2022-08-19,0.85710000,0.85810000,0.76340000,0.76950000,137111673.10000000,MATICUSDT
2022-08-20,0.76960000,0.81690000,0.75820000,0.78630000,84249101.20000000,MATICUSDT
2022-08-21,0.78620000,0.83000000,0.77840000,0.82050000,64321326.00000000,MATICUSDT
2022-08-22,0.82060000,0.82290000,0.76850000,0.80990000,67647891.80000000,MATICUSDT
2022-08-23,0.81000000,0.83690000,0.79120000,0.83220000,62552984.70000000,MATICUSDT
2022-08-24,0.83220000,0.84000000,0.80220000,0.81360000,52393901.70000000,MATICUSDT
2022-08-25,0.81360000,0.83230000,0.80480000,0.81830000,43571146.10000000,MATICUSDT
2022-08-26,0.81820000,0.84710000,0.75350000,0.76510000,119906082.30000000,MATICUSDT
2022-08-27,0.76500000,0.81500000,0.75560000,0.80490000,88047062.70000000,MATICUSDT
2022-08-28,0.80490000,0.83400000,0.77710000,0.78240000,76338584.10000000,MATICUSDT
2022-08-29,0.78270000,0.82110000,0.76170000,0.81680000,102998979.90000000,MATICUSDT
2022-08-30,0.81650000,0.84410000,0.78270000,0.81530000,85386455.60000000,MATICUSDT
2022-08-31,0.81530000,0.85670000,0.81530000,0.83230000,80353318.70000000,MATICUSDT
2022-09-01,0.83220000,0.89560000,0.82180000,0.88440000,108922083.80000000,MATICUSDT
2022-09-02,0.88440000,0.91360000,0.86270000,0.87190000,91872437.50000000,MATICUSDT
2022-09-03,0.87200000,0.89030000,0.86650000,0.88900000,42944128.20000000,MATICUSDT
2022-09-04,0.88890000,0.89890000,0.87180000,0.89510000,38935337.90000000,MATICUSDT
2022-09-05,0.89500000,0.90340000,0.86200000,0.88190000,44151340.30000000,MATICUSDT
2022-09-06,0.88200000,0.92400000,0.81120000,0.81570000,118115918.30000000,MATICUSDT
2022-09-07,0.81560000,0.85130000,0.79130000,0.84040000,74934469.50000000,MATICUSDT
2022-09-08,0.84050000,0.84990000,0.81570000,0.84480000,55903954.30000000,MATICUSDT
2022-09-09,0.84490000,0.90100000,0.84210000,0.89050000,71296589.80000000,MATICUSDT
2022-09-10,0.89050000,0.91200000,0.87790000,0.90600000,58175444.00000000,MATICUSDT
2022-09-11,0.90570000,0.91790000,0.87570000,0.89340000,36101767.70000000,MATICUSDT
2022-09-12,0.89340000,0.94040000,0.87170000,0.93010000,102118481.70000000,MATICUSDT
2022-09-13,0.93010000,0.94360000,0.83890000,0.84610000,120684228.20000000,MATICUSDT
2022-09-14,0.84600000,0.86820000,0.83020000,0.86450000,59338753.10000000,MATICUSDT
2022-09-15,0.86460000,0.87610000,0.81750000,0.82510000,72521132.70000000,MATICUSDT
2022-09-16,0.82520000,0.83130000,0.78730000,0.80690000,52889683.60000000,MATICUSDT
2022-09-17,0.80680000,0.83110000,0.80490000,0.82790000,27039758.30000000,MATICUSDT
2022-09-18,0.82800000,0.83670000,0.75000000,0.75330000,64802222.70000000,MATICUSDT
2022-09-19,0.75330000,0.77540000,0.72480000,0.76550000,73085404.00000000,MATICUSDT
2022-09-20,0.76530000,0.76920000,0.73000000,0.73330000,48949348.20000000,MATICUSDT
2022-09-21,0.73330000,0.77800000,0.69010000,0.70070000,95101361.40000000,MATICUSDT
2022-09-22,0.70060000,0.76280000,0.70030000,0.75210000,70671776.60000000,MATICUSDT
2022-09-23,0.75230000,0.78550000,0.72280000,0.77840000,84151419.40000000,MATICUSDT
2022-09-24,0.77840000,0.78240000,0.75000000,0.75270000,42348151.60000000,MATICUSDT
2022-09-25,0.75280000,0.76710000,0.73100000,0.73970000,37385050.30000000,MATICUSDT
2022-09-26,0.73950000,0.76160000,0.72620000,0.75570000,66516406.60000000,MATICUSDT
2022-09-27,0.75570000,0.79370000,0.72610000,0.73890000,99429969.00000000,MATICUSDT
2022-09-28,0.73900000,0.75490000,0.71200000,0.74730000,55942554.10000000,MATICUSDT
2022-09-29,0.74730000,0.76480000,0.73110000,0.76310000,59553845.50000000,MATICUSDT
2022-09-30,0.76350000,0.78970000,0.76050000,0.77780000,74769580.50000000,MATICUSDT
2022-10-01,0.77810000,0.78130000,0.75930000,0.76700000,25219685.50000000,MATICUSDT
2022-10-02,0.76690000,0.78380000,0.76110000,0.76310000,36168037.10000000,MATICUSDT
2022-10-03,0.76320000,0.80730000,0.75440000,0.80020000,64369980.30000000,MATICUSDT
2022-10-04,0.80020000,0.84370000,0.79990000,0.83510000,69927621.70000000,MATICUSDT
2022-10-05,0.83510000,0.86070000,0.82090000,0.85120000,71309080.50000000,MATICUSDT
2022-10-06,0.85120000,0.85960000,0.83030000,0.83360000,56063871.00000000,MATICUSDT
2022-10-07,0.83350000,0.84820000,0.81860000,0.83150000,43204613.60000000,MATICUSDT
2022-10-08,0.83140000,0.83500000,0.80810000,0.81440000,22349110.00000000,MATICUSDT
2022-10-09,0.81440000,0.82990000,0.80800000,0.82550000,22036160.20000000,MATICUSDT
2022-10-10,0.82550000,0.84310000,0.81160000,0.81360000,52677506.30000000,MATICUSDT
2022-10-11,0.81360000,0.81360000,0.78450000,0.79090000,47553455.40000000,MATICUSDT
2022-10-12,0.79090000,0.80180000,0.78190000,0.78290000,25450425.70000000,MATICUSDT
2022-10-13,0.78270000,0.78750000,0.71560000,0.77500000,70217913.90000000,MATICUSDT
2022-10-14,0.77480000,0.82280000,0.77470000,0.79330000,56700990.90000000,MATICUSDT
2022-10-15,0.79330000,0.81000000,0.78590000,0.78920000,27921576.10000000,MATICUSDT
2022-10-16,0.78920000,0.80990000,0.78810000,0.79840000,21642765.80000000,MATICUSDT
2022-10-17,0.79830000,0.85000000,0.79580000,0.84820000,49566523.70000000,MATICUSDT
2022-10-18,0.84830000,0.88140000,0.83570000,0.86420000,98636927.70000000,MATICUSDT
2022-10-19,0.86400000,0.88120000,0.83980000,0.84450000,69116601.30000000,MATICUSDT
2022-10-20,0.84450000,0.84830000,0.80540000,0.80940000,71430587.00000000,MATICUSDT
2022-10-21,0.80940000,0.83360000,0.77470000,0.83200000,74134213.30000000,MATICUSDT
2022-10-22,0.83210000,0.84070000,0.81270000,0.83190000,37710089.00000000,MATICUSDT
2022-10-23,0.83190000,0.90470000,0.82040000,0.89860000,69369080.00000000,MATICUSDT
2022-10-24,0.89860000,0.90880000,0.87190000,0.89310000,92087558.50000000,MATICUSDT
2022-10-25,0.89320000,0.94870000,0.87470000,0.91760000,98785228.70000000,MATICUSDT
2022-10-26,0.91760000,0.96800000,0.91760000,0.93730000,104834000.10000000,MATICUSDT
2022-10-27,0.93720000,0.94800000,0.89360000,0.90360000,97730707.30000000,MATICUSDT
2022-10-28,0.90360000,0.94690000,0.89420000,0.94440000,69963617.80000000,MATICUSDT
2022-10-29,0.94430000,0.95930000,0.92570000,0.93360000,65433748.50000000,MATICUSDT
2022-10-30,0.93350000,0.94880000,0.89860000,0.90840000,64416028.00000000,MATICUSDT
2022-10-31,0.90840000,0.92980000,0.89310000,0.90260000,59360219.50000000,MATICUSDT
2022-11-01,0.90260000,0.90940000,0.87240000,0.87390000,47627967.50000000,MATICUSDT
2022-11-02,0.87390000,0.89150000,0.83700000,0.87340000,110965532.10000000,MATICUSDT
2022-11-03,0.87330000,0.98430000,0.86840000,0.95120000,174644970.20000000,MATICUSDT
2022-11-04,0.95120000,1.19900000,0.95050000,1.16920000,300277375.50000000,MATICUSDT
2022-11-05,1.16910000,1.30710000,1.15310000,1.18460000,189393717.40000000,MATICUSDT
2022-11-06,1.18490000,1.21500000,1.13260000,1.13500000,108660119.20000000,MATICUSDT
2022-11-07,1.13480000,1.29100000,1.12910000,1.25740000,240665299.20000000,MATICUSDT
2022-11-08,1.25740000,1.27500000,0.90000000,1.04400000,429018153.60000000,MATICUSDT
2022-11-09,1.04420000,1.07080000,0.76240000,0.81650000,380019927.50000000,MATICUSDT
2022-11-10,0.81650000,1.16210000,0.80040000,1.12450000,439582528.40000000,MATICUSDT
2022-11-11,1.12450000,1.16080000,0.96630000,1.06430000,252229352.60000000,MATICUSDT
2022-11-12,1.06450000,1.06800000,0.92630000,0.93960000,168096609.60000000,MATICUSDT
2022-11-13,0.93960000,0.96860000,0.86480000,0.88940000,123531551.90000000,MATICUSDT
2022-11-14,0.88940000,0.96310000,0.83180000,0.91770000,229867545.80000000,MATICUSDT
2022-11-15,0.91770000,0.97350000,0.90670000,0.94170000,138509381.40000000,MATICUSDT
2022-11-16,0.94180000,0.95650000,0.87880000,0.89810000,101978756.00000000,MATICUSDT
2022-11-17,0.89810000,0.91230000,0.86260000,0.87430000,101835293.20000000,MATICUSDT
2022-11-18,0.87430000,0.89970000,0.86820000,0.87950000,67124443.70000000,MATICUSDT
2022-11-19,0.87950000,0.88340000,0.84970000,0.87620000,48707549.20000000,MATICUSDT
2022-11-20,0.87610000,0.88170000,0.79900000,0.80690000,103107522.10000000,MATICUSDT
2022-11-21,0.80690000,0.82100000,0.76400000,0.79600000,160051447.30000000,MATICUSDT
2022-11-22,0.79610000,0.86680000,0.77840000,0.85130000,175588937.20000000,MATICUSDT
2022-11-23,0.85140000,0.87320000,0.83630000,0.86140000,110245680.90000000,MATICUSDT
2022-11-24,0.86140000,0.89140000,0.84210000,0.84890000,83489471.70000000,MATICUSDT
2022-11-25,0.84890000,0.84960000,0.81960000,0.84420000,51619516.30000000,MATICUSDT
2022-11-26,0.84420000,0.87180000,0.83850000,0.84640000,50094639.30000000,MATICUSDT
2022-11-27,0.84640000,0.86620000,0.84060000,0.84400000,40179484.60000000,MATICUSDT
2022-11-28,0.84380000,0.84910000,0.80420000,0.82130000,67820385.30000000,MATICUSDT
2022-11-29,0.82120000,0.84690000,0.81330000,0.83840000,46886705.50000000,MATICUSDT
2022-11-30,0.83850000,0.94440000,0.83700000,0.93300000,105463856.60000000,MATICUSDT
2022-12-01,0.93300000,0.94520000,0.90570000,0.90890000,95499520.30000000,MATICUSDT
2022-12-02,0.90890000,0.94900000,0.89770000,0.94880000,75021481.80000000,MATICUSDT
2022-12-03,0.94850000,0.95020000,0.89970000,0.90290000,46360672.40000000,MATICUSDT
2022-12-04,0.90310000,0.92330000,0.90110000,0.92120000,32103473.70000000,MATICUSDT
2022-12-05,0.92110000,0.94520000,0.89980000,0.91160000,70042641.70000000,MATICUSDT
2022-12-06,0.91170000,0.92120000,0.89400000,0.91760000,50335479.40000000,MATICUSDT
2022-12-07,0.91780000,0.91990000,0.87080000,0.89730000,73597178.60000000,MATICUSDT
2022-12-08,0.89730000,0.93150000,0.88740000,0.92760000,56439864.50000000,MATICUSDT
2022-12-09,0.92760000,0.93470000,0.90810000,0.90970000,46265511.10000000,MATICUSDT
2022-12-10,0.90980000,0.91670000,0.90040000,0.90820000,28182643.90000000,MATICUSDT
2022-12-11,0.90820000,0.91500000,0.88880000,0.89220000,25372990.40000000,MATICUSDT
2022-12-12,0.89210000,0.91280000,0.87000000,0.91070000,53203041.90000000,MATICUSDT
2022-12-13,0.91070000,0.94190000,0.87890000,0.92440000,102623490.40000000,MATICUSDT
2022-12-14,0.92440000,0.93830000,0.89360000,0.90260000,72757384.50000000,MATICUSDT
2022-12-15,0.90290000,0.90620000,0.87210000,0.87870000,50583863.60000000,MATICUSDT
2022-12-16,0.87870000,0.89100000,0.78130000,0.79530000,101403720.70000000,MATICUSDT
2022-12-17,0.79530000,0.81880000,0.78160000,0.81560000,59801878.40000000,MATICUSDT
2022-12-18,0.81560000,0.82640000,0.80260000,0.81260000,35962632.20000000,MATICUSDT
2022-12-19,0.81270000,0.82180000,0.75700000,0.77370000,82625037.10000000,MATICUSDT
2022-12-20,0.77360000,0.80880000,0.76780000,0.80120000,75702229.40000000,MATICUSDT
2022-12-21,0.80120000,0.80360000,0.78570000,0.79380000,37724415.80000000,MATICUSDT
2022-12-22,0.79390000,0.79760000,0.76980000,0.79660000,47522907.20000000,MATICUSDT
2022-12-23,0.79660000,0.80720000,0.79060000,0.79910000,37371721.90000000,MATICUSDT
2022-12-24,0.79920000,0.80110000,0.79300000,0.79580000,16152930.60000000,MATICUSDT
2022-12-25,0.79560000,0.79910000,0.78530000,0.79500000,21488619.90000000,MATICUSDT
2022-12-26,0.79520000,0.81680000,0.79360000,0.81540000,27562698.70000000,MATICUSDT
2022-12-27,0.81540000,0.81960000,0.79730000,0.80630000,36924059.60000000,MATICUSDT
2022-12-28,0.80640000,0.80850000,0.77500000,0.78270000,50667384.90000000,MATICUSDT
2022-12-29,0.78270000,0.78670000,0.76880000,0.77690000,38877378.90000000,MATICUSDT
2022-12-30,0.77690000,0.78110000,0.74720000,0.76120000,48066470.60000000,MATICUSDT
2022-12-31,0.76130000,0.77180000,0.75360000,0.75830000,20701094.30000000,MATICUSDT
2023-01-01,0.75840000,0.76270000,0.74770000,0.76030000,18521544.50000000,MATICUSDT
2023-01-02,0.76010000,0.79070000,0.74930000,0.78090000,43701826.20000000,MATICUSDT
2023-01-03,0.78090000,0.78850000,0.77140000,0.77980000,34773381.30000000,MATICUSDT
2023-01-04,0.77970000,0.81430000,0.77720000,0.80680000,68453752.50000000,MATICUSDT
2023-01-05,0.80690000,0.81080000,0.78500000,0.78900000,37847137.90000000,MATICUSDT
2023-01-06,0.78910000,0.80030000,0.77110000,0.79920000,46408010.40000000,MATICUSDT
2023-01-07,0.79930000,0.81130000,0.79810000,0.80630000,30097362.30000000,MATICUSDT
2023-01-08,0.80640000,0.84500000,0.79650000,0.84070000,49373795.70000000,MATICUSDT
2023-01-09,0.84050000,0.87700000,0.83480000,0.84260000,109575625.50000000,MATICUSDT
2023-01-10,0.84260000,0.86090000,0.83190000,0.85850000,52018558.70000000,MATICUSDT
2023-01-11,0.85850000,0.90120000,0.84430000,0.89140000,63992519.90000000,MATICUSDT
2023-01-12,0.89140000,0.92400000,0.85400000,0.91520000,128894981.80000000,MATICUSDT
2023-01-13,0.91520000,0.93940000,0.89550000,0.93040000,72814357.70000000,MATICUSDT
2023-01-14,0.93050000,1.05510000,0.92920000,0.99810000,185014275.60000000,MATICUSDT
2023-01-15,0.99780000,1.00300000,0.95400000,0.98310000,69071343.00000000,MATICUSDT
2023-01-16,0.98310000,1.04770000,0.96660000,1.01950000,134817061.50000000,MATICUSDT
2023-01-17,1.01950000,1.03840000,0.99120000,0.99410000,71496887.30000000,MATICUSDT
2023-01-18,0.99410000,1.01980000,0.92500000,0.93800000,100446124.10000000,MATICUSDT
2023-01-19,0.93800000,0.95700000,0.91670000,0.95280000,59956833.00000000,MATICUSDT
2023-01-20,0.95290000,1.02780000,0.93720000,1.02600000,73706577.50000000,MATICUSDT
2023-01-21,1.02590000,1.04090000,0.98600000,0.98970000,96255117.80000000,MATICUSDT
2023-01-22,0.98980000,1.03130000,0.97500000,0.99390000,80600603.10000000,MATICUSDT
2023-01-23,0.99400000,1.01400000,0.96920000,0.99360000,72198083.50000000,MATICUSDT
2023-01-24,0.99360000,1.04220000,0.94010000,0.95550000,90862812.80000000,MATICUSDT
2023-01-25,0.95550000,1.01850000,0.93180000,0.99200000,87320934.80000000,MATICUSDT
2023-01-26,0.99220000,1.12800000,0.98620000,1.12400000,154935443.10000000,MATICUSDT
2023-01-27,1.12400000,1.19000000,1.06220000,1.15880000,161355791.90000000,MATICUSDT
2023-01-28,1.15830000,1.16940000,1.09100000,1.14420000,104492642.80000000,MATICUSDT
2023-01-29,1.14420000,1.20000000,1.12840000,1.17800000,103374340.40000000,MATICUSDT
2023-01-30,1.17820000,1.18000000,1.06500000,1.08750000,105616115.30000000,MATICUSDT
2023-01-31,1.08740000,1.12320000,1.07740000,1.10940000,63558466.30000000,MATICUSDT
2023-02-01,1.10950000,1.20560000,1.06770000,1.19370000,104083715.10000000,MATICUSDT
2023-02-02,1.19370000,1.25710000,1.17450000,1.18100000,133565522.10000000,MATICUSDT
2023-02-03,1.18130000,1.25380000,1.16620000,1.24600000,111965351.40000000,MATICUSDT
2023-02-04,1.24580000,1.28410000,1.21550000,1.25450000,78517005.30000000,MATICUSDT
2023-02-05,1.25450000,1.25990000,1.18360000,1.20280000,85406278.80000000,MATICUSDT
2023-02-06,1.20280000,1.23780000,1.17260000,1.19100000,59505122.90000000,MATICUSDT
2023-02-07,1.19120000,1.27170000,1.18770000,1.26990000,78250257.80000000,MATICUSDT
2023-02-08,1.26980000,1.35220000,1.25440000,1.30620000,131414783.70000000,MATICUSDT
2023-02-09,1.30630000,1.34900000,1.20150000,1.22970000,175003437.30000000,MATICUSDT
2023-02-10,1.22950000,1.31360000,1.21060000,1.22980000,146245466.10000000,MATICUSDT
2023-02-11,1.22970000,1.25760000,1.21300000,1.24930000,67441924.30000000,MATICUSDT
2023-02-12,1.24930000,1.30320000,1.22110000,1.23600000,78834152.50000000,MATICUSDT
2023-02-13,1.23600000,1.24380000,1.13650000,1.18510000,119907523.00000000,MATICUSDT
2023-02-14,1.18490000,1.26020000,1.15600000,1.25790000,123684987.30000000,MATICUSDT
2023-02-15,1.25800000,1.33300000,1.23250000,1.32830000,87915959.80000000,MATICUSDT
2023-02-16,1.32820000,1.46690000,1.31910000,1.37110000,182353199.10000000,MATICUSDT
2023-02-17,1.37120000,1.54960000,1.36930000,1.52390000,183569259.10000000,MATICUSDT
2023-02-18,1.52380000,1.56810000,1.47340000,1.48470000,96263833.50000000,MATICUSDT
2023-02-19,1.48480000,1.53630000,1.46130000,1.47850000,100615653.50000000,MATICUSDT
2023-02-20,1.47850000,1.50730000,1.43110000,1.47530000,86154559.20000000,MATICUSDT
2023-02-21,1.47530000,1.50240000,1.36210000,1.38670000,114835224.20000000,MATICUSDT
2023-02-22,1.38660000,1.40180000,1.31950000,1.39560000,109389336.30000000,MATICUSDT
2023-02-23,1.39590000,1.41880000,1.33310000,1.35330000,76204290.90000000,MATICUSDT
2023-02-24,1.35340000,1.36370000,1.24350000,1.26500000,96442453.80000000,MATICUSDT
2023-02-25,1.26490000,1.27830000,1.19390000,1.24700000,73023179.50000000,MATICUSDT
2023-02-26,1.24690000,1.30000000,1.23730000,1.28170000,60693640.50000000,MATICUSDT
2023-02-27,1.28170000,1.28740000,1.21350000,1.23450000,91008779.10000000,MATICUSDT
2023-02-28,1.23460000,1.24400000,1.18030000,1.19640000,85501607.80000000,MATICUSDT
2023-03-01,1.19630000,1.26400000,1.19030000,1.24890000,73272414.30000000,MATICUSDT
2023-03-02,1.24890000,1.25380000,1.19170000,1.22740000,56731954.30000000,MATICUSDT
2023-03-03,1.22730000,1.22860000,1.12240000,1.16900000,101223835.40000000,MATICUSDT
2023-03-04,1.16890000,1.17710000,1.09200000,1.12770000,54449243.50000000,MATICUSDT
2023-03-05,1.12770000,1.15980000,1.11800000,1.13600000,50311053.70000000,MATICUSDT
2023-03-06,1.13600000,1.14740000,1.11440000,1.13090000,47628646.60000000,MATICUSDT
2023-03-07,1.13100000,1.16900000,1.11200000,1.15010000,83913518.00000000,MATICUSDT
2023-03-08,1.15020000,1.15760000,1.03850000,1.05070000,99004188.90000000,MATICUSDT
2023-03-09,1.05070000,1.09430000,0.97000000,1.01720000,134098922.30000000,MATICUSDT
2023-03-10,1.01720000,1.06900000,0.94260000,1.05750000,158147999.30000000,MATICUSDT
2023-03-11,1.05760000,1.08780000,0.98660000,1.05630000,128442596.10000000,MATICUSDT
2023-03-12,1.05630000,1.15400000,1.03800000,1.14910000,130111687.80000000,MATICUSDT
2023-03-13,1.14920000,1.19950000,1.09160000,1.19290000,161189815.40000000,MATICUSDT
2023-03-14,1.19280000,1.24430000,1.14150000,1.19620000,167054860.50000000,MATICUSDT
2023-03-15,1.19600000,1.22800000,1.07480000,1.11150000,139105773.60000000,MATICUSDT
2023-03-16,1.11180000,1.15680000,1.09710000,1.14780000,92359555.30000000,MATICUSDT
2023-03-17,1.14780000,1.22830000,1.13480000,1.22250000,97688607.80000000,MATICUSDT
2023-03-18,1.22250000,1.24990000,1.16410000,1.17040000,98060311.70000000,MATICUSDT
2023-03-19,1.17040000,1.21750000,1.15630000,1.16620000,74870824.90000000,MATICUSDT
2023-03-20,1.16630000,1.17170000,1.09720000,1.10270000,137013592.30000000,MATICUSDT
2023-03-21,1.10270000,1.16960000,1.07880000,1.15260000,106479343.20000000,MATICUSDT
2023-03-22,1.15280000,1.16000000,1.08600000,1.10770000,105165344.90000000,MATICUSDT
2023-03-23,1.10780000,1.15790000,1.09910000,1.13600000,72673660.70000000,MATICUSDT
2023-03-24,1.13610000,1.14800000,1.06320000,1.09680000,86209117.20000000,MATICUSDT
2023-03-25,1.09690000,1.11290000,1.06190000,1.07860000,57706854.30000000,MATICUSDT
2023-03-26,1.07860000,1.11960000,1.07250000,1.10400000,47511889.40000000,MATICUSDT
2023-03-27,1.10390000,1.10860000,1.02550000,1.04550000,82884293.30000000,MATICUSDT
2023-03-28,1.04540000,1.10560000,1.03270000,1.08600000,65145868.60000000,MATICUSDT
2023-03-29,1.08590000,1.14640000,1.08420000,1.12230000,73571360.40000000,MATICUSDT
2023-03-30,1.12220000,1.14250000,1.07900000,1.09300000,69415954.40000000,MATICUSDT
2023-03-31,1.09300000,1.12350000,1.07320000,1.11760000,56752022.70000000,MATICUSDT
2023-04-01,1.11760000,1.12840000,1.09710000,1.11200000,33675594.50000000,MATICUSDT
2023-04-02,1.11200000,1.12200000,1.08090000,1.09530000,32275091.50000000,MATICUSDT
2023-04-03,1.09530000,1.11920000,1.06870000,1.09690000,65527596.10000000,MATICUSDT
2023-04-04,1.09690000,1.15500000,1.09220000,1.13880000,62782815.30000000,MATICUSDT
2023-04-05,1.13870000,1.16930000,1.12120000,1.14030000,55452938.50000000,MATICUSDT
2023-04-06,1.14020000,1.14170000,1.10680000,1.11480000,34323644.40000000,MATICUSDT
2023-04-07,1.11470000,1.12020000,1.09570000,1.10690000,29905601.10000000,MATICUSDT
2023-04-08,1.10690000,1.11760000,1.09950000,1.10200000,18119817.90000000,MATICUSDT
2023-04-09,1.10190000,1.10990000,1.08340000,1.10080000,29136430.20000000,MATICUSDT
2023-04-10,1.10080000,1.12410000,1.08640000,1.12070000,36381653.10000000,MATICUSDT
2023-04-11,1.12080000,1.13140000,1.10860000,1.11200000,41221811.90000000,MATICUSDT
2023-04-12,1.11210000,1.11700000,1.08090000,1.10370000,49608152.80000000,MATICUSDT
2023-04-13,1.10370000,1.13900000,1.09590000,1.13340000,47157902.60000000,MATICUSDT
2023-04-14,1.13350000,1.19000000,1.13330000,1.15990000,103734364.40000000,MATICUSDT
2023-04-15,1.15980000,1.18470000,1.14260000,1.17020000,56850756.60000000,MATICUSDT
2023-04-16,1.17030000,1.18850000,1.15050000,1.18280000,39211719.30000000,MATICUSDT
2023-04-17,1.18290000,1.18450000,1.14620000,1.15290000,57261192.60000000,MATICUSDT
2023-04-18,1.15300000,1.18400000,1.14220000,1.17180000,50427246.30000000,MATICUSDT
2023-04-19,1.17180000,1.17760000,1.05500000,1.08430000,87360572.00000000,MATICUSDT
2023-04-20,1.08400000,1.09830000,1.03690000,1.04580000,76321479.20000000,MATICUSDT
2023-04-21,1.04580000,1.05750000,1.00000000,1.01150000,59168608.70000000,MATICUSDT
2023-04-22,1.01160000,1.02840000,1.00550000,1.02450000,31886638.10000000,MATICUSDT
2023-04-23,1.02480000,1.03250000,0.97850000,1.00370000,46620740.20000000,MATICUSDT
2023-04-24,1.00370000,1.02490000,0.97260000,0.98890000,60968224.40000000,MATICUSDT
2023-04-25,0.98900000,1.01680000,0.94950000,1.00430000,68309773.10000000,MATICUSDT
2023-04-26,1.00440000,1.05950000,0.94350000,0.98590000,112722354.70000000,MATICUSDT
2023-04-27,0.98580000,1.03100000,0.97870000,1.01220000,78910649.10000000,MATICUSDT
2023-04-28,1.01220000,1.01610000,0.97970000,0.99840000,51748452.10000000,MATICUSDT
2023-04-29,0.99830000,1.02330000,0.99220000,1.00320000,36255695.00000000,MATICUSDT
2023-04-30,1.00320000,1.01590000,0.97420000,0.98070000,43418304.30000000,MATICUSDT
2023-05-01,0.98070000,0.98810000,0.94500000,0.95940000,50236668.50000000,MATICUSDT
2023-05-02,0.95920000,0.98070000,0.95170000,0.97680000,40560596.10000000,MATICUSDT
2023-05-03,0.97680000,1.01790000,0.96250000,1.00590000,70885685.70000000,MATICUSDT
2023-05-04,1.00590000,1.00800000,0.97880000,0.98260000,36523489.40000000,MATICUSDT
2023-05-05,0.98260000,1.00850000,0.97500000,0.99790000,44738112.90000000,MATICUSDT
2023-05-06,0.99780000,1.00500000,0.95000000,0.97530000,51505951.90000000,MATICUSDT
2023-05-07,0.97530000,0.98520000,0.96070000,0.96360000,32707806.10000000,MATICUSDT
2023-05-08,0.96330000,0.96720000,0.87500000,0.90050000,80695793.60000000,MATICUSDT
2023-05-09,0.90050000,0.90760000,0.86660000,0.87630000,63629210.30000000,MATICUSDT
2023-05-10,0.87630000,0.90460000,0.83350000,0.87640000,80206751.60000000,MATICUSDT
2023-05-11,0.87640000,0.87700000,0.82860000,0.84090000,59096376.40000000,MATICUSDT
2023-05-12,0.84090000,0.87400000,0.81770000,0.86480000,82246344.90000000,MATICUSDT
2023-05-13,0.86480000,0.86640000,0.84740000,0.84870000,36767487.20000000,MATICUSDT
2023-05-14,0.84870000,0.86910000,0.83920000,0.85930000,29610706.30000000,MATICUSDT
2023-05-15,0.85910000,0.87780000,0.84650000,0.85920000,37803653.20000000,MATICUSDT
2023-05-16,0.85910000,0.86520000,0.83450000,0.84550000,46773426.10000000,MATICUSDT
2023-05-17,0.84550000,0.90170000,0.83990000,0.88680000,70737812.20000000,MATICUSDT
2023-05-18,0.88680000,0.89400000,0.84210000,0.87220000,64684528.20000000,MATICUSDT
2023-05-19,0.87220000,0.88090000,0.86290000,0.87160000,40340967.60000000,MATICUSDT
2023-05-20,0.87160000,0.87940000,0.86400000,0.87680000,23244447.50000000,MATICUSDT
2023-05-21,0.87680000,0.88000000,0.85280000,0.85650000,22006913.90000000,MATICUSDT
2023-05-22,0.85660000,0.87650000,0.84380000,0.87180000,35669947.80000000,MATICUSDT
2023-05-23,0.87180000,0.89350000,0.86920000,0.88930000,38948769.90000000,MATICUSDT
2023-05-24,0.88930000,0.89060000,0.85510000,0.87300000,49021661.20000000,MATICUSDT
2023-05-25,0.87310000,0.90130000,0.85440000,0.88900000,60386476.80000000,MATICUSDT
2023-05-26,0.88910000,0.97130000,0.88740000,0.91070000,101620588.70000000,MATICUSDT
2023-05-27,0.91060000,0.92570000,0.90670000,0.92030000,27898128.70000000,MATICUSDT
2023-05-28,0.92020000,0.95530000,0.91760000,0.94060000,37512694.80000000,MATICUSDT
2023-05-29,0.94070000,0.95000000,0.90360000,0.90840000,53855298.00000000,MATICUSDT
2023-05-30,0.90830000,0.91590000,0.88330000,0.90110000,58951166.00000000,MATICUSDT
2023-05-31,0.90090000,0.90540000,0.87860000,0.89210000,35748529.20000000,MATICUSDT
2023-06-01,0.89200000,0.89970000,0.87630000,0.88890000,30287189.10000000,MATICUSDT
2023-06-02,0.88900000,0.90890000,0.88160000,0.89940000,31846938.80000000,MATICUSDT
2023-06-03,0.89940000,0.90660000,0.89240000,0.89950000,17283126.80000000,MATICUSDT
2023-06-04,0.89960000,0.90720000,0.88970000,0.89240000,22627518.80000000,MATICUSDT
2023-06-05,0.89230000,0.89270000,0.82450000,0.83540000,64307973.80000000,MATICUSDT
2023-06-06,0.83550000,0.83670000,0.78960000,0.82260000,89918988.80000000,MATICUSDT
2023-06-07,0.82260000,0.82410000,0.76030000,0.76510000,79826685.00000000,MATICUSDT
2023-06-08,0.76520000,0.78560000,0.75500000,0.78130000,44660286.10000000,MATICUSDT
2023-06-09,0.78120000,0.78930000,0.72010000,0.72610000,95190171.30000000,MATICUSDT
2023-06-10,0.72610000,0.72630000,0.50890000,0.60920000,363863030.60000000,MATICUSDT
2023-06-11,0.60910000,0.66000000,0.59090000,0.63480000,156063187.30000000,MATICUSDT
2023-06-12,0.63490000,0.65670000,0.61580000,0.64320000,114944938.70000000,MATICUSDT
2023-06-13,0.64320000,0.67790000,0.62420000,0.64510000,109782265.60000000,MATICUSDT
2023-06-14,0.64490000,0.66210000,0.60750000,0.61930000,82033029.10000000,MATICUSDT
2023-06-15,0.61930000,0.62710000,0.55950000,0.59070000,191591607.40000000,MATICUSDT
2023-06-16,0.59080000,0.59980000,0.55780000,0.59030000,154169874.20000000,MATICUSDT
2023-06-17,0.59040000,0.63550000,0.58500000,0.61350000,110877305.00000000,MATICUSDT
2023-06-18,0.61350000,0.61950000,0.59350000,0.59710000,62173323.90000000,MATICUSDT
2023-06-19,0.59710000,0.62400000,0.59030000,0.61470000,60302670.90000000,MATICUSDT
2023-06-20,0.61480000,0.63300000,0.59170000,0.63140000,68435890.60000000,MATICUSDT
2023-06-21,0.63140000,0.67750000,0.62740000,0.66830000,118557715.00000000,MATICUSDT
2023-06-22,0.66820000,0.71080000,0.65310000,0.65580000,113751537.20000000,MATICUSDT
2023-06-23,0.65570000,0.69750000,0.65520000,0.67580000,88045879.10000000,MATICUSDT
2023-06-24,0.67580000,0.68880000,0.64370000,0.65410000,64981458.00000000,MATICUSDT
2023-06-25,0.65420000,0.67990000,0.64830000,0.66630000,63458535.70000000,MATICUSDT
2023-06-26,0.66640000,0.67110000,0.63600000,0.64560000,64736820.80000000,MATICUSDT
2023-06-27,0.64550000,0.67230000,0.64250000,0.66210000,57801362.80000000,MATICUSDT
2023-06-28,0.66210000,0.66300000,0.60000000,0.61310000,96981095.20000000,MATICUSDT
2023-06-29,0.61310000,0.64400000,0.61080000,0.62390000,56212251.90000000,MATICUSDT
2023-06-30,0.62400000,0.67000000,0.60840000,0.66140000,133986604.50000000,MATICUSDT
2023-07-01,0.66150000,0.67730000,0.64840000,0.67680000,48995556.30000000,MATICUSDT
2023-07-02,0.67680000,0.68900000,0.66070000,0.68190000,48644922.70000000,MATICUSDT
2023-07-03,0.68180000,0.72050000,0.67810000,0.71480000,76760755.20000000,MATICUSDT
2023-07-04,0.71470000,0.71890000,0.69040000,0.69580000,55330155.20000000,MATICUSDT
2023-07-05,0.69560000,0.70570000,0.66010000,0.67060000,62689869.70000000,MATICUSDT
2023-07-06,0.67060000,0.70030000,0.64720000,0.66040000,97144803.70000000,MATICUSDT
2023-07-07,0.66040000,0.68050000,0.65210000,0.67650000,52918366.60000000,MATICUSDT
2023-07-08,0.67650000,0.68680000,0.67070000,0.67970000,38187226.00000000,MATICUSDT
2023-07-09,0.67980000,0.70100000,0.67800000,0.68840000,51664875.60000000,MATICUSDT
2023-07-10,0.68840000,0.74890000,0.67100000,0.73510000,132699133.70000000,MATICUSDT
2023-07-11,0.73510000,0.74970000,0.73190000,0.74270000,75472592.40000000,MATICUSDT
2023-07-12,0.74260000,0.75980000,0.71510000,0.72340000,67772831.90000000,MATICUSDT
2023-07-13,0.72340000,0.89160000,0.71250000,0.85020000,236690682.60000000,MATICUSDT
2023-07-14,0.85030000,0.88000000,0.77770000,0.80770000,130675279.50000000,MATICUSDT
2023-07-15,0.80760000,0.82570000,0.79450000,0.79970000,44281166.30000000,MATICUSDT
2023-07-16,0.79970000,0.80280000,0.76340000,0.76760000,47927052.00000000,MATICUSDT
2023-07-17,0.76750000,0.78990000,0.75050000,0.77750000,74862110.00000000,MATICUSDT
2023-07-18,0.77750000,0.78400000,0.73030000,0.73830000,85709755.50000000,MATICUSDT
2023-07-19,0.73830000,0.75750000,0.72800000,0.74360000,65863803.70000000,MATICUSDT
2023-07-20,0.74370000,0.80200000,0.74220000,0.76800000,95828528.80000000,MATICUSDT
2023-07-21,0.76790000,0.78220000,0.75800000,0.76930000,44630628.50000000,MATICUSDT
2023-07-22,0.76920000,0.77580000,0.74000000,0.74610000,34001635.60000000,MATICUSDT
2023-07-23,0.74610000,0.76810000,0.73880000,0.75700000,28133080.20000000,MATICUSDT
2023-07-24,0.75700000,0.76200000,0.71110000,0.72800000,61362447.40000000,MATICUSDT
2023-07-25,0.72810000,0.72930000,0.70190000,0.70800000,45690199.30000000,MATICUSDT
2023-07-26,0.70800000,0.73120000,0.69600000,0.72230000,74266049.50000000,MATICUSDT
2023-07-27,0.72230000,0.73640000,0.71170000,0.71710000,36405510.10000000,MATICUSDT
2023-07-28,0.71700000,0.72160000,0.70470000,0.70910000,31125508.20000000,MATICUSDT
2023-07-29,0.70920000,0.72480000,0.70740000,0.71850000,21235396.20000000,MATICUSDT
2023-07-30,0.71840000,0.71950000,0.68020000,0.69740000,42598609.50000000,MATICUSDT
2023-07-31,0.69740000,0.70810000,0.68050000,0.68770000,39794866.20000000,MATICUSDT
2023-08-01,0.68770000,0.70420000,0.66150000,0.70210000,69819569.50000000,MATICUSDT
2023-08-02,0.70210000,0.70350000,0.67500000,0.68040000,47743636.10000000,MATICUSDT
2023-08-03,0.68030000,0.68520000,0.66210000,0.66770000,44048602.60000000,MATICUSDT
2023-08-04,0.66760000,0.67820000,0.65800000,0.66430000,34070063.80000000,MATICUSDT
2023-08-05,0.66420000,0.66900000,0.65770000,0.66740000,24711042.30000000,MATICUSDT
2023-08-06,0.66740000,0.67620000,0.66290000,0.66730000,29006693.30000000,MATICUSDT
2023-08-07,0.66730000,0.68430000,0.64750000,0.66650000,57071535.80000000,MATICUSDT
2023-08-08,0.66640000,0.69840000,0.66220000,0.68540000,70788928.90000000,MATICUSDT
2023-08-09,0.68550000,0.69980000,0.68050000,0.69020000,47136686.10000000,MATICUSDT
2023-08-10,0.69020000,0.70280000,0.68370000,0.68540000,47601541.10000000,MATICUSDT
2023-08-11,0.68550000,0.69800000,0.67490000,0.68110000,31381430.80000000,MATICUSDT
2023-08-12,0.68110000,0.68390000,0.67710000,0.68220000,16962130.50000000,MATICUSDT
2023-08-13,0.68230000,0.69140000,0.67370000,0.67730000,26301984.10000000,MATICUSDT
2023-08-14,0.67720000,0.68570000,0.67150000,0.67960000,38491209.60000000,MATICUSDT
2023-08-15,0.67960000,0.67980000,0.62190000,0.63890000,76827425.50000000,MATICUSDT
2023-08-16,0.63890000,0.63900000,0.60420000,0.62380000,101523769.30000000,MATICUSDT
2023-08-17,0.62390000,0.62820000,0.53000000,0.57180000,134808455.50000000,MATICUSDT
2023-08-18,0.57170000,0.58480000,0.56250000,0.57760000,82485698.00000000,MATICUSDT
2023-08-19,0.57760000,0.58830000,0.57050000,0.57700000,38414413.00000000,MATICUSDT
2023-08-20,0.57700000,0.58160000,0.57020000,0.58010000,29197710.10000000,MATICUSDT
2023-08-21,0.58000000,0.58070000,0.54850000,0.55710000,57738931.80000000,MATICUSDT
2023-08-22,0.55700000,0.55830000,0.52890000,0.54890000,104382635.30000000,MATICUSDT
2023-08-23,0.54910000,0.57090000,0.54410000,0.55710000,78871098.80000000,MATICUSDT
2023-08-24,0.55720000,0.56040000,0.53720000,0.54710000,45921173.70000000,MATICUSDT
2023-08-25,0.54720000,0.55630000,0.53520000,0.54630000,65372845.90000000,MATICUSDT
2023-08-26,0.54640000,0.54900000,0.54390000,0.54840000,17575139.10000000,MATICUSDT
2023-08-27,0.54850000,0.56930000,0.54510000,0.55590000,31257095.60000000,MATICUSDT
2023-08-28,0.55590000,0.56750000,0.54500000,0.56220000,59931681.70000000,MATICUSDT
2023-08-29,0.56210000,0.63720000,0.55180000,0.59360000,118577346.30000000,MATICUSDT
2023-08-30,0.59360000,0.59490000,0.56680000,0.57500000,48279318.90000000,MATICUSDT
2023-08-31,0.57480000,0.58840000,0.54260000,0.54960000,71197984.70000000,MATICUSDT
2023-09-01,0.54960000,0.55380000,0.53130000,0.54050000,46988167.30000000,MATICUSDT
2023-09-02,0.54040000,0.54740000,0.53580000,0.54090000,21357037.90000000,MATICUSDT
2023-09-03,0.54100000,0.54630000,0.53710000,0.54220000,21188710.50000000,MATICUSDT
2023-09-04,0.54220000,0.55510000,0.54000000,0.55450000,53204948.40000000,MATICUSDT
2023-09-05,0.55450000,0.56730000,0.55000000,0.55850000,59573035.60000000,MATICUSDT
2023-09-06,0.55850000,0.56980000,0.54240000,0.55860000,65483129.50000000,MATICUSDT
2023-09-07,0.55860000,0.56570000,0.55000000,0.55530000,39451427.60000000,MATICUSDT
2023-09-08,0.55530000,0.55890000,0.53310000,0.54390000,50029285.80000000,MATICUSDT
2023-09-09,0.54390000,0.54390000,0.53910000,0.53950000,12271911.50000000,MATICUSDT
2023-09-10,0.53960000,0.53960000,0.51290000,0.52330000,52093750.50000000,MATICUSDT
2023-09-11,0.52330000,0.52460000,0.49240000,0.50350000,65958216.20000000,MATICUSDT
2023-09-12,0.50350000,0.51910000,0.50000000,0.50650000,58488643.60000000,MATICUSDT
2023-09-13,0.50640000,0.52370000,0.50510000,0.51340000,47378918.40000000,MATICUSDT
2023-09-14,0.51340000,0.52800000,0.51330000,0.52230000,45265115.30000000,MATICUSDT
2023-09-15,0.52230000,0.53480000,0.51500000,0.53000000,40435261.40000000,MATICUSDT
2023-09-16,0.53000000,0.53600000,0.52400000,0.52850000,27645721.00000000,MATICUSDT
2023-09-17,0.52840000,0.52860000,0.51230000,0.51720000,29122722.40000000,MATICUSDT
2023-09-18,0.51740000,0.53520000,0.51110000,0.52630000,51504482.50000000,MATICUSDT
2023-09-19,0.52610000,0.54610000,0.52440000,0.54480000,43719395.00000000,MATICUSDT
2023-09-20,0.54480000,0.54960000,0.53470000,0.54090000,41034410.60000000,MATICUSDT
2023-09-21,0.54090000,0.54370000,0.51810000,0.51960000,47572278.80000000,MATICUSDT
2023-09-22,0.51950000,0.52460000,0.51470000,0.52110000,25713656.30000000,MATICUSDT
2023-09-23,0.52110000,0.52370000,0.51880000,0.52070000,13288532.50000000,MATICUSDT
2023-09-24,0.52070000,0.52650000,0.51060000,0.51360000,21085997.30000000,MATICUSDT
2023-09-25,0.51360000,0.52030000,0.50620000,0.51960000,30770135.50000000,MATICUSDT
2023-09-26,0.51960000,0.52600000,0.50550000,0.50990000,26849903.40000000,MATICUSDT
2023-09-27,0.50990000,0.51670000,0.50060000,0.50370000,41328279.00000000,MATICUSDT
2023-09-28,0.50380000,0.52340000,0.50280000,0.51970000,44294898.50000000,MATICUSDT
2023-09-29,0.51980000,0.52780000,0.51630000,0.52580000,35440855.60000000,MATICUSDT
2023-09-30,0.52570000,0.53750000,0.52410000,0.53270000,39480594.70000000,MATICUSDT
2023-10-01,0.53260000,0.57800000,0.53230000,0.56910000,93972420.20000000,MATICUSDT
2023-10-02,0.56910000,0.57110000,0.54300000,0.54720000,63911330.40000000,MATICUSDT
2023-10-03,0.54720000,0.57900000,0.54660000,0.56660000,99348377.00000000,MATICUSDT
2023-10-04,0.56650000,0.59970000,0.54920000,0.56220000,131180395.60000000,MATICUSDT
2023-10-05,0.56220000,0.56670000,0.54410000,0.54490000,56709510.20000000,MATICUSDT
2023-10-06,0.54490000,0.57210000,0.54480000,0.56360000,53508111.40000000,MATICUSDT
2023-10-07,0.56360000,0.58180000,0.56260000,0.56380000,55588489.30000000,MATICUSDT
2023-10-08,0.56390000,0.56860000,0.55620000,0.56070000,36518810.10000000,MATICUSDT
2023-10-09,0.56080000,0.56080000,0.51910000,0.52930000,64016151.60000000,MATICUSDT
2023-10-10,0.52930000,0.53990000,0.51120000,0.51760000,61550256.10000000,MATICUSDT
2023-10-11,0.51760000,0.52290000,0.50660000,0.51450000,45375685.20000000,MATICUSDT
2023-10-12,0.51450000,0.51760000,0.50060000,0.50780000,37208661.00000000,MATICUSDT
2023-10-13,0.50780000,0.52470000,0.50680000,0.51480000,29202908.00000000,MATICUSDT
2023-10-14,0.51490000,0.52170000,0.51400000,0.51740000,15903606.00000000,MATICUSDT
2023-10-15,0.51750000,0.52060000,0.51280000,0.51530000,19314852.90000000,MATICUSDT
2023-10-16,0.51520000,0.54500000,0.51410000,0.53350000,77890494.30000000,MATICUSDT
2023-10-17,0.53340000,0.53450000,0.51530000,0.51930000,33429804.70000000,MATICUSDT
2023-10-18,0.51920000,0.52500000,0.50980000,0.51060000,28031301.50000000,MATICUSDT
2023-10-19,0.51060000,0.52020000,0.50250000,0.51720000,33663268.30000000,MATICUSDT
2023-10-20,0.51720000,0.54680000,0.51430000,0.53560000,58644821.10000000,MATICUSDT
2023-10-21,0.53570000,0.57690000,0.53320000,0.57260000,77085952.30000000,MATICUSDT
2023-10-22,0.57270000,0.61160000,0.55720000,0.60930000,105356535.10000000,MATICUSDT
2023-10-23,0.60920000,0.64990000,0.59940000,0.63690000,151650931.00000000,MATICUSDT
2023-10-24,0.63700000,0.66510000,0.61600000,0.62450000,159601944.10000000,MATICUSDT
2023-10-25,0.62450000,0.64900000,0.61410000,0.63050000,91638246.80000000,MATICUSDT
2023-10-26,0.63050000,0.65880000,0.61530000,0.63210000,78361003.70000000,MATICUSDT
2023-10-27,0.63220000,0.63290000,0.60080000,0.60860000,58109005.90000000,MATICUSDT
2023-10-28,0.60870000,0.62700000,0.60810000,0.62010000,30835763.90000000,MATICUSDT
2023-10-29,0.62000000,0.64280000,0.61160000,0.63870000,38618186.90000000,MATICUSDT
2023-10-30,0.63870000,0.65110000,0.62630000,0.64970000,66640555.80000000,MATICUSDT
2023-10-31,0.64970000,0.65710000,0.61870000,0.63620000,73540493.20000000,MATICUSDT
2023-11-01,0.63620000,0.66970000,0.61670000,0.66970000,94379580.20000000,MATICUSDT
2023-11-02,0.66970000,0.68940000,0.64330000,0.66010000,89298824.50000000,MATICUSDT
2023-11-03,0.66040000,0.67340000,0.64210000,0.67180000,53510888.90000000,MATICUSDT
2023-11-04,0.67180000,0.68200000,0.66120000,0.67700000,31242528.00000000,MATICUSDT
2023-11-05,0.67690000,0.69890000,0.67280000,0.69180000,54258132.00000000,MATICUSDT
2023-11-06,0.69170000,0.73650000,0.68920000,0.73620000,65758590.00000000,MATICUSDT
2023-11-07,0.73620000,0.74740000,0.69480000,0.74030000,93162353.20000000,MATICUSDT
2023-11-08,0.74030000,0.80980000,0.73420000,0.78740000,127034926.50000000,MATICUSDT
2023-11-09,0.78730000,0.86200000,0.76520000,0.85460000,183091314.50000000,MATICUSDT
2023-11-10,0.85460000,0.87130000,0.81230000,0.84270000,109558090.50000000,MATICUSDT
2023-11-11,0.84260000,0.84540000,0.79450000,0.80330000,119945432.30000000,MATICUSDT
2023-11-12,0.80330000,0.92770000,0.77190000,0.89710000,206649137.60000000,MATICUSDT
2023-11-13,0.89710000,0.95500000,0.85280000,0.88210000,210694309.40000000,MATICUSDT
2023-11-14,0.88210000,0.98310000,0.84160000,0.91760000,318415040.90000000,MATICUSDT
2023-11-15,0.91750000,0.96190000,0.88540000,0.91910000,227756275.90000000,MATICUSDT
2023-11-16,0.91910000,0.94410000,0.83220000,0.84500000,237396216.90000000,MATICUSDT
2023-11-17,0.84490000,0.87380000,0.78630000,0.83050000,167396364.00000000,MATICUSDT
2023-11-18,0.83050000,0.83220000,0.77640000,0.83190000,112710441.70000000,MATICUSDT
2023-11-19,0.83190000,0.85670000,0.81120000,0.85220000,98645160.30000000,MATICUSDT
2023-11-20,0.85250000,0.86720000,0.80530000,0.81030000,110351942.30000000,MATICUSDT
2023-11-21,0.81030000,0.82030000,0.72060000,0.72800000,193385678.50000000,MATICUSDT
2023-11-22,0.72790000,0.78590000,0.72600000,0.77260000,125337168.60000000,MATICUSDT
2023-11-23,0.77260000,0.78520000,0.76420000,0.77210000,64574736.40000000,MATICUSDT
2023-11-24,0.77220000,0.79730000,0.75250000,0.75950000,102620940.10000000,MATICUSDT
2023-11-25,0.75950000,0.77970000,0.75520000,0.77930000,84180102.40000000,MATICUSDT
2023-11-26,0.77930000,0.78620000,0.74180000,0.76220000,76493904.70000000,MATICUSDT
2023-11-27,0.76220000,0.76840000,0.72840000,0.74260000,74699257.20000000,MATICUSDT
2023-11-28,0.74260000,0.76400000,0.72710000,0.74860000,93585439.60000000,MATICUSDT
2023-11-29,0.74870000,0.77150000,0.74290000,0.75750000,72529151.80000000,MATICUSDT
2023-11-30,0.75740000,0.78160000,0.75130000,0.76270000,83055917.20000000,MATICUSDT
2023-12-01,0.76260000,0.80000000,0.75480000,0.79940000,84032929.30000000,MATICUSDT
2023-12-02,0.79930000,0.82680000,0.79630000,0.81520000,93384644.50000000,MATICUSDT
2023-12-03,0.81510000,0.82370000,0.79870000,0.81380000,80668444.20000000,MATICUSDT
2023-12-04,0.81380000,0.83790000,0.77640000,0.81050000,149616399.30000000,MATICUSDT
2023-12-05,0.81060000,0.82070000,0.78410000,0.81370000,96214371.60000000,MATICUSDT
2023-12-06,0.81370000,0.84810000,0.80060000,0.81970000,149307397.60000000,MATICUSDT
2023-12-07,0.81970000,0.85810000,0.81000000,0.84240000,125307001.40000000,MATICUSDT
2023-12-08,0.84230000,0.91080000,0.84180000,0.90580000,154612228.40000000,MATICUSDT
2023-12-09,0.90580000,0.94530000,0.87550000,0.88360000,183144157.10000000,MATICUSDT
2023-12-10,0.88380000,0.93130000,0.87810000,0.92320000,97804509.90000000,MATICUSDT
2023-12-11,0.92310000,0.94000000,0.81100000,0.84210000,201755860.20000000,MATICUSDT
2023-12-12,0.84200000,0.90160000,0.84010000,0.88610000,157218114.10000000,MATICUSDT
2023-12-13,0.88620000,0.89990000,0.82680000,0.88760000,149452484.70000000,MATICUSDT
2023-12-14,0.88760000,0.90280000,0.85860000,0.88420000,101593958.60000000,MATICUSDT
2023-12-15,0.88420000,0.88470000,0.83590000,0.83790000,68246544.70000000,MATICUSDT
2023-12-16,0.83800000,0.86670000,0.83020000,0.85130000,50093471.30000000,MATICUSDT
2023-12-17,0.85120000,0.85340000,0.81290000,0.81750000,45256931.30000000,MATICUSDT
2023-12-18,0.81750000,0.82590000,0.75550000,0.80110000,111818527.00000000,MATICUSDT
2023-12-19,0.80110000,0.82350000,0.75050000,0.76620000,107199768.40000000,MATICUSDT
2023-12-20,0.76630000,0.79790000,0.75360000,0.77590000,133348860.50000000,MATICUSDT
2023-12-21,0.77580000,0.81950000,0.76980000,0.81640000,125599198.50000000,MATICUSDT
2023-12-22,0.81640000,0.87740000,0.81200000,0.87730000,178974846.10000000,MATICUSDT
2023-12-23,0.87740000,0.88170000,0.82730000,0.85770000,95748478.60000000,MATICUSDT
2023-12-24,0.85760000,0.89000000,0.83070000,0.84740000,163945264.10000000,MATICUSDT
2023-12-25,0.84740000,0.92130000,0.83540000,0.91170000,156671024.80000000,MATICUSDT
2023-12-26,0.91180000,1.03030000,0.85890000,1.01910000,405110669.50000000,MATICUSDT
2023-12-27,1.01900000,1.09300000,0.98470000,1.03680000,388820801.40000000,MATICUSDT
2023-12-28,1.03690000,1.06970000,0.98350000,1.00210000,226243754.20000000,MATICUSDT
2023-12-29,1.00210000,1.01870000,0.94000000,0.97330000,165887784.60000000,MATICUSDT
2023-12-30,0.97330000,0.98860000,0.94100000,0.95090000,66818362.30000000,MATICUSDT
2023-12-31,0.95090000,1.01150000,0.94320000,0.97070000,102886345.40000000,MATICUSDT
2024-01-01,0.97080000,1.01900000,0.95560000,1.01570000,78051831.30000000,MATICUSDT
2024-01-02,1.01560000,1.03330000,0.96160000,0.96910000,108879456.50000000,MATICUSDT
2024-01-03,0.96900000,0.98870000,0.73800000,0.85390000,243619558.70000000,MATICUSDT
2024-01-04,0.85390000,0.89200000,0.83720000,0.88300000,110499881.00000000,MATICUSDT
2024-01-05,0.88300000,0.88700000,0.81600000,0.85250000,102615312.10000000,MATICUSDT
2024-01-06,0.85250000,0.85340000,0.79580000,0.82810000,72391482.50000000,MATICUSDT
2024-01-07,0.82800000,0.84400000,0.79260000,0.80110000,64191572.50000000,MATICUSDT
2024-01-08,0.80110000,0.84350000,0.73620000,0.84160000,155436909.80000000,MATICUSDT
2024-01-09,0.84140000,0.84450000,0.78000000,0.80660000,132998421.30000000,MATICUSDT
2024-01-10,0.80650000,0.91270000,0.80230000,0.89920000,177956181.90000000,MATICUSDT
2024-01-11,0.89920000,0.95820000,0.88210000,0.92630000,196639003.40000000,MATICUSDT
2024-01-12,0.92640000,0.94530000,0.83460000,0.86350000,139337057.70000000,MATICUSDT
2024-01-13,0.86340000,0.88820000,0.84070000,0.88180000,55484241.90000000,MATICUSDT
2024-01-14,0.88170000,0.88330000,0.83640000,0.83740000,57260390.40000000,MATICUSDT
2024-01-15,0.83730000,0.86740000,0.83580000,0.84470000,59048773.90000000,MATICUSDT
2024-01-16,0.84470000,0.85860000,0.82800000,0.84500000,56439559.20000000,MATICUSDT
2024-01-17,0.84510000,0.85290000,0.80210000,0.81030000,110000599.30000000,MATICUSDT
2024-01-18,0.81030000,0.82090000,0.77160000,0.78610000,95561549.70000000,MATICUSDT
2024-01-19,0.78610000,0.79740000,0.74300000,0.76210000,140317686.10000000,MATICUSDT
2024-01-20,0.76220000,0.78800000,0.75100000,0.78710000,77484722.80000000,MATICUSDT
2024-01-21,0.78720000,0.80730000,0.78040000,0.78350000,55972411.50000000,MATICUSDT
2024-01-22,0.78340000,0.79170000,0.73150000,0.74730000,110386392.60000000,MATICUSDT
2024-01-23,0.74730000,0.76520000,0.69130000,0.72550000,126281447.90000000,MATICUSDT
2024-01-24,0.72540000,0.74660000,0.71590000,0.73900000,78275102.60000000,MATICUSDT
2024-01-25,0.73910000,0.73950000,0.71670000,0.73240000,45742694.60000000,MATICUSDT
2024-01-26,0.73250000,0.76280000,0.72700000,0.75900000,57081230.90000000,MATICUSDT
2024-01-27,0.75890000,0.78860000,0.75530000,0.78810000,45814112.20000000,MATICUSDT
2024-01-28,0.78810000,0.81030000,0.78110000,0.78900000,66964879.80000000,MATICUSDT
2024-01-29,0.78900000,0.81660000,0.77400000,0.81310000,67448892.20000000,MATICUSDT
2024-01-30,0.81300000,0.82230000,0.79560000,0.79930000,68652569.30000000,MATICUSDT
2024-01-31,0.79930000,0.83410000,0.77880000,0.78720000,110646738.50000000,MATICUSDT
2024-02-01,0.78730000,0.81710000,0.76540000,0.81130000,64474266.40000000,MATICUSDT
2024-02-02,0.81130000,0.82260000,0.79500000,0.79980000,46791466.50000000,MATICUSDT
2024-02-03,0.79980000,0.80620000,0.78030000,0.78490000,40262711.80000000,MATICUSDT
2024-02-04,0.78500000,0.78850000,0.77040000,0.77350000,34509685.60000000,MATICUSDT
2024-02-05,0.77350000,0.79510000,0.76250000,0.78040000,45336519.90000000,MATICUSDT
2024-02-06,0.78040000,0.81770000,0.77760000,0.80540000,54782144.40000000,MATICUSDT
2024-02-07,0.80540000,0.83800000,0.78720000,0.83430000,56298466.80000000,MATICUSDT
2024-02-08,0.83440000,0.84850000,0.82230000,0.83370000,70822542.20000000,MATICUSDT
2024-02-09,0.83370000,0.86000000,0.83140000,0.85260000,62975782.40000000,MATICUSDT
2024-02-10,0.85290000,0.86850000,0.83720000,0.84870000,55474525.30000000,MATICUSDT
2024-02-11,0.84880000,0.86510000,0.83110000,0.83550000,46475569.30000000,MATICUSDT
2024-02-12,0.83540000,0.88560000,0.81830000,0.87950000,79337733.50000000,MATICUSDT
2024-02-13,0.87950000,0.88490000,0.84320000,0.85380000,70604541.10000000,MATICUSDT
2024-02-14,0.85380000,0.89380000,0.84380000,0.88990000,72792404.80000000,MATICUSDT
2024-02-15,0.89000000,0.91020000,0.87130000,0.88960000,81947188.80000000,MATICUSDT
2024-02-16,0.88960000,0.95660000,0.88590000,0.95120000,142884236.40000000,MATICUSDT
2024-02-17,0.95130000,0.95870000,0.90410000,0.92810000,85408017.70000000,MATICUSDT
2024-02-18,0.92800000,1.00000000,0.91810000,0.99920000,88321719.80000000,MATICUSDT
2024-02-19,0.99930000,1.01120000,0.97430000,0.99690000,112857434.80000000,MATICUSDT
2024-02-20,0.99690000,1.03340000,0.94200000,1.02260000,152012317.70000000,MATICUSDT
2024-02-21,1.02260000,1.03590000,0.90730000,0.95110000,146855485.90000000,MATICUSDT
2024-02-22,0.95110000,1.06070000,0.92000000,0.99260000,186609855.00000000,MATICUSDT
2024-02-23,0.99270000,1.01020000,0.94230000,0.98670000,130535939.60000000,MATICUSDT
2024-02-24,0.98680000,1.03130000,0.97360000,0.99390000,80679556.00000000,MATICUSDT
2024-02-25,0.99400000,1.00430000,0.96350000,0.99870000,74141061.10000000,MATICUSDT
2024-02-26,0.99870000,1.07160000,0.97170000,1.05900000,177607916.10000000,MATICUSDT
2024-02-27,1.05900000,1.07870000,1.01490000,1.02840000,119214902.40000000,MATICUSDT
2024-02-28,1.02850000,1.06860000,0.95870000,1.00900000,193032459.40000000,MATICUSDT
2024-02-29,1.00900000,1.06250000,0.98000000,1.00140000,164616597.30000000,MATICUSDT
2024-03-01,1.00150000,1.04000000,1.00130000,1.02490000,92001982.10000000,MATICUSDT
2024-03-02,1.02480000,1.10000000,1.02330000,1.09460000,169830105.40000000,MATICUSDT
2024-03-03,1.09460000,1.11840000,1.03000000,1.08930000,154485868.70000000,MATICUSDT
2024-03-04,1.08940000,1.15000000,1.07970000,1.14450000,248913502.60000000,MATICUSDT
2024-03-05,1.14450000,1.14740000,0.92840000,1.03330000,344974807.60000000,MATICUSDT
2024-03-06,1.03320000,1.11860000,0.99390000,1.11820000,189694934.70000000,MATICUSDT
2024-03-07,1.11820000,1.17500000,1.09850000,1.16050000,153782943.50000000,MATICUSDT
2024-03-08,1.16060000,1.17730000,1.09560000,1.12540000,125698773.60000000,MATICUSDT
2024-03-09,1.12550000,1.15740000,1.11720000,1.15660000,82027551.90000000,MATICUSDT
2024-03-10,1.15660000,1.24940000,1.14310000,1.22830000,199163587.00000000,MATICUSDT
2024-03-11,1.22820000,1.24980000,1.16600000,1.24030000,159138254.60000000,MATICUSDT
2024-03-12,1.24040000,1.24640000,1.12180000,1.18180000,139776035.40000000,MATICUSDT
2024-03-13,1.18180000,1.29000000,1.17610000,1.27040000,166397222.20000000,MATICUSDT
2024-03-14,1.27040000,1.28480000,1.16210000,1.22210000,149535615.10000000,MATICUSDT
2024-03-15,1.22230000,1.23060000,1.06400000,1.14140000,182893763.80000000,MATICUSDT
2024-03-16,1.14160000,1.16850000,1.02350000,1.04240000,152915122.50000000,MATICUSDT
2024-03-17,1.04230000,1.09960000,1.00530000,1.08860000,114143759.40000000,MATICUSDT
2024-03-18,1.08860000,1.08990000,1.00880000,1.03040000,93788498.70000000,MATICUSDT
2024-03-19,1.03030000,1.03670000,0.90970000,0.93190000,183913203.10000000,MATICUSDT
2024-03-20,0.93180000,1.01770000,0.91020000,1.00810000,145626334.30000000,MATICUSDT
2024-03-21,1.00820000,1.01340000,0.97130000,0.99560000,85608187.60000000,MATICUSDT
2024-03-22,0.99560000,1.01880000,0.95040000,0.97320000,78649778.80000000,MATICUSDT
2024-03-23,0.97310000,1.00300000,0.95450000,0.97920000,56923498.30000000,MATICUSDT
2024-03-24,0.97920000,1.01510000,0.97500000,1.01160000,50465095.60000000,MATICUSDT
2024-03-25,1.01170000,1.06090000,1.00210000,1.04560000,78305526.30000000,MATICUSDT
2024-03-26,1.04560000,1.07750000,1.02000000,1.04600000,79224863.00000000,MATICUSDT
2024-03-27,1.04610000,1.08700000,1.00010000,1.00870000,121715630.20000000,MATICUSDT
2024-03-28,1.00870000,1.02610000,0.99590000,1.00210000,68899691.80000000,MATICUSDT
2024-03-29,1.00210000,1.00630000,0.97640000,0.99070000,59151973.50000000,MATICUSDT
2024-03-30,0.99070000,1.00400000,0.97510000,0.97950000,63231490.80000000,MATICUSDT
2024-03-31,0.97960000,1.00400000,0.97690000,1.00330000,31934439.20000000,MATICUSDT
2024-04-01,1.00340000,1.00760000,0.92600000,0.95080000,82372042.50000000,MATICUSDT
2024-04-02,0.95090000,0.95090000,0.88520000,0.90030000,82613281.90000000,MATICUSDT
2024-04-03,0.90040000,0.92330000,0.87380000,0.89500000,64770559.70000000,MATICUSDT
2024-04-04,0.89500000,0.92260000,0.87260000,0.90550000,52144080.90000000,MATICUSDT
2024-04-05,0.90550000,0.90910000,0.86000000,0.88390000,51831356.10000000,MATICUSDT
2024-04-06,0.88390000,0.90650000,0.88090000,0.89730000,37265198.60000000,MATICUSDT
2024-04-07,0.89710000,0.92500000,0.89380000,0.91140000,44548654.60000000,MATICUSDT
2024-04-08,0.91130000,0.94890000,0.89000000,0.94730000,66758841.50000000,MATICUSDT
2024-04-09,0.94740000,0.95020000,0.89350000,0.89740000,72834676.00000000,MATICUSDT
2024-04-10,0.89740000,0.90280000,0.85180000,0.88730000,80006737.60000000,MATICUSDT
2024-04-11,0.88730000,0.89610000,0.86100000,0.87800000,55339192.00000000,MATICUSDT
2024-04-12,0.87800000,0.89420000,0.72310000,0.76540000,178317788.10000000,MATICUSDT
2024-04-13,0.76540000,0.77250000,0.58850000,0.65300000,292760089.20000000,MATICUSDT
2024-04-14,0.65300000,0.71850000,0.63080000,0.71050000,173332152.60000000,MATICUSDT
2024-04-15,0.71060000,0.75190000,0.68340000,0.70780000,115096828.00000000,MATICUSDT
2024-04-16,0.70780000,0.73050000,0.67260000,0.70300000,86660006.10000000,MATICUSDT
2024-04-17,0.70300000,0.71020000,0.65530000,0.66770000,83481634.10000000,MATICUSDT
2024-04-18,0.66770000,0.69150000,0.65000000,0.67570000,84282892.00000000,MATICUSDT
2024-04-19,0.67560000,0.69070000,0.61940000,0.67280000,124564347.60000000,MATICUSDT
2024-04-20,0.67270000,0.74040000,0.66350000,0.73820000,59584298.60000000,MATICUSDT
2024-04-21,0.73830000,0.74490000,0.70060000,0.71350000,53536758.20000000,MATICUSDT
2024-04-22,0.71360000,0.75000000,0.70880000,0.74220000,59432956.70000000,MATICUSDT
2024-04-23,0.74230000,0.74860000,0.72240000,0.72910000,44834911.10000000,MATICUSDT
2024-04-24,0.72910000,0.76750000,0.69790000,0.70520000,85567170.80000000,MATICUSDT
2024-04-25,0.70530000,0.72770000,0.69120000,0.72030000,67757524.20000000,MATICUSDT
2024-04-26,0.72030000,0.73190000,0.69950000,0.70320000,63996956.90000000,MATICUSDT
2024-04-27,0.70320000,0.73620000,0.68070000,0.73290000,66307365.90000000,MATICUSDT
2024-04-28,0.73290000,0.74960000,0.71840000,0.72130000,47262527.00000000,MATICUSDT
2024-04-29,0.72140000,0.73340000,0.68890000,0.70430000,67606800.80000000,MATICUSDT
2024-04-30,0.70430000,0.71320000,0.64670000,0.66730000,74374187.80000000,MATICUSDT
2024-05-01,0.66720000,0.69770000,0.63220000,0.69190000,98967315.40000000,MATICUSDT
2024-05-02,0.69190000,0.72650000,0.67300000,0.72050000,47230499.60000000,MATICUSDT
2024-05-03,0.72060000,0.74160000,0.71450000,0.73220000,42583547.00000000,MATICUSDT
2024-05-04,0.73220000,0.74210000,0.72380000,0.72930000,28944136.30000000,MATICUSDT
2024-05-05,0.72930000,0.74110000,0.71880000,0.73360000,29376382.60000000,MATICUSDT
2024-05-06,0.73370000,0.77780000,0.70930000,0.70990000,78724740.40000000,MATICUSDT
2024-05-07,0.70990000,0.71880000,0.68930000,0.69290000,56149399.10000000,MATICUSDT
2024-05-08,0.69290000,0.69530000,0.67230000,0.68100000,60057075.80000000,MATICUSDT
2024-05-09,0.68100000,0.69890000,0.67140000,0.69440000,37692106.10000000,MATICUSDT
2024-05-10,0.69440000,0.70190000,0.66410000,0.67210000,48911980.00000000,MATICUSDT
2024-05-11,0.67210000,0.68820000,0.67140000,0.67580000,30185133.30000000,MATICUSDT
2024-05-12,0.67590000,0.68430000,0.66800000,0.67070000,17529486.10000000,MATICUSDT
2024-05-13,0.67070000,0.68030000,0.64690000,0.66340000,56643796.20000000,MATICUSDT
2024-05-14,0.66340000,0.66730000,0.64800000,0.64970000,59505893.90000000,MATICUSDT
2024-05-15,0.64980000,0.68870000,0.64200000,0.68600000,54074138.20000000,MATICUSDT
2024-05-16,0.68600000,0.69930000,0.66660000,0.69420000,54729771.50000000,MATICUSDT
2024-05-17,0.69420000,0.72090000,0.69010000,0.71350000,42952722.50000000,MATICUSDT
2024-05-18,0.71360000,0.72200000,0.70740000,0.70910000,23730669.60000000,MATICUSDT
2024-05-19,0.70920000,0.71280000,0.67950000,0.68300000,32272444.00000000,MATICUSDT
2024-05-20,0.68300000,0.75650000,0.67500000,0.75060000,85181707.00000000,MATICUSDT
2024-05-21,0.75070000,0.75980000,0.71880000,0.72920000,90937733.10000000,MATICUSDT
2024-05-22,0.72920000,0.73350000,0.70220000,0.72320000,77897061.50000000,MATICUSDT
2024-05-23,0.72310000,0.75930000,0.69570000,0.74380000,140985314.70000000,MATICUSDT
2024-05-24,0.74370000,0.75640000,0.70400000,0.72360000,54159444.40000000,MATICUSDT
2024-05-25,0.72360000,0.73350000,0.72050000,0.72930000,26287438.50000000,MATICUSDT
2024-05-26,0.72930000,0.73310000,0.71160000,0.71600000,32302379.50000000,MATICUSDT
2024-05-27,0.71600000,0.75100000,0.71360000,0.74440000,56978548.60000000,MATICUSDT
2024-05-28,0.74440000,0.75020000,0.72230000,0.73220000,65640202.40000000,MATICUSDT
2024-05-29,0.73220000,0.74640000,0.71390000,0.71500000,83736056.50000000,MATICUSDT
2024-05-30,0.71490000,0.72290000,0.68790000,0.69650000,67011809.40000000,MATICUSDT
2024-05-31,0.69650000,0.70890000,0.68340000,0.69430000,54263411.90000000,MATICUSDT
2024-06-01,0.69420000,0.70330000,0.68150000,0.69900000,24142230.60000000,MATICUSDT
2024-06-02,0.69900000,0.70560000,0.68610000,0.68960000,30567441.70000000,MATICUSDT
2024-06-03,0.68970000,0.71290000,0.68260000,0.70460000,50499096.20000000,MATICUSDT
2024-06-04,0.70460000,0.71940000,0.69700000,0.71500000,37976015.50000000,MATICUSDT
2024-06-05,0.71500000,0.72650000,0.70780000,0.72490000,33023200.70000000,MATICUSDT
2024-06-06,0.72490000,0.74190000,0.71400000,0.72570000,51706322.30000000,MATICUSDT
2024-06-07,0.72570000,0.72850000,0.61580000,0.66700000,109395187.60000000,MATICUSDT
2024-06-08,0.66690000,0.66940000,0.64030000,0.64970000,38254278.70000000,MATICUSDT
2024-06-09,0.64970000,0.65680000,0.64430000,0.65520000,20278891.30000000,MATICUSDT
2024-06-10,0.65520000,0.66800000,0.63540000,0.64980000,42952316.40000000,MATICUSDT
2024-06-11,0.64980000,0.65200000,0.60900000,0.61760000,81637800.30000000,MATICUSDT
2024-06-12,0.61750000,0.65100000,0.60550000,0.64470000,69764320.50000000,MATICUSDT
2024-06-13,0.64460000,0.64600000,0.59990000,0.60480000,64035567.20000000,MATICUSDT
2024-06-14,0.60480000,0.61300000,0.57010000,0.59170000,75869717.20000000,MATICUSDT
2024-06-15,0.59170000,0.61840000,0.59120000,0.61720000,28210100.80000000,MATICUSDT
2024-06-16,0.61710000,0.62830000,0.60410000,0.61950000,38871470.40000000,MATICUSDT
2024-06-17,0.61950000,0.62080000,0.57430000,0.58430000,67821293.20000000,MATICUSDT
2024-06-18,0.58420000,0.58690000,0.51480000,0.55740000,145860893.50000000,MATICUSDT
2024-06-19,0.55730000,0.58170000,0.55410000,0.57690000,43824471.60000000,MATICUSDT
2024-06-20,0.57690000,0.59710000,0.56770000,0.57360000,46327874.80000000,MATICUSDT
2024-06-21,0.57360000,0.58280000,0.56610000,0.56870000,42717078.30000000,MATICUSDT
2024-06-22,0.56880000,0.57390000,0.56270000,0.57100000,20766778.50000000,MATICUSDT
2024-06-23,0.57100000,0.58490000,0.55600000,0.56150000,30500282.80000000,MATICUSDT
2024-06-24,0.56140000,0.56690000,0.53290000,0.56140000,80116497.10000000,MATICUSDT
2024-06-25,0.56140000,0.58000000,0.55800000,0.56740000,37670511.70000000,MATICUSDT
2024-06-26,0.56740000,0.57170000,0.54580000,0.55170000,38278694.60000000,MATICUSDT
2024-06-27,0.55180000,0.57130000,0.54350000,0.56700000,35587297.00000000,MATICUSDT
2024-06-28,0.56700000,0.57180000,0.55250000,0.55310000,37132393.70000000,MATICUSDT
2024-06-29,0.55310000,0.56340000,0.54700000,0.54800000,18181588.30000000,MATICUSDT
2024-06-30,0.54800000,0.56550000,0.54440000,0.56100000,28382563.40000000,MATICUSDT
2024-07-01,0.56110000,0.56960000,0.55350000,0.55780000,31731138.00000000,MATICUSDT
2024-07-02,0.55790000,0.57440000,0.55560000,0.57150000,29733593.60000000,MATICUSDT
2024-07-03,0.57160000,0.57400000,0.52620000,0.53110000,56467365.70000000,MATICUSDT
2024-07-04,0.53110000,0.53560000,0.49260000,0.49430000,89917768.90000000,MATICUSDT
2024-07-05,0.49440000,0.49490000,0.42810000,0.46780000,201677512.00000000,MATICUSDT
2024-07-06,0.46780000,0.50860000,0.46520000,0.50630000,41811705.30000000,MATICUSDT
2024-07-07,0.50620000,0.50620000,0.47500000,0.47780000,40925236.50000000,MATICUSDT
2024-07-08,0.47790000,0.51480000,0.46000000,0.50180000,90601152.60000000,MATICUSDT
2024-07-09,0.50190000,0.50870000,0.49340000,0.50090000,51767620.90000000,MATICUSDT
2024-07-10,0.50100000,0.51580000,0.49280000,0.51280000,41509428.40000000,MATICUSDT
2024-07-11,0.51290000,0.52480000,0.49640000,0.49800000,48765340.70000000,MATICUSDT
2024-07-12,0.49800000,0.50990000,0.49140000,0.50710000,34589918.30000000,MATICUSDT
2024-07-13,0.50720000,0.53620000,0.50510000,0.53110000,37055004.00000000,MATICUSDT
2024-07-14,0.53110000,0.53500000,0.51760000,0.53080000,32844757.40000000,MATICUSDT
2024-07-15,0.53080000,0.54960000,0.52890000,0.54860000,59246565.50000000,MATICUSDT
2024-07-16,0.54870000,0.55240000,0.51930000,0.54300000,76133902.60000000,MATICUSDT
2024-07-17,0.54300000,0.56100000,0.53930000,0.53950000,52939714.00000000,MATICUSDT
2024-07-18,0.53940000,0.55190000,0.51010000,0.51670000,89699585.30000000,MATICUSDT
2024-07-19,0.51670000,0.53450000,0.50600000,0.53320000,60603333.30000000,MATICUSDT
2024-07-20,0.53310000,0.54260000,0.52730000,0.54130000,35095414.80000000,MATICUSDT
2024-07-21,0.54130000,0.54940000,0.52150000,0.54830000,44021516.40000000,MATICUSDT
2024-07-22,0.54840000,0.55240000,0.52690000,0.53050000,42702028.80000000,MATICUSDT
2024-07-23,0.53050000,0.55810000,0.51910000,0.53270000,89175149.80000000,MATICUSDT
2024-07-24,0.53260000,0.54040000,0.51350000,0.51700000,39847244.80000000,MATICUSDT
2024-07-25,0.51700000,0.52010000,0.48130000,0.49730000,56721547.30000000,MATICUSDT
2024-07-26,0.49720000,0.51520000,0.49650000,0.51470000,28873339.60000000,MATICUSDT
2024-07-27,0.51470000,0.52380000,0.50800000,0.51710000,30135692.60000000,MATICUSDT
2024-07-28,0.51700000,0.52050000,0.50460000,0.50860000,18350968.70000000,MATICUSDT
2024-07-29,0.50870000,0.52470000,0.50860000,0.51020000,43097594.30000000,MATICUSDT
2024-07-30,0.51020000,0.53000000,0.49950000,0.50530000,39735502.10000000,MATICUSDT
2024-07-31,0.50540000,0.52070000,0.49110000,0.49570000,55870755.90000000,MATICUSDT
2024-08-01,0.49570000,0.50500000,0.46600000,0.49180000,76932821.50000000,MATICUSDT
2024-08-02,0.49170000,0.49480000,0.45650000,0.46800000,66441571.90000000,MATICUSDT
2024-08-03,0.46800000,0.47380000,0.44200000,0.45470000,52370172.50000000,MATICUSDT
2024-08-04,0.45460000,0.45840000,0.40920000,0.42160000,64211161.40000000,MATICUSDT
2024-08-05,0.42150000,0.42490000,0.33420000,0.38440000,430337750.90000000,MATICUSDT
2024-08-06,0.38440000,0.41760000,0.38380000,0.40790000,76895915.20000000,MATICUSDT
2024-08-07,0.40780000,0.41710000,0.38740000,0.39200000,64014814.90000000,MATICUSDT
2024-08-08,0.39200000,0.43300000,0.38640000,0.43170000,68656639.30000000,MATICUSDT
2024-08-09,0.43170000,0.43200000,0.41380000,0.42180000,41725085.70000000,MATICUSDT
2024-08-10,0.42180000,0.43150000,0.41850000,0.42630000,21806972.30000000,MATICUSDT
2024-08-11,0.42620000,0.43780000,0.40240000,0.40300000,35693603.00000000,MATICUSDT
2024-08-12,0.40300000,0.43290000,0.40170000,0.42630000,53811992.10000000,MATICUSDT
2024-08-13,0.42630000,0.42700000,0.41110000,0.42210000,41533861.40000000,MATICUSDT
2024-08-14,0.42200000,0.42540000,0.40710000,0.42380000,46223299.40000000,MATICUSDT
2024-08-15,0.42380000,0.43200000,0.39640000,0.40120000,72765037.20000000,MATICUSDT
2024-08-16,0.40110000,0.40780000,0.39210000,0.40400000,45240186.10000000,MATICUSDT
2024-08-17,0.40410000,0.41050000,0.40130000,0.41050000,17561915.80000000,MATICUSDT
2024-08-18,0.41040000,0.41910000,0.40710000,0.41160000,26608569.20000000,MATICUSDT
2024-08-19,0.41170000,0.43050000,0.40930000,0.43010000,59537048.90000000,MATICUSDT
2024-08-20,0.43000000,0.46690000,0.42870000,0.46150000,69615970.50000000,MATICUSDT
2024-08-21,0.46140000,0.53000000,0.45620000,0.52510000,157388732.10000000,MATICUSDT
2024-08-22,0.52500000,0.53990000,0.51540000,0.53200000,132608795.80000000,MATICUSDT
2024-08-23,0.53190000,0.54460000,0.51860000,0.53770000,103466383.70000000,MATICUSDT
2024-08-24,0.53770000,0.58190000,0.53080000,0.57110000,117390094.60000000,MATICUSDT
2024-08-25,0.57110000,0.57500000,0.52250000,0.52440000,109526500.60000000,MATICUSDT
2024-08-26,0.52450000,0.52790000,0.50160000,0.50220000,79206147.00000000,MATICUSDT
2024-08-27,0.50220000,0.51450000,0.45880000,0.46620000,92323260.80000000,MATICUSDT
2024-08-28,0.46620000,0.46670000,0.42530000,0.43670000,174478350.80000000,MATICUSDT
2024-08-29,0.43670000,0.44630000,0.41440000,0.42520000,98713822.80000000,MATICUSDT
2024-08-30,0.42510000,0.43030000,0.39900000,0.42100000,89587645.10000000,MATICUSDT
2024-08-31,0.42100000,0.42700000,0.41730000,0.41960000,41888444.80000000,MATICUSDT
2024-09-01,0.41960000,0.42030000,0.39670000,0.40230000,58016271.70000000,MATICUSDT
2024-09-02,0.40220000,0.41500000,0.39560000,0.41080000,82485496.70000000,MATICUSDT
2024-09-03,0.41080000,0.41500000,0.39650000,0.39780000,80614184.70000000,MATICUSDT
2024-09-04,0.39780000,0.40030000,0.35000000,0.38140000,137684321.20000000,MATICUSDT
2024-09-05,0.38140000,0.38790000,0.36200000,0.36850000,51347366.60000000,MATICUSDT
2024-09-06,0.36860000,0.37940000,0.35050000,0.36590000,45664659.20000000,MATICUSDT
2024-09-07,0.36600000,0.37640000,0.36430000,0.36950000,18675410.60000000,MATICUSDT
2024-09-08,0.36950000,0.37990000,0.36730000,0.37570000,28256827.20000000,MATICUSDT
2024-09-09,0.37580000,0.38570000,0.37140000,0.38220000,53199619.60000000,MATICUSDT
2024-09-10,0.38210000,0.38260000,0.37740000,0.37940000,4452579.60000000,MATICUSDT
