timestamp,open,high,low,close,volume
2021-12-24,190.08000000,197.55000000,184.14000000,190.36000000,1657463.56000000
2021-12-25,190.37000000,195.00000000,189.08000000,193.10000000,1047151.86000000
2021-12-26,193.03000000,200.59000000,190.22000000,197.81000000,1539530.03000000
2021-12-27,197.85000000,204.75000000,194.71000000,195.67000000,1218499.70000000
2021-12-28,195.68000000,195.68000000,176.20000000,177.32000000,1997243.20000000
2021-12-29,177.28000000,180.62000000,170.01000000,170.63000000,1540603.75000000
2021-12-30,170.65000000,175.74000000,168.17000000,172.52000000,1022709.31000000
2021-12-31,172.53000000,177.65000000,167.67000000,169.99000000,1026603.34000000
2022-01-01,170.01000000,179.20000000,169.93000000,179.06000000,634599.39000000
2022-01-02,179.06000000,179.53000000,174.31000000,176.35000000,620087.38000000
2022-01-03,176.34000000,176.49000000,166.59000000,170.15000000,1031316.43000000
2022-01-04,170.14000000,173.93000000,166.47000000,167.72000000,1041332.63000000
2022-01-05,167.74000000,171.32000000,144.92000000,154.52000000,1659848.17000000
2022-01-06,154.48000000,154.80000000,145.98000000,150.26000000,1575071.30000000
2022-01-07,150.28000000,150.72000000,133.08000000,136.45000000,2719397.30000000
2022-01-08,136.43000000,148.11000000,133.00000000,142.14000000,2695415.51000000
2022-01-09,142.10000000,145.71000000,137.83000000,140.82000000,1435153.15000000
2022-01-10,140.82000000,143.86000000,130.00000000,135.86000000,1894512.51000000
2022-01-11,135.84000000,143.50000000,133.58000000,140.20000000,1328579.57000000
2022-01-12,140.19000000,153.39000000,138.22000000,151.51000000,1946788.76000000
2022-01-13,151.50000000,157.80000000,145.41000000,146.14000000,1984121.59000000
2022-01-14,146.13000000,150.56000000,141.84000000,146.17000000,1428145.30000000
2022-01-15,146.18000000,149.49000000,143.90000000,147.64000000,865014.75000000
2022-01-16,147.61000000,151.96000000,146.09000000,147.98000000,964270.14000000
2022-01-17,147.98000000,148.29000000,137.02000000,139.80000000,1297654.14000000
2022-01-18,139.81000000,142.77000000,134.39000000,141.22000000,1254337.17000000
2022-01-19,141.32000000,142.70000000,132.77000000,135.25000000,1175171.39000000
2022-01-20,135.23000000,143.83000000,126.01000000,127.54000000,1464593.98000000
2022-01-21,127.54000000,128.73000000,106.11000000,112.27000000,4523020.69000000
2022-01-22,112.24000000,114.89000000,87.73000000,94.54000000,6455608.98000000
2022-01-23,94.57000000,104.82000000,93.25000000,99.78000000,3561751.04000000
2022-01-24,99.74000000,99.83000000,80.83000000,91.93000000,6990036.71000000
2022-01-25,91.94000000,99.95000000,87.41000000,94.67000000,3482711.32000000
2022-01-26,94.65000000,104.43000000,89.19000000,92.12000000,4501340.69000000
2022-01-27,92.11000000,94.60000000,85.71000000,89.51000000,3530017.76000000
2022-01-28,89.51000000,93.55000000,87.21000000,91.34000000,2647317.17000000
2022-01-29,91.35000000,98.93000000,90.50000000,96.13000000,2050891.76000000
2022-01-30,96.15000000,97.60000000,91.38000000,93.29000000,1258037.51000000
2022-01-31,93.26000000,101.40000000,89.18000000,99.49000000,2414101.55000000
2022-02-01,99.50000000,113.66000000,99.02000000,110.02000000,4190507.65000000
2022-02-02,109.99000000,112.35000000,96.99000000,101.88000000,4863358.10000000
2022-02-03,101.91000000,103.13000000,94.00000000,101.77000000,3886563.56000000
2022-02-04,101.83000000,112.81000000,100.28000000,112.62000000,4186388.28000000
2022-02-05,112.63000000,118.60000000,110.22000000,113.75000000,2649019.14000000
2022-02-06,113.74000000,116.06000000,111.09000000,115.28000000,1561795.12000000
2022-02-07,115.26000000,121.93000000,112.69000000,117.55000000,2730695.80000000
2022-02-08,117.57000000,120.36000000,109.66000000,113.45000000,2811497.50000000
2022-02-09,113.44000000,117.08000000,109.40000000,113.93000000,2114411.38000000
2022-02-10,113.96000000,115.38000000,105.68000000,106.17000000,2781581.77000000
2022-02-11,106.18000000,108.14000000,95.14000000,96.53000000,2537227.68000000
2022-02-12,96.53000000,99.79000000,92.80000000,95.96000000,1803930.67000000
2022-02-13,95.98000000,97.36000000,91.35000000,92.85000000,1216083.38000000
2022-02-14,92.85000000,97.99000000,90.72000000,96.37000000,1792721.30000000
2022-02-15,96.39000000,105.77000000,96.38000000,105.52000000,2362223.45000000
2022-02-16,105.52000000,105.60000000,98.27000000,101.86000000,2123159.11000000
2022-02-17,101.85000000,102.82000000,92.33000000,93.52000000,2001081.30000000
2022-02-18,93.55000000,96.37000000,89.31000000,89.86000000,2010076.65000000
2022-02-19,89.86000000,92.75000000,88.60000000,91.27000000,1285578.14000000
2022-02-20,91.27000000,94.50000000,85.56000000,90.72000000,2559473.54000000
2022-02-21,90.70000000,96.14000000,82.62000000,82.96000000,4063082.80000000
2022-02-22,82.95000000,87.56000000,81.06000000,86.38000000,2835554.36000000
2022-02-23,86.39000000,93.40000000,84.38000000,84.59000000,3193694.10000000
2022-02-24,84.58000000,93.90000000,75.35000000,89.36000000,7497540.08000000
2022-02-25,89.35000000,95.00000000,86.86000000,92.71000000,3691896.58000000
2022-02-26,92.73000000,95.49000000,89.23000000,90.23000000,2279602.17000000
2022-02-27,90.25000000,92.19000000,84.08000000,85.63000000,2593533.97000000
2022-02-28,85.61000000,103.00000000,84.17000000,99.68000000,4212075.57000000
2022-03-01,99.67000000,102.03000000,94.21000000,98.66000000,3665336.76000000
2022-03-02,98.65000000,106.43000000,96.76000000,100.68000000,4306326.64000000
2022-03-03,100.69000000,101.70000000,94.00000000,95.62000000,2595560.67000000
2022-03-04,95.63000000,95.94000000,87.00000000,88.32000000,2854970.19000000
2022-03-05,88.33000000,91.22000000,86.00000000,89.63000000,1495553.50000000
2022-03-06,89.61000000,89.96000000,84.09000000,84.57000000,1828270.57000000
2022-03-07,84.58000000,86.71000000,79.92000000,81.66000000,3230989.34000000
2022-03-08,81.65000000,85.04000000,81.30000000,82.32000000,2604534.79000000
2022-03-09,82.32000000,89.92000000,81.90000000,88.06000000,3355218.73000000
2022-03-10,88.06000000,88.57000000,80.63000000,82.87000000,2828491.21000000
2022-03-11,82.86000000,84.29000000,80.07000000,80.67000000,2528334.85000000
2022-03-12,80.67000000,82.75000000,80.57000000,81.38000000,1362268.13000000
2022-03-13,81.40000000,83.34000000,77.65000000,78.73000000,2009434.97000000
2022-03-14,78.72000000,82.29000000,78.00000000,81.22000000,2079919.39000000
2022-03-15,81.23000000,85.99000000,78.72000000,82.84000000,2123603.37000000
2022-03-16,82.84000000,87.98000000,81.53000000,87.77000000,2638790.33000000
2022-03-17,87.77000000,91.00000000,86.58000000,87.80000000,2616451.80000000
2022-03-18,87.80000000,92.28000000,84.41000000,89.80000000,2935949.01000000
2022-03-19,89.81000000,94.55000000,89.25000000,92.31000000,2058348.96000000
2022-03-20,92.31000000,92.55000000,87.82000000,88.62000000,1500458.29000000
2022-03-21,88.62000000,91.28000000,86.74000000,88.59000000,1985082.57000000
2022-03-22,88.58000000,93.98000000,88.00000000,90.43000000,2611345.56000000
2022-03-23,90.44000000,96.36000000,89.19000000,94.89000000,2854825.20000000
2022-03-24,94.88000000,103.70000000,93.26000000,102.32000000,4777008.51000000
2022-03-25,102.32000000,104.86000000,96.95000000,98.60000000,3360440.57000000
2022-03-26,98.60000000,103.40000000,97.63000000,101.73000000,1906343.44000000
2022-03-27,101.73000000,107.46000000,98.77000000,107.04000000,2351080.64000000
2022-03-28,107.04000000,113.87000000,105.22000000,105.75000000,4146023.22000000
2022-03-29,105.75000000,115.70000000,105.49000000,111.62000000,3727259.92000000
2022-03-30,111.62000000,125.26000000,107.11000000,120.82000000,5250424.16000000
2022-03-31,120.82000000,129.50000000,119.95000000,122.77000000,5143974.90000000
2022-04-01,122.79000000,138.40000000,117.39000000,134.52000000,5505077.63000000
2022-04-02,134.53000000,143.51000000,131.47000000,132.49000000,4193984.20000000
2022-04-03,132.48000000,141.11000000,130.52000000,136.90000000,2964507.05000000
2022-04-04,136.90000000,138.29000000,125.82000000,132.14000000,3456901.43000000
2022-04-05,132.14000000,136.63000000,126.07000000,126.87000000,2833885.54000000
2022-04-06,126.88000000,127.40000000,112.10000000,112.95000000,4266870.20000000
2022-04-07,112.94000000,120.00000000,110.88000000,118.48000000,3326346.75000000
2022-04-08,118.47000000,122.42000000,108.10000000,109.92000000,3328966.49000000
2022-04-09,109.92000000,113.69000000,108.28000000,112.96000000,1376896.77000000
2022-04-10,112.97000000,116.09000000,109.71000000,111.07000000,1560720.04000000
2022-04-11,111.06000000,111.94000000,98.10000000,99.67000000,3332133.13000000
2022-04-12,99.64000000,109.36000000,98.31000000,103.22000000,3527634.19000000
2022-04-13,103.21000000,106.04000000,100.09000000,104.94000000,2204306.40000000
2022-04-14,104.92000000,107.72000000,98.77000000,100.77000000,2711073.76000000
2022-04-15,100.77000000,102.91000000,99.55000000,101.31000000,1384490.37000000
2022-04-16,101.38000000,103.50000000,100.71000000,102.06000000,1006216.36000000
2022-04-17,102.06000000,105.44000000,99.62000000,100.15000000,1509800.04000000
2022-04-18,100.15000000,102.65000000,94.62000000,102.33000000,2751434.83000000
2022-04-19,102.37000000,109.00000000,101.02000000,108.51000000,2675360.43000000
2022-04-20,108.51000000,110.90000000,104.25000000,105.59000000,2768156.81000000
2022-04-21,105.58000000,110.00000000,99.86000000,101.78000000,2671646.36000000
2022-04-22,101.78000000,103.55000000,99.19000000,100.55000000,1777613.85000000
2022-04-23,100.55000000,102.90000000,98.31000000,100.63000000,1081628.14000000
2022-04-24,100.63000000,102.31000000,98.55000000,99.23000000,1064136.15000000
2022-04-25,99.22000000,101.59000000,94.32000000,100.99000000,2317293.80000000
2022-04-26,100.98000000,101.98000000,94.61000000,95.70000000,1897735.14000000
2022-04-27,95.70000000,100.79000000,94.89000000,98.36000000,1833742.63000000
2022-04-28,98.35000000,100.55000000,96.33000000,98.24000000,1849394.04000000
2022-04-29,98.23000000,98.68000000,92.35000000,93.96000000,1736234.87000000
2022-04-30,93.96000000,94.95000000,81.91000000,84.63000000,1829537.27000000
2022-05-01,84.63000000,93.12000000,84.15000000,89.68000000,2353897.93000000
2022-05-02,89.67000000,90.89000000,85.10000000,87.50000000,1915805.97000000
2022-05-03,87.49000000,88.81000000,84.66000000,85.86000000,1562366.45000000
2022-05-04,85.86000000,93.06000000,85.47000000,92.77000000,2246070.16000000
2022-05-05,92.77000000,95.25000000,81.32000000,84.52000000,3311421.92000000
2022-05-06,84.52000000,84.84000000,79.98000000,81.68000000,2607225.81000000
2022-05-07,81.67000000,82.33000000,77.03000000,78.86000000,1906773.25000000
2022-05-08,78.86000000,79.41000000,73.69000000,75.38000000,2736836.40000000
2022-05-09,75.39000000,77.21000000,61.70000000,62.16000000,5846036.68200000
2022-05-10,62.16000000,74.03000000,60.13000000,66.90000000,7855041.33100000
2022-05-11,66.90000000,68.44000000,43.17000000,50.90000000,11626123.02100000
2022-05-12,50.90000000,54.29000000,37.37000000,44.64000000,13635820.46500000
2022-05-13,44.64000000,56.99000000,43.83000000,48.92000000,8718594.50000000
2022-05-14,48.93000000,53.91000000,45.81000000,52.43000000,5099487.21000000
2022-05-15,52.43000000,59.31000000,49.63000000,58.83000000,3885558.77000000
2022-05-16,58.83000000,58.83000000,51.89000000,53.79000000,5418221.63000000
2022-05-17,53.80000000,58.22000000,53.04000000,57.02000000,4346066.59000000
2022-05-18,57.01000000,57.85000000,49.38000000,49.93000000,4470848.03000000
2022-05-19,49.93000000,54.09000000,48.20000000,52.20000000,4794335.94000000
2022-05-20,52.20000000,53.62000000,47.81000000,49.43000000,4811635.67000000
2022-05-21,49.42000000,51.21000000,48.43000000,50.31000000,1969104.94000000
2022-05-22,50.30000000,53.20000000,49.69000000,52.48000000,2723718.45000000
2022-05-23,52.48000000,54.68000000,48.61000000,49.17000000,4201654.88000000
2022-05-24,49.17000000,50.85000000,47.10000000,49.67000000,3645448.65000000
2022-05-25,49.67000000,50.55000000,47.57000000,47.98000000,3294918.76000000
2022-05-26,47.97000000,48.66000000,41.69000000,43.44000000,7025986.74000000
2022-05-27,43.44000000,43.95000000,39.93000000,41.17000000,7547814.80000000
2022-05-28,41.18000000,45.08000000,40.33000000,44.25000000,4317517.06000000
2022-05-29,44.24000000,45.67000000,41.79000000,44.98000000,4628871.10000000
2022-05-30,44.98000000,48.39000000,44.27000000,47.22000000,5476313.14000000
2022-05-31,47.22000000,48.24000000,44.56000000,45.77000000,4479536.73000000
2022-06-01,45.78000000,46.12000000,39.51000000,40.11000000,4778696.94000000
2022-06-02,40.11000000,41.65000000,38.13000000,40.85000000,5153870.27000000
2022-06-03,40.86000000,41.54000000,37.63000000,38.28000000,4437324.64000000
2022-06-04,38.28000000,39.50000000,35.71000000,39.00000000,3736176.79000000
2022-06-05,39.02000000,40.22000000,37.85000000,38.52000000,3618511.38000000
2022-06-06,38.53000000,44.87000000,38.33000000,42.39000000,6823258.30000000
2022-06-07,42.39000000,42.80000000,37.12000000,39.31000000,7677286.83000000
2022-06-08,39.32000000,40.96000000,38.28000000,38.83000000,3988154.30000000
2022-06-09,38.83000000,41.97000000,38.44000000,39.96000000,4587327.75000000
2022-06-10,39.96000000,40.90000000,36.80000000,37.17000000,4364643.34000000
2022-06-11,37.17000000,37.93000000,33.17000000,33.93000000,4638154.31700000
2022-06-12,33.94000000,34.50000000,30.56000000,30.61000000,6810748.10400000
2022-06-13,30.60000000,31.11000000,26.05000000,28.60000000,13336972.46600000
2022-06-14,28.59000000,32.32000000,25.86000000,29.59000000,11437619.27000000
2022-06-15,29.59000000,34.86000000,26.79000000,34.76000000,12673444.09000000
2022-06-16,34.75000000,36.00000000,29.52000000,30.12000000,10418712.66000000
2022-06-17,30.12000000,32.19000000,29.26000000,30.71000000,6274370.50000000
2022-06-18,30.72000000,32.06000000,27.15000000,32.02000000,9330644.34000000
2022-06-19,32.01000000,35.40000000,28.68000000,34.19000000,9253122.78000000
2022-06-20,34.19000000,36.90000000,31.73000000,35.24000000,8218146.80000000
2022-06-21,35.25000000,39.19000000,34.20000000,36.42000000,7429098.76000000
2022-06-22,36.42000000,36.87000000,33.65000000,34.12000000,6494707.01000000
2022-06-23,34.13000000,38.65000000,33.91000000,38.15000000,7002610.45000000
2022-06-24,38.15000000,42.92000000,37.67000000,41.91000000,6583046.23000000
2022-06-25,41.91000000,42.64000000,39.73000000,42.22000000,4294211.07000000
2022-06-26,42.22000000,42.49000000,39.14000000,39.39000000,4024143.84000000
2022-06-27,39.39000000,41.25000000,37.90000000,38.52000000,4172937.40000000
2022-06-28,38.50000000,39.90000000,35.02000000,35.35000000,5581335.85000000
2022-06-29,35.34000000,36.12000000,33.10000000,34.05000000,5755278.44000000
2022-06-30,34.06000000,34.20000000,30.92000000,33.76000000,5337105.46000000
2022-07-01,33.76000000,35.40000000,31.82000000,32.84000000,6155756.76000000
2022-07-02,32.85000000,34.14000000,31.87000000,33.36000000,2740500.19000000
2022-07-03,33.36000000,33.77000000,32.14000000,33.39000000,2394572.39000000
2022-07-04,33.40000000,36.94000000,32.45000000,36.71000000,4064615.13000000
2022-07-05,36.71000000,36.99000000,33.03000000,35.40000000,6098472.04000000
2022-07-06,35.41000000,37.65000000,34.80000000,37.04000000,5298552.90000000
2022-07-07,37.04000000,39.29000000,36.39000000,38.46000000,4091777.28000000
2022-07-08,38.46000000,39.72000000,36.46000000,38.12000000,5277992.76000000
2022-07-09,38.12000000,38.95000000,37.77000000,38.06000000,2088073.86000000
2022-07-10,38.06000000,38.14000000,36.26000000,36.71000000,2181587.60000000
2022-07-11,36.71000000,36.73000000,33.24000000,33.42000000,2927967.37000000
2022-07-12,33.42000000,34.61000000,32.60000000,32.68000000,3202970.40000000
2022-07-13,32.69000000,35.08000000,31.82000000,34.94000000,4798032.13000000
2022-07-14,34.94000000,37.31000000,33.58000000,37.15000000,5214767.02000000
2022-07-15,37.14000000,39.10000000,36.49000000,37.36000000,4440629.04000000
2022-07-16,37.36000000,40.41000000,36.35000000,39.58000000,3945225.20000000
2022-07-17,39.59000000,41.09000000,38.29000000,38.62000000,3795951.41000000
2022-07-18,38.61000000,44.07000000,38.55000000,43.52000000,6300282.95000000
2022-07-19,43.52000000,47.36000000,42.54000000,44.87000000,7876651.82000000
2022-07-20,44.87000000,46.30000000,41.24000000,42.04000000,6380441.74000000
2022-07-21,42.03000000,44.24000000,39.64000000,43.11000000,6134099.29000000
2022-07-22,43.10000000,44.33000000,40.03000000,40.54000000,4495729.55000000
2022-07-23,40.54000000,41.91000000,38.60000000,39.97000000,3421971.49000000
2022-07-24,39.97000000,42.10000000,39.47000000,40.93000000,3327219.47000000
2022-07-25,40.93000000,41.09000000,36.56000000,36.65000000,4237919.99000000
2022-07-26,36.66000000,36.84000000,34.67000000,36.25000000,4496178.57000000
2022-07-27,36.26000000,40.55000000,35.68000000,40.23000000,5860676.17000000
2022-07-28,40.23000000,44.15000000,39.03000000,42.91000000,6754342.15000000
2022-07-29,42.92000000,44.42000000,41.13000000,41.91000000,4949319.15000000
2022-07-30,41.92000000,46.65000000,41.41000000,43.84000000,5388479.30000000
2022-07-31,43.84000000,45.21000000,42.22000000,42.35000000,3287571.37000000
2022-08-01,42.34000000,43.26000000,40.57000000,41.65000000,3302835.44000000
2022-08-02,41.65000000,42.45000000,39.50000000,39.79000000,3598240.96000000
2022-08-03,39.78000000,40.99000000,37.43000000,38.54000000,8391441.54000000
2022-08-04,38.54000000,39.85000000,37.96000000,38.83000000,4151096.90000000
2022-08-05,38.83000000,41.33000000,38.71000000,40.55000000,3510687.91000000
2022-08-06,40.55000000,40.89000000,39.85000000,40.07000000,1600652.00000000
2022-08-07,40.07000000,41.57000000,39.21000000,40.60000000,1745897.70000000
2022-08-08,40.60000000,43.71000000,40.55000000,42.18000000,3823749.60000000
2022-08-09,42.17000000,42.76000000,39.73000000,40.33000000,2832475.74000000
2022-08-10,40.34000000,42.87000000,39.15000000,42.47000000,4467794.94000000
2022-08-11,42.47000000,45.32000000,42.34000000,42.77000000,5808859.44000000
2022-08-12,42.78000000,45.49000000,42.12000000,45.48000000,3376989.68000000
2022-08-13,45.49000000,48.38000000,45.27000000,46.60000000,4706648.94000000
2022-08-14,46.59000000,48.06000000,44.46000000,44.87000000,3476179.16000000
2022-08-15,44.86000000,47.24000000,42.75000000,43.72000000,4145114.74000000
2022-08-16,43.72000000,44.31000000,42.53000000,43.08000000,3604735.73000000
2022-08-17,43.08000000,44.75000000,40.18000000,40.54000000,4207333.00000000
2022-08-18,40.54000000,41.67000000,39.31000000,39.52000000,2839363.98000000
2022-08-19,39.51000000,39.59000000,35.25000000,35.81000000,6209609.03000000
2022-08-20,35.82000000,37.27000000,34.21000000,35.28000000,3873077.48000000
2022-08-21,35.28000000,37.09000000,34.51000000,36.47000000,3184917.72000000
2022-08-22,36.48000000,36.56000000,33.73000000,35.41000000,3740448.14000000
2022-08-23,35.42000000,36.11000000,34.24000000,35.68000000,2736678.36000000
2022-08-24,35.69000000,36.40000000,34.31000000,34.89000000,2588768.41000000
2022-08-25,34.90000000,36.49000000,34.87000000,35.27000000,2472099.50000000
2022-08-26,35.26000000,35.79000000,31.36000000,31.72000000,5268727.97000000
2022-08-27,31.72000000,32.25000000,30.86000000,31.53000000,3025394.15000000
2022-08-28,31.53000000,32.21000000,30.19000000,30.44000000,2245087.33000000
2022-08-29,30.43000000,32.64000000,30.00000000,32.42000000,3758900.71000000
2022-08-30,32.42000000,33.16000000,30.64000000,31.47000000,3466845.37000000
2022-08-31,31.47000000,32.95000000,31.18000000,31.50000000,2705795.29000000
2022-09-01,31.49000000,31.79000000,30.44000000,31.61000000,2304167.56000000
2022-09-02,31.61000000,32.38000000,30.76000000,31.23000000,2327194.21000000
2022-09-03,31.23000000,31.29000000,30.80000000,31.12000000,773414.20000000
2022-09-04,31.11000000,32.20000000,31.02000000,32.16000000,1302960.75000000
2022-09-05,32.17000000,32.50000000,31.15000000,32.18000000,1545295.72000000
2022-09-06,32.17000000,33.90000000,30.44000000,30.88000000,4663061.68000000
2022-09-07,30.88000000,32.94000000,30.31000000,32.69000000,2516005.51000000
2022-09-08,32.70000000,33.98000000,31.97000000,33.61000000,3062370.54000000
2022-09-09,33.62000000,35.96000000,33.59000000,34.67000000,3748304.00000000
2022-09-10,34.68000000,35.41000000,34.27000000,35.03000000,1977630.96000000
2022-09-11,35.04000000,36.00000000,34.04000000,34.99000000,1999936.19000000
2022-09-12,34.99000000,38.39000000,34.40000000,37.44000000,5186842.63000000
2022-09-13,37.44000000,39.01000000,32.93000000,33.00000000,6401715.44000000
2022-09-14,33.00000000,34.35000000,32.67000000,34.12000000,3170484.22000000
2022-09-15,34.12000000,34.84000000,32.42000000,33.07000000,3696318.23000000
2022-09-16,33.08000000,33.26000000,31.50000000,32.25000000,2180222.56000000
2022-09-17,32.25000000,33.89000000,32.23000000,33.68000000,1414903.11000000
2022-09-18,33.69000000,33.99000000,30.86000000,31.10000000,2299068.39000000
2022-09-19,31.10000000,33.08000000,30.50000000,32.62000000,3503472.34000000
2022-09-20,32.63000000,32.88000000,31.29000000,31.41000000,2558791.65000000
2022-09-21,31.42000000,33.48000000,30.01000000,30.65000000,4545539.08000000
2022-09-22,30.65000000,32.87000000,30.59000000,32.43000000,2975325.90000000
2022-09-23,32.43000000,33.98000000,31.20000000,33.66000000,3481076.73000000
2022-09-24,33.67000000,34.79000000,33.14000000,33.38000000,3102314.35000000
2022-09-25,33.39000000,34.05000000,31.87000000,32.34000000,1838509.33000000
2022-09-26,32.33000000,33.95000000,31.87000000,33.88000000,3284142.93000000
2022-09-27,33.89000000,35.41000000,32.08000000,32.69000000,4411114.63000000
2022-09-28,32.68000000,33.81000000,31.65000000,33.22000000,3091106.50000000
2022-09-29,33.23000000,34.42000000,32.65000000,33.93000000,2735381.21000000
2022-09-30,33.94000000,35.22000000,32.62000000,33.25000000,4264290.42000000
2022-10-01,33.25000000,33.25000000,32.34000000,32.44000000,1458835.24000000
2022-10-02,32.44000000,33.00000000,31.90000000,32.06000000,1472849.24000000
2022-10-03,32.06000000,33.27000000,31.73000000,32.89000000,1890470.20000000
2022-10-04,32.90000000,34.40000000,32.84000000,34.09000000,1949740.88000000
2022-10-05,34.10000000,34.37000000,33.18000000,34.04000000,1777550.81000000
2022-10-06,34.04000000,34.50000000,33.23000000,33.36000000,1799751.22000000
2022-10-07,33.35000000,33.76000000,32.43000000,32.98000000,1963117.82000000
2022-10-08,32.98000000,33.08000000,32.35000000,32.58000000,785559.59000000
2022-10-09,32.57000000,33.14000000,32.44000000,32.92000000,883235.74000000
2022-10-10,32.92000000,33.46000000,31.88000000,31.96000000,1554680.40000000
2022-10-11,31.95000000,31.96000000,30.42000000,30.80000000,1923666.97000000
2022-10-12,30.80000000,31.55000000,30.67000000,31.16000000,1048211.96000000
2022-10-13,31.15000000,31.21000000,27.87000000,30.49000000,4402648.71000000
2022-10-14,30.48000000,31.98000000,29.62000000,30.00000000,2384103.67000000
2022-10-15,30.00000000,30.20000000,29.42000000,29.59000000,1009243.59000000
2022-10-16,29.59000000,30.53000000,29.56000000,30.17000000,934949.40000000
2022-10-17,30.16000000,31.29000000,29.84000000,31.21000000,1694429.96000000
2022-10-18,31.22000000,31.48000000,29.73000000,30.15000000,1966281.14000000
2022-10-19,30.14000000,30.26000000,28.61000000,28.86000000,1713727.76000000
2022-10-20,28.86000000,29.47000000,27.98000000,28.01000000,2379315.87000000
2022-10-21,28.01000000,28.28000000,26.84000000,28.10000000,3208878.96000000
2022-10-22,28.10000000,28.22000000,27.48000000,28.01000000,1333382.63000000
2022-10-23,28.01000000,29.44000000,27.73000000,29.28000000,2150824.00000000
2022-10-24,29.28000000,29.50000000,28.16000000,28.30000000,2525864.52000000
2022-10-25,28.31000000,32.31000000,28.05000000,30.86000000,4389638.87000000
2022-10-26,30.87000000,32.17000000,30.63000000,31.29000000,3909684.74000000
2022-10-27,31.29000000,32.36000000,30.41000000,30.58000000,3608322.35000000
2022-10-28,30.60000000,32.54000000,30.11000000,32.07000000,3017472.57000000
2022-10-29,32.06000000,33.84000000,31.85000000,32.87000000,3316674.09000000
2022-10-30,32.87000000,33.54000000,31.93000000,32.94000000,1962511.76000000
2022-10-31,32.93000000,34.39000000,32.20000000,32.56000000,3082485.07000000
2022-11-01,32.57000000,33.39000000,32.15000000,32.20000000,2015730.52000000
2022-11-02,32.20000000,32.95000000,30.24000000,30.80000000,3423829.13000000
2022-11-03,30.81000000,32.25000000,30.61000000,30.85000000,2302866.46000000
2022-11-04,30.86000000,34.20000000,30.66000000,33.74000000,4106770.60000000
2022-11-05,33.73000000,38.79000000,33.66000000,36.90000000,7466083.52000000
2022-11-06,36.90000000,37.06000000,32.31000000,32.62000000,4722074.05000000
2022-11-07,32.61000000,33.13000000,28.00000000,29.62000000,9810937.64000000
2022-11-08,29.62000000,31.72000000,19.80000000,24.38000000,28156844.01900000
2022-11-09,24.38000000,24.38000000,12.37000000,14.08000000,34965021.07600000
2022-11-10,14.08000000,18.87000000,13.14000000,17.66000000,31278279.25000000
2022-11-11,17.65000000,18.31000000,15.10000000,16.45000000,16952323.15000000
2022-11-12,16.46000000,16.53000000,14.47000000,14.58000000,6958266.14000000
2022-11-13,14.58000000,14.74000000,13.02000000,13.18000000,7632404.82000000
2022-11-14,13.18000000,15.01000000,12.07000000,14.00000000,12412181.95000000
2022-11-15,14.00000000,15.10000000,13.82000000,14.32000000,7666656.34000000
2022-11-16,14.32000000,14.64000000,13.64000000,14.27000000,4117412.48000000
2022-11-17,14.27000000,14.50000000,12.93000000,13.65000000,6589277.99000000
2022-11-18,13.65000000,13.89000000,13.00000000,13.27000000,2949495.18000000
2022-11-19,13.28000000,13.28000000,12.58000000,12.84000000,2920148.22000000
2022-11-20,12.84000000,13.58000000,12.10000000,12.27000000,4790066.03000000
2022-11-21,12.26000000,12.29000000,11.27000000,11.83000000,4921177.25900000
2022-11-22,11.83000000,12.50000000,10.94000000,12.44000000,5495351.55000000
2022-11-23,12.43000000,14.50000000,12.40000000,14.36000000,7872882.42000000
2022-11-24,14.36000000,14.96000000,13.84000000,14.59000000,4725295.69000000
2022-11-25,14.60000000,14.61000000,13.91000000,14.03000000,2819515.28000000
2022-11-26,14.03000000,14.98000000,13.97000000,14.17000000,2911827.78000000
2022-11-27,14.17000000,14.45000000,14.05000000,14.12000000,2063327.08000000
2022-11-28,14.11000000,14.17000000,12.78000000,13.32000000,4718682.44000000
2022-11-29,13.33000000,13.96000000,13.14000000,13.34000000,2605636.41000000
2022-11-30,13.35000000,14.32000000,13.21000000,14.16000000,3599962.88000000
2022-12-01,14.17000000,14.19000000,13.40000000,13.51000000,2567835.92000000
2022-12-02,13.51000000,13.84000000,13.33000000,13.71000000,2865008.71000000
2022-12-03,13.71000000,13.77000000,13.20000000,13.29000000,1958859.38000000
2022-12-04,13.29000000,13.75000000,13.27000000,13.71000000,1778118.75000000
2022-12-05,13.71000000,14.17000000,13.58000000,13.82000000,3962489.89000000
2022-12-06,13.82000000,14.38000000,13.81000000,14.30000000,3280084.71000000
2022-12-07,14.30000000,14.34000000,13.39000000,13.49000000,2647330.66000000
2022-12-08,13.49000000,13.77000000,13.27000000,13.69000000,2218371.02000000
2022-12-09,13.69000000,14.02000000,13.51000000,13.59000000,2597941.96000000
2022-12-10,13.58000000,13.73000000,13.54000000,13.58000000,950118.11000000
2022-12-11,13.58000000,13.80000000,13.39000000,13.42000000,1210234.56000000
2022-12-12,13.42000000,13.50000000,12.82000000,13.31000000,2644017.08000000
2022-12-13,13.31000000,14.15000000,12.76000000,13.89000000,3963954.49000000
2022-12-14,13.90000000,14.96000000,13.81000000,14.12000000,5084591.13000000
2022-12-15,14.12000000,14.52000000,13.86000000,14.04000000,2711381.25000000
2022-12-16,14.05000000,14.17000000,12.00000000,12.25000000,4522833.23000000
2022-12-17,12.25000000,12.60000000,11.92000000,12.51000000,2465880.45000000
2022-12-18,12.50000000,12.60000000,12.25000000,12.38000000,1358593.49000000
2022-12-19,12.38000000,12.59000000,11.66000000,11.94000000,2385052.59000000
2022-12-20,11.94000000,12.49000000,11.84000000,12.26000000,1699256.37000000
2022-12-21,12.26000000,12.29000000,11.90000000,12.14000000,1549774.66000000
2022-12-22,12.14000000,12.19000000,11.67000000,11.82000000,1805407.09000000
2022-12-23,11.81000000,12.11000000,11.72000000,11.78000000,1647382.32000000
2022-12-24,11.79000000,11.79000000,11.07000000,11.45000000,2286878.14000000
2022-12-25,11.45000000,11.56000000,11.24000000,11.38000000,916417.64000000
2022-12-26,11.39000000,11.49000000,11.06000000,11.32000000,1613225.82000000
2022-12-27,11.33000000,11.44000000,10.71000000,11.09000000,3052197.59000000
2022-12-28,11.10000000,11.12000000,9.39000000,9.76000000,7362205.18100000
2022-12-29,9.76000000,10.89000000,8.00000000,9.64000000,12093989.53000000
2022-12-30,9.64000000,10.26000000,9.00000000,9.90000000,12587079.51000000
2022-12-31,9.91000000,10.20000000,9.66000000,9.97000000,3621434.65000000
2023-01-01,9.97000000,10.09000000,9.69000000,9.99000000,2287512.63000000
2023-01-02,9.99000000,12.00000000,9.81000000,11.28000000,7628264.93000000
2023-01-03,11.28000000,13.91000000,11.00000000,13.37000000,14986491.36000000
2023-01-04,13.37000000,14.24000000,12.83000000,13.43000000,12612735.49000000
2023-01-05,13.43000000,13.89000000,12.95000000,13.43000000,5834353.76000000
2023-01-06,13.43000000,13.60000000,12.69000000,13.50000000,5404648.48000000
2023-01-07,13.51000000,13.51000000,13.01000000,13.10000000,1904950.91000000
2023-01-08,13.10000000,14.89000000,12.85000000,14.45000000,6295596.12000000
2023-01-09,14.46000000,17.50000000,14.28000000,16.25000000,19481959.57000000
2023-01-10,16.25000000,16.73000000,15.57000000,16.20000000,8489417.77000000
2023-01-11,16.20000000,16.67000000,15.28000000,16.36000000,6661616.67000000
2023-01-12,16.37000000,17.00000000,15.54000000,16.59000000,9608670.96000000
2023-01-13,16.59000000,18.65000000,16.29000000,18.29000000,10929884.40000000
2023-01-14,18.29000000,24.75000000,18.20000000,24.24000000,25997232.06000000
2023-01-15,24.23000000,25.00000000,21.98000000,22.89000000,11258028.55000000
2023-01-16,22.90000000,25.00000000,22.30000000,23.58000000,10043368.28000000
2023-01-17,23.58000000,23.95000000,22.70000000,22.86000000,6056942.68000000
2023-01-18,22.86000000,23.65000000,20.34000000,20.79000000,11341710.32000000
2023-01-19,20.78000000,21.88000000,20.41000000,21.40000000,6113345.07000000
2023-01-20,21.40000000,25.82000000,20.93000000,25.51000000,9652433.39000000
2023-01-21,25.51000000,26.60000000,24.24000000,24.57000000,12782858.69000000
2023-01-22,24.56000000,25.45000000,23.50000000,24.21000000,6496779.26000000
2023-01-23,24.21000000,24.93000000,23.70000000,24.33000000,6100483.98000000
2023-01-24,24.32000000,25.24000000,22.25000000,22.78000000,6121565.88000000
2023-01-25,22.77000000,25.43000000,22.24000000,24.52000000,8332368.29000000
2023-01-26,24.53000000,25.23000000,23.73000000,24.33000000,5450404.10000000
2023-01-27,24.33000000,24.96000000,23.27000000,24.43000000,4729055.76000000
2023-01-28,24.43000000,25.24000000,23.70000000,24.00000000,3377884.10000000
2023-01-29,24.00000000,26.80000000,23.73000000,26.07000000,7785906.20000000
2023-01-30,26.07000000,26.31000000,23.11000000,23.96000000,7532450.12000000
2023-01-31,23.97000000,24.47000000,23.49000000,23.92000000,4062387.09000000
2023-02-01,23.93000000,25.22000000,22.48000000,25.00000000,7304888.31000000
2023-02-02,25.00000000,26.15000000,24.05000000,24.32000000,7246590.58000000
2023-02-03,24.32000000,25.07000000,24.01000000,24.69000000,4759274.31000000
2023-02-04,24.69000000,24.95000000,24.17000000,24.34000000,2034159.41000000
2023-02-05,24.34000000,24.46000000,23.02000000,23.47000000,4822304.59000000
2023-02-06,23.46000000,23.72000000,22.45000000,22.66000000,3592829.38000000
2023-02-07,22.65000000,23.96000000,22.54000000,23.82000000,4900023.85000000
2023-02-08,23.82000000,24.24000000,22.80000000,23.22000000,3970029.14000000
2023-02-09,23.21000000,23.35000000,20.00000000,20.48000000,6398790.64000000
2023-02-10,20.48000000,21.20000000,19.68000000,20.11000000,5523024.53000000
2023-02-11,20.10000000,20.92000000,20.10000000,20.81000000,1859852.98000000
2023-02-12,20.81000000,22.59000000,20.62000000,21.49000000,4625241.81000000
2023-02-13,21.49000000,21.61000000,19.73000000,20.77000000,6685330.04000000
2023-02-14,20.77000000,22.37000000,20.66000000,21.84000000,7639521.83000000
2023-02-15,21.84000000,23.99000000,21.45000000,23.86000000,5587903.97000000
2023-02-16,23.86000000,24.20000000,22.20000000,22.24000000,6832612.63000000
2023-02-17,22.24000000,23.54000000,21.99000000,23.14000000,4539817.75000000
2023-02-18,23.14000000,23.94000000,22.92000000,23.45000000,2647511.00000000
2023-02-19,23.46000000,25.64000000,23.20000000,24.84000000,8316165.25000000
2023-02-20,24.83000000,27.12000000,24.11000000,26.26000000,10266239.07000000
2023-02-21,26.26000000,26.61000000,24.50000000,24.98000000,6724448.02000000
2023-02-22,24.98000000,25.24000000,23.21000000,24.16000000,7174305.66000000
2023-02-23,24.16000000,24.69000000,23.60000000,23.91000000,4390966.09000000
2023-02-24,23.91000000,24.13000000,22.46000000,23.07000000,4868888.31000000
2023-02-25,23.07000000,23.33000000,21.41000000,22.37000000,4541250.05000000
2023-02-26,22.37000000,23.53000000,22.21000000,23.25000000,2817875.05000000
2023-02-27,23.25000000,23.41000000,22.32000000,22.68000000,3670697.58000000
2023-02-28,22.68000000,22.75000000,21.75000000,21.89000000,2291715.21000000
2023-03-01,21.88000000,22.91000000,21.65000000,22.51000000,2445602.61000000
2023-03-02,22.50000000,22.65000000,21.67000000,22.00000000,2231193.36000000
2023-03-03,22.00000000,22.02000000,20.34000000,21.42000000,3635280.89000000
2023-03-04,21.42000000,21.62000000,20.20000000,20.98000000,1754082.61000000
2023-03-05,20.98000000,21.72000000,20.84000000,20.97000000,1733301.96000000
2023-03-06,20.98000000,21.19000000,20.47000000,20.63000000,2216419.88000000
2023-03-07,20.62000000,20.95000000,19.71000000,20.25000000,3104831.99000000
2023-03-08,20.25000000,20.39000000,18.10000000,18.41000000,5826803.53000000
2023-03-09,18.41000000,18.78000000,16.69000000,17.33000000,7832548.96000000
2023-03-10,17.34000000,18.36000000,16.00000000,18.17000000,9520202.65000000
2023-03-11,18.17000000,18.89000000,16.94000000,18.07000000,6593106.41000000
2023-03-12,18.07000000,20.53000000,17.71000000,20.20000000,6555846.63000000
2023-03-13,20.19000000,21.47000000,18.87000000,20.40000000,10652102.31000000
2023-03-14,20.40000000,22.12000000,19.75000000,20.86000000,9812864.39000000
2023-03-15,20.86000000,21.46000000,18.70000000,19.24000000,7661168.72000000
2023-03-16,19.25000000,19.90000000,18.88000000,19.67000000,4381882.68000000
2023-03-17,19.67000000,21.69000000,19.42000000,21.60000000,5853746.15000000
2023-03-18,21.60000000,22.94000000,21.05000000,21.20000000,7417972.25000000
2023-03-19,21.20000000,22.43000000,21.19000000,21.86000000,4290990.03000000
2023-03-20,21.86000000,23.91000000,21.35000000,22.13000000,10056429.13000000
2023-03-21,22.13000000,23.33000000,21.51000000,22.53000000,6547867.38000000
2023-03-22,22.52000000,23.09000000,20.93000000,21.42000000,8602292.98000000
2023-03-23,21.41000000,22.95000000,21.08000000,22.16000000,5049411.36000000
2023-03-24,22.16000000,22.27000000,20.26000000,20.66000000,4995998.21000000
2023-03-25,20.66000000,20.98000000,20.09000000,20.41000000,2338133.56000000
2023-03-26,20.40000000,21.14000000,20.29000000,20.94000000,1848599.09000000
2023-03-27,20.94000000,20.99000000,19.33000000,19.91000000,3556384.38000000
2023-03-28,19.91000000,20.88000000,19.60000000,20.45000000,3316462.41000000
2023-03-29,20.45000000,21.56000000,20.43000000,21.10000000,3377523.28000000
2023-03-30,21.10000000,21.67000000,20.16000000,20.55000000,4349577.78000000
2023-03-31,20.55000000,21.49000000,20.04000000,21.16000000,3228391.27000000
2023-04-01,21.15000000,21.34000000,20.74000000,21.08000000,1824463.55000000
2023-04-02,21.07000000,21.30000000,20.23000000,20.52000000,1822345.58000000
2023-04-03,20.52000000,20.99000000,19.94000000,20.45000000,3984085.57000000
2023-04-04,20.45000000,21.26000000,20.28000000,20.92000000,2514863.89000000
2023-04-05,20.91000000,21.34000000,20.58000000,20.97000000,2603072.26000000
2023-04-06,20.96000000,20.99000000,20.43000000,20.62000000,1674280.50000000
2023-04-07,20.62000000,20.78000000,20.22000000,20.44000000,1220862.47000000
2023-04-08,20.44000000,20.74000000,19.85000000,20.04000000,1608993.48000000
2023-04-09,20.04000000,20.44000000,19.87000000,20.28000000,1051608.84000000
2023-04-10,20.29000000,20.95000000,20.08000000,20.89000000,1615129.64000000
2023-04-11,20.89000000,23.68000000,20.82000000,22.98000000,8297859.99000000
2023-04-12,22.99000000,24.48000000,22.29000000,23.80000000,10374263.08000000
2023-04-13,23.81000000,25.30000000,23.63000000,24.43000000,6063385.78000000
2023-04-14,24.43000000,25.49000000,23.73000000,24.71000000,6432126.81000000
2023-04-15,24.72000000,24.80000000,23.81000000,24.05000000,2861426.92000000
2023-04-16,24.05000000,25.49000000,23.81000000,25.34000000,3471417.67000000
2023-04-17,25.34000000,26.00000000,24.28000000,24.58000000,5631537.50000000
2023-04-18,24.57000000,25.44000000,24.00000000,24.82000000,3477504.60000000
2023-04-19,24.82000000,24.98000000,21.71000000,22.66000000,6650547.99000000
2023-04-20,22.66000000,23.18000000,21.59000000,22.20000000,5486212.56000000
2023-04-21,22.19000000,22.41000000,21.00000000,21.25000000,4194496.37000000
2023-04-22,21.26000000,21.99000000,21.05000000,21.79000000,1831214.09000000
2023-04-23,21.79000000,22.25000000,20.91000000,21.47000000,2754139.65000000
2023-04-24,21.47000000,22.02000000,21.00000000,21.38000000,3120614.16000000
2023-04-25,21.39000000,21.97000000,20.73000000,21.93000000,3314599.54000000
2023-04-26,21.94000000,22.97000000,20.36000000,21.28000000,6657868.13000000
2023-04-27,21.28000000,22.52000000,21.18000000,22.33000000,4703115.03000000
2023-04-28,22.34000000,23.50000000,22.16000000,23.34000000,4422324.38000000
2023-04-29,23.34000000,23.89000000,22.90000000,23.19000000,3194699.55000000
2023-04-30,23.18000000,23.99000000,22.69000000,22.74000000,3110943.40000000
2023-05-01,22.73000000,22.88000000,21.54000000,21.96000000,3758634.21000000
2023-05-02,21.95000000,22.38000000,21.75000000,22.25000000,2566813.09000000
2023-05-03,22.25000000,22.30000000,21.23000000,22.24000000,4181975.28000000
2023-05-04,22.24000000,22.49000000,21.61000000,21.74000000,2529635.56000000
2023-05-05,21.74000000,23.07000000,21.56000000,22.82000000,3636404.07000000
2023-05-06,22.82000000,23.23000000,21.56000000,21.91000000,2849745.66000000
2023-05-07,21.91000000,22.78000000,21.63000000,21.66000000,2954384.97000000
2023-05-08,21.65000000,21.81000000,20.00000000,20.62000000,5254424.55000000
2023-05-09,20.63000000,21.00000000,20.40000000,20.65000000,2375473.60000000
2023-05-10,20.66000000,21.31000000,19.74000000,20.91000000,5057170.30000000
2023-05-11,20.92000000,20.93000000,19.69000000,20.17000000,3721715.10000000
2023-05-12,20.17000000,20.95000000,19.80000000,20.90000000,3076452.18000000
2023-05-13,20.91000000,21.29000000,20.77000000,20.84000000,1835421.61000000
2023-05-14,20.83000000,21.28000000,20.62000000,20.93000000,1553375.08000000
2023-05-15,20.93000000,21.52000000,20.60000000,20.99000000,2858317.83000000
2023-05-16,20.98000000,21.13000000,20.43000000,20.67000000,2722401.44000000
2023-05-17,20.68000000,21.23000000,20.42000000,21.06000000,2614414.01000000
2023-05-18,21.06000000,21.09000000,20.07000000,20.34000000,2624370.52000000
2023-05-19,20.35000000,20.59000000,20.21000000,20.36000000,1214543.49000000
2023-05-20,20.35000000,20.37000000,20.08000000,20.28000000,856718.98000000
2023-05-21,20.28000000,20.39000000,19.33000000,19.61000000,1976334.78000000
2023-05-22,19.61000000,20.03000000,19.28000000,19.53000000,2054927.32000000
2023-05-23,19.52000000,20.18000000,19.42000000,20.02000000,2466255.33000000
2023-05-24,20.02000000,20.07000000,18.66000000,19.22000000,2780601.57000000
2023-05-25,19.22000000,19.58000000,18.77000000,19.25000000,1692742.89000000
2023-05-26,19.25000000,19.56000000,19.08000000,19.35000000,1034272.52000000
2023-05-27,19.35000000,20.54000000,19.33000000,20.43000000,1565995.03000000
2023-05-28,20.42000000,21.19000000,20.29000000,20.81000000,2874459.57000000
2023-05-29,20.81000000,20.98000000,20.26000000,20.57000000,2222352.38000000
2023-05-30,20.57000000,21.40000000,20.46000000,21.25000000,3192653.91000000
2023-05-31,21.25000000,21.33000000,20.37000000,20.81000000,2050625.96000000
2023-06-01,20.82000000,20.98000000,20.41000000,20.49000000,1732297.47000000
2023-06-02,20.49000000,21.37000000,20.30000000,21.26000000,2068166.11000000
2023-06-03,21.26000000,21.35000000,20.95000000,21.19000000,1130915.88000000
2023-06-04,21.19000000,22.30000000,21.03000000,21.82000000,2800007.16000000
2023-06-05,21.83000000,22.06000000,19.03000000,20.00000000,6215040.24000000
2023-06-06,20.01000000,20.70000000,19.23000000,20.38000000,4383534.14000000
2023-06-07,20.38000000,20.53000000,18.50000000,18.64000000,3842270.95000000
2023-06-08,18.64000000,19.11000000,18.23000000,18.89000000,2669714.01000000
2023-06-09,18.88000000,19.37000000,17.11000000,17.40000000,4755455.49000000
2023-06-10,17.40000000,17.43000000,12.80000000,15.61000000,17211734.83000000
2023-06-11,15.61000000,16.18000000,15.11000000,15.55000000,6064017.28000000
2023-06-12,15.55000000,15.69000000,14.74000000,15.19000000,5195357.99000000
2023-06-13,15.19000000,16.00000000,14.76000000,15.04000000,4814274.27000000
2023-06-14,15.03000000,15.37000000,14.06000000,14.48000000,3978891.53000000
2023-06-15,14.49000000,15.08000000,14.18000000,14.77000000,4700648.85000000
2023-06-16,14.78000000,15.47000000,14.38000000,15.31000000,2809890.09000000
2023-06-17,15.32000000,16.12000000,15.16000000,15.64000000,2500321.40000000
2023-06-18,15.65000000,15.84000000,15.28000000,15.45000000,1603688.44000000
2023-06-19,15.45000000,16.14000000,15.34000000,16.10000000,1890318.27000000
2023-06-20,16.10000000,16.69000000,15.73000000,16.64000000,3005581.72000000
2023-06-21,16.65000000,17.40000000,16.54000000,17.23000000,4146918.99000000
2023-06-22,17.23000000,17.75000000,16.57000000,16.62000000,3547312.43000000
2023-06-23,16.62000000,17.53000000,16.16000000,17.13000000,4851596.52000000
2023-06-24,17.14000000,17.53000000,16.37000000,16.64000000,2908701.89000000
2023-06-25,16.64000000,17.38000000,16.57000000,16.96000000,2723041.25000000
2023-06-26,16.96000000,17.12000000,15.89000000,16.27000000,3056592.40000000
2023-06-27,16.27000000,16.93000000,16.13000000,16.63000000,2951107.45000000
2023-06-28,16.63000000,16.65000000,15.60000000,15.97000000,4040252.29000000
2023-06-29,15.98000000,18.28000000,15.87000000,17.99000000,7948251.73000000
2023-06-30,18.00000000,20.03000000,17.01000000,18.86000000,11454016.49000000
2023-07-01,18.85000000,19.00000000,17.90000000,18.70000000,3515091.93000000
2023-07-02,18.70000000,19.74000000,18.53000000,19.45000000,4872775.08000000
2023-07-03,19.46000000,19.66000000,18.87000000,19.26000000,3065186.84000000
2023-07-04,19.25000000,19.94000000,19.06000000,19.13000000,3096292.18000000
2023-07-05,19.14000000,19.53000000,18.32000000,19.00000000,2415908.51000000
2023-07-06,18.99000000,21.00000000,18.82000000,19.61000000,9598016.99000000
2023-07-07,19.61000000,21.90000000,19.26000000,21.50000000,9794096.48000000
2023-07-08,21.51000000,22.50000000,21.32000000,21.81000000,6473021.26000000
2023-07-09,21.82000000,22.38000000,20.99000000,21.32000000,3867361.76000000
2023-07-10,21.32000000,21.81000000,20.47000000,21.30000000,5671089.94000000
2023-07-11,21.30000000,22.37000000,21.20000000,22.07000000,4616810.71000000
2023-07-12,22.06000000,22.80000000,21.74000000,21.94000000,6086113.95000000
2023-07-13,21.93000000,26.82000000,21.42000000,26.01000000,16102139.02000000
2023-07-14,26.01000000,32.13000000,25.23000000,26.67000000,19571913.81000000
2023-07-15,26.67000000,29.12000000,26.45000000,27.46000000,11042658.65000000
2023-07-16,27.47000000,28.70000000,26.46000000,27.42000000,6708916.61000000
2023-07-17,27.41000000,28.49000000,25.55000000,26.80000000,8662837.64000000
2023-07-18,26.80000000,27.09000000,24.76000000,25.54000000,6327315.88000000
2023-07-19,25.54000000,26.99000000,25.35000000,26.31000000,4966905.24000000
2023-07-20,26.31000000,27.38000000,25.03000000,25.38000000,4977278.58000000
2023-07-21,25.38000000,26.00000000,25.06000000,25.50000000,3295444.38000000
2023-07-22,25.51000000,25.97000000,24.00000000,24.52000000,2382898.21000000
2023-07-23,24.52000000,25.26000000,24.15000000,24.76000000,2341589.79000000
2023-07-24,24.76000000,24.83000000,22.89000000,23.37000000,4042066.22000000
2023-07-25,23.36000000,23.60000000,22.73000000,23.27000000,2522195.44000000
2023-07-26,23.28000000,25.68000000,23.17000000,25.17000000,6033716.58000000
2023-07-27,25.18000000,25.65000000,24.66000000,25.10000000,4207657.06000000
2023-07-28,25.10000000,25.56000000,24.54000000,24.82000000,2736684.18000000
2023-07-29,24.82000000,25.39000000,24.75000000,25.17000000,1768964.07000000
2023-07-30,25.17000000,25.21000000,23.47000000,24.25000000,2774658.63000000
2023-07-31,24.25000000,24.79000000,23.52000000,23.73000000,3167365.08000000
2023-08-01,23.72000000,24.07000000,22.84000000,24.05000000,3598080.21000000
2023-08-02,24.06000000,24.29000000,22.82000000,23.15000000,3308680.67000000
2023-08-03,23.14000000,23.38000000,22.44000000,22.65000000,2981853.02000000
2023-08-04,22.65000000,23.57000000,22.48000000,22.80000000,3225053.92000000
2023-08-05,22.80000000,22.94000000,22.23000000,22.65000000,1781301.39000000
2023-08-06,22.66000000,23.48000000,22.58000000,23.20000000,2662470.70000000
2023-08-07,23.20000000,23.67000000,22.27000000,23.12000000,3303008.90000000
2023-08-08,23.11000000,24.79000000,23.02000000,24.22000000,4652753.86000000
2023-08-09,24.22000000,24.99000000,24.10000000,24.38000000,3857674.95000000
2023-08-10,24.39000000,24.89000000,24.13000000,24.62000000,2556841.66000000
2023-08-11,24.63000000,24.93000000,24.34000000,24.62000000,2415119.74000000
2023-08-12,24.63000000,25.24000000,24.40000000,24.91000000,1814019.36000000
2023-08-13,24.91000000,24.95000000,24.21000000,24.23000000,2013530.94000000
2023-08-14,24.22000000,25.30000000,24.06000000,25.18000000,2935003.90000000
2023-08-15,25.19000000,25.42000000,23.74000000,23.90000000,3856498.57000000
2023-08-16,23.91000000,24.03000000,22.36000000,22.82000000,4333224.40000000
2023-08-17,22.82000000,23.43000000,20.00000000,21.66000000,6294552.09000000
2023-08-18,21.67000000,22.20000000,20.90000000,21.34000000,3890112.81000000
2023-08-19,21.34000000,22.18000000,21.29000000,21.90000000,1694233.32000000
2023-08-20,21.89000000,22.04000000,21.57000000,21.77000000,1053613.37000000
2023-08-21,21.78000000,21.79000000,20.30000000,21.20000000,2646392.48000000
2023-08-22,21.20000000,21.26000000,19.35000000,20.59000000,3635900.71000000
2023-08-23,20.59000000,21.82000000,20.33000000,21.74000000,3704350.50000000
2023-08-24,21.74000000,22.02000000,20.67000000,21.06000000,2719332.54000000
2023-08-25,21.05000000,21.06000000,20.09000000,20.42000000,2321828.30000000
2023-08-26,20.42000000,20.44000000,20.19000000,20.29000000,743690.27000000
2023-08-27,20.28000000,20.92000000,20.24000000,20.79000000,1103526.81000000
2023-08-28,20.79000000,20.80000000,20.03000000,20.56000000,1622343.78000000
2023-08-29,20.57000000,22.05000000,20.12000000,21.79000000,5271801.95000000
2023-08-30,21.79000000,21.99000000,20.60000000,20.82000000,2462706.77000000
2023-08-31,20.82000000,21.07000000,19.43000000,19.74000000,3342646.88000000
2023-09-01,19.74000000,19.93000000,19.02000000,19.33000000,2517375.38000000
2023-09-02,19.33000000,19.69000000,19.13000000,19.50000000,1419243.59000000
2023-09-03,19.50000000,19.67000000,19.23000000,19.57000000,1032117.62000000
2023-09-04,19.57000000,20.05000000,19.15000000,19.52000000,2206040.45000000
2023-09-05,19.52000000,20.60000000,19.03000000,20.26000000,4197171.75000000
2023-09-06,20.26000000,20.39000000,19.14000000,19.64000000,3429947.48000000
2023-09-07,19.63000000,20.00000000,19.32000000,19.92000000,2375627.15000000
2023-09-08,19.92000000,20.28000000,19.37000000,19.61000000,1972054.86000000
2023-09-09,19.60000000,19.61000000,19.38000000,19.44000000,646379.52000000
2023-09-10,19.43000000,19.44000000,17.78000000,18.24000000,5630975.71000000
2023-09-11,18.23000000,18.46000000,17.33000000,17.72000000,4755172.77000000
2023-09-12,17.72000000,18.80000000,17.57000000,17.92000000,4818249.11000000
2023-09-13,17.91000000,18.56000000,17.69000000,18.40000000,4063710.36000000
2023-09-14,18.40000000,19.33000000,18.38000000,18.85000000,4397747.38000000
2023-09-15,18.85000000,19.50000000,18.55000000,19.14000000,2087888.26000000
2023-09-16,19.15000000,19.46000000,18.86000000,19.12000000,1416418.73000000
2023-09-17,19.12000000,19.14000000,18.63000000,18.81000000,1073239.72000000
2023-09-18,18.81000000,20.15000000,18.58000000,19.64000000,3731851.86000000
2023-09-19,19.65000000,20.42000000,19.58000000,20.03000000,3110481.29000000
2023-09-20,20.02000000,20.54000000,19.80000000,20.29000000,2588399.20000000
2023-09-21,20.29000000,20.29000000,19.29000000,19.46000000,2959370.24000000
2023-09-22,19.45000000,19.81000000,19.15000000,19.43000000,1857771.33000000
2023-09-23,19.42000000,19.57000000,19.29000000,19.49000000,897913.00000000
2023-09-24,19.48000000,19.68000000,19.20000000,19.36000000,1091026.97000000
2023-09-25,19.36000000,19.74000000,19.07000000,19.39000000,1702995.14000000
2023-09-26,19.39000000,19.53000000,18.84000000,19.03000000,1977195.60000000
2023-09-27,19.03000000,19.48000000,18.73000000,19.14000000,2446438.20000000
2023-09-28,19.13000000,19.98000000,19.10000000,19.96000000,2804835.46000000
2023-09-29,19.97000000,20.46000000,19.85000000,20.28000000,2724984.42000000
2023-09-30,20.28000000,21.81000000,20.07000000,21.37000000,3565357.52000000
2023-10-01,21.37000000,24.50000000,21.13000000,23.87000000,6416328.50000000
2023-10-02,23.88000000,24.80000000,22.90000000,23.37000000,6313085.51000000
2023-10-03,23.38000000,24.77000000,23.21000000,23.60000000,5894722.26000000
2023-10-04,23.61000000,23.86000000,22.58000000,23.13000000,3945261.33000000
2023-10-05,23.13000000,23.76000000,22.53000000,22.70000000,3287722.78000000
2023-10-06,22.70000000,23.76000000,22.66000000,23.41000000,4366362.12000000
2023-10-07,23.41000000,24.21000000,23.08000000,23.30000000,2949841.72000000
2023-10-08,23.29000000,23.64000000,23.06000000,23.22000000,1934466.13000000
2023-10-09,23.21000000,23.37000000,21.59000000,22.10000000,4186290.48000000
2023-10-10,22.09000000,22.48000000,21.69000000,22.11000000,2334716.24000000
2023-10-11,22.11000000,22.43000000,21.62000000,22.01000000,2734211.94000000
2023-10-12,22.01000000,22.05000000,20.93000000,21.28000000,2921129.02000000
2023-10-13,21.29000000,22.23000000,21.11000000,21.84000000,2403623.09000000
2023-10-14,21.85000000,22.31000000,21.80000000,22.00000000,1303774.54000000
2023-10-15,22.00000000,22.17000000,21.66000000,21.93000000,1455965.78000000
2023-10-16,21.93000000,24.75000000,21.89000000,23.95000000,6973642.82000000
2023-10-17,23.95000000,24.56000000,23.46000000,23.93000000,4456015.31000000
2023-10-18,23.94000000,24.43000000,23.36000000,23.42000000,2982409.96000000
2023-10-19,23.41000000,25.77000000,23.11000000,24.93000000,5889168.99000000
2023-10-20,24.92000000,27.50000000,24.73000000,27.03000000,7266627.01000000
2023-10-21,27.02000000,30.31000000,26.65000000,29.32000000,9576358.72000000
2023-10-22,29.33000000,30.01000000,28.09000000,29.05000000,5567480.03000000
2023-10-23,29.06000000,32.81000000,28.74000000,31.88000000,12178546.11000000
2023-10-24,31.88000000,32.61000000,29.50000000,30.17000000,11152278.09000000
2023-10-25,30.18000000,33.90000000,30.00000000,32.44000000,10582632.89000000
2023-10-26,32.43000000,33.28000000,30.73000000,32.77000000,6940180.71000000
2023-10-27,32.78000000,33.35000000,31.20000000,31.73000000,6273331.35000000
2023-10-28,31.73000000,32.51000000,31.35000000,31.63000000,2594478.41000000
2023-10-29,31.62000000,33.19000000,31.27000000,32.83000000,3483834.90000000
2023-10-30,32.83000000,35.35000000,32.28000000,34.94000000,7627255.13000000
2023-10-31,34.94000000,38.62000000,34.82000000,38.40000000,9267665.69000000
2023-11-01,38.41000000,46.90000000,37.81000000,41.15000000,19486359.98000000
2023-11-02,41.16000000,44.57000000,38.65000000,40.23000000,14743830.91000000
2023-11-03,40.24000000,40.26000000,37.98000000,39.45000000,10290073.48000000
2023-11-04,39.45000000,42.72000000,39.00000000,42.41000000,7452581.71000000
2023-11-05,42.41000000,42.85000000,40.10000000,41.15000000,4117962.39000000
2023-11-06,41.16000000,42.20000000,39.66000000,42.16000000,4866558.59000000
2023-11-07,42.16000000,44.78000000,40.08000000,42.93000000,8826660.47000000
2023-11-08,42.93000000,43.88000000,42.25000000,43.13000000,4580371.01000000
2023-11-09,43.12000000,48.88000000,41.36000000,45.29000000,12546941.33000000
2023-11-10,45.30000000,57.54000000,45.05000000,56.67000000,14708555.35000000
2023-11-11,56.67000000,63.95000000,53.55000000,56.34000000,13790858.30000000
2023-11-12,56.36000000,61.86000000,54.50000000,56.28000000,10246085.39000000
2023-11-13,56.27000000,59.86000000,51.28000000,51.60000000,11066863.24000000
2023-11-14,51.60000000,57.99000000,51.12000000,56.81000000,12213778.24000000
2023-11-15,56.81000000,67.12000000,56.15000000,65.43000000,12800109.28000000
2023-11-16,65.43000000,68.20000000,56.31000000,57.80000000,13868327.04000000
2023-11-17,57.81000000,60.57000000,54.10000000,58.51000000,11968303.78000000
2023-11-18,58.52000000,59.37000000,54.70000000,58.56000000,7374946.50000000
2023-11-19,58.56000000,62.10000000,56.61000000,61.10000000,7009650.09000000
2023-11-20,61.10000000,61.33000000,56.00000000,56.57000000,7127562.28000000
2023-11-21,56.57000000,57.40000000,51.23000000,51.65000000,10741088.90000000
2023-11-22,51.65000000,58.94000000,51.43000000,57.56000000,7891464.65000000
2023-11-23,57.55000000,59.63000000,56.14000000,56.51000000,4925635.15000000
2023-11-24,56.52000000,58.79000000,56.20000000,56.86000000,3905651.92000000
2023-11-25,56.86000000,59.82000000,55.70000000,58.82000000,4095129.28000000
2023-11-26,58.81000000,59.04000000,56.12000000,57.57000000,3097837.47000000
2023-11-27,57.57000000,58.09000000,53.47000000,55.06000000,4618869.60000000
2023-11-28,55.06000000,58.65000000,53.94000000,58.18000000,5642915.95000000
2023-11-29,58.18000000,61.78000000,57.72000000,59.31000000,7574392.84000000
2023-11-30,59.31000000,61.70000000,58.75000000,59.30000000,4597104.01000000
2023-12-01,59.30000000,61.90000000,58.60000000,59.75000000,5422494.06000000
2023-12-02,59.74000000,63.90000000,59.67000000,63.66000000,4898503.76000000
2023-12-03,63.66000000,65.53000000,62.22000000,62.98000000,4675198.65000000
2023-12-04,62.99000000,65.25000000,59.75000000,61.64000000,7696216.19000000
2023-12-05,61.63000000,62.60000000,59.11000000,61.03000000,6032438.26000000
2023-12-06,61.04000000,66.68000000,61.03000000,61.85000000,11121135.68000000
2023-12-07,61.85000000,69.37000000,61.64000000,67.74000000,10648583.32000000
2023-12-08,67.74000000,75.30000000,67.74000000,74.94000000,11314830.34800000
2023-12-09,74.93000000,77.78000000,71.50000000,72.30000000,8809964.30000000
2023-12-10,72.31000000,74.89000000,70.67000000,74.87000000,5886808.01000000
2023-12-11,74.88000000,75.00000000,64.18000000,70.25000000,12970688.47000000
2023-12-12,70.24000000,72.42000000,65.75000000,68.60000000,7763463.64000000
2023-12-13,68.60000000,72.60000000,63.67000000,70.62000000,8271925.44000000
2023-12-14,70.62000000,76.24000000,68.18000000,75.68000000,7493589.41000000
2023-12-15,75.68000000,79.50000000,72.13000000,72.51000000,8834567.44000000
2023-12-16,72.51000000,77.22000000,71.18000000,73.72000000,5513079.61000000
2023-12-17,73.71000000,75.05000000,70.36000000,70.87000000,5108641.26000000
2023-12-18,70.85000000,75.46000000,67.00000000,74.42000000,7219822.33000000
2023-12-19,74.41000000,76.37000000,71.78000000,73.00000000,6086806.16000000
2023-12-20,73.00000000,84.14000000,72.96000000,82.21000000,10701294.29000000
2023-12-21,82.22000000,95.54000000,81.03000000,93.84000000,12129644.35000000
2023-12-22,93.86000000,99.50000000,90.34000000,97.90000000,11975121.56000000
2023-12-23,97.91000000,110.00000000,92.80000000,107.88000000,8336420.60000000
2023-12-24,107.88000000,118.10000000,107.30000000,112.45000000,12261699.03000000
2023-12-25,112.45000000,126.36000000,107.92000000,120.91000000,11114497.92000000
2023-12-26,120.91000000,121.36000000,102.09000000,112.49000000,12300095.38000000
2023-12-27,112.48000000,115.30000000,104.58000000,106.91000000,8972638.90000000
2023-12-28,106.92000000,109.66000000,97.14000000,101.80000000,10194201.02000000
2023-12-29,101.80000000,110.00000000,99.00000000,106.17000000,9432538.67000000
2023-12-30,106.17000000,107.47000000,100.62000000,101.90000000,4178339.62000000
2023-12-31,101.90000000,105.21000000,99.54000000,101.72000000,3821990.67000000
2024-01-01,101.72000000,109.93000000,101.44000000,109.91000000,4403310.37000000
2024-01-02,109.93000000,116.95000000,106.02000000,106.73000000,7831366.05000000
2024-01-03,106.72000000,109.90000000,85.00000000,98.52000000,12221060.38000000
2024-01-04,98.52000000,108.15000000,96.60000000,104.91000000,7235482.95000000
2024-01-05,104.91000000,105.48000000,95.23000000,99.94000000,6703567.21000000
2024-01-06,99.93000000,100.30000000,91.53000000,93.77000000,5151478.03000000
2024-01-07,93.77000000,96.80000000,87.68000000,89.44000000,5547334.15000000
2024-01-08,89.44000000,99.97000000,85.16000000,97.88000000,9677497.13000000
2024-01-09,97.88000000,104.89000000,95.25000000,99.36000000,8574930.67000000
2024-01-10,99.36000000,105.52000000,91.68000000,102.00000000,8634280.07000000
2024-01-11,101.99000000,107.32000000,97.67000000,99.90000000,8986682.95000000
2024-01-12,99.89000000,100.49000000,87.00000000,92.12000000,6462190.24000000
2024-01-13,92.14000000,97.05000000,89.51000000,95.85000000,4054010.92000000
2024-01-14,95.85000000,102.87000000,93.62000000,93.81000000,5767904.66000000
2024-01-15,93.81000000,96.96000000,92.97000000,94.36000000,3605978.31000000
2024-01-16,94.35000000,98.73000000,94.16000000,97.61000000,3768288.08000000
2024-01-17,97.60000000,102.80000000,96.50000000,102.10000000,6932306.54000000
2024-01-18,102.10000000,103.59000000,91.41000000,94.40000000,6216673.00000000
2024-01-19,94.39000000,95.47000000,87.04000000,93.62000000,6357442.75000000
2024-01-20,93.62000000,94.27000000,90.20000000,92.88000000,2799385.87000000
2024-01-21,92.88000000,93.93000000,90.79000000,91.09000000,2013751.83000000
2024-01-22,91.08000000,91.90000000,82.06000000,83.84000000,7065444.82000000
2024-01-23,83.84000000,86.00000000,79.00000000,84.35000000,8284305.33000000
2024-01-24,84.36000000,89.47000000,83.30000000,88.77000000,6058894.15000000
2024-01-25,88.77000000,89.64000000,85.09000000,86.91000000,4002698.20000000
2024-01-26,86.90000000,93.72000000,85.96000000,92.28000000,4693818.55000000
2024-01-27,92.29000000,94.50000000,90.68000000,94.28000000,2735837.45000000
2024-01-28,94.27000000,99.44000000,93.31000000,95.98000000,5618408.23000000
2024-01-29,95.99000000,101.98000000,95.06000000,101.68000000,5772519.82000000
2024-01-30,101.67000000,106.49000000,100.95000000,101.40000000,6990527.25000000
2024-01-31,101.40000000,102.73000000,95.90000000,96.96000000,8609956.87000000
2024-02-01,96.96000000,98.11000000,93.11000000,97.81000000,6556006.07000000
2024-02-02,97.81000000,102.57000000,97.39000000,100.58000000,5487861.84000000
2024-02-03,100.57000000,101.24000000,96.53000000,97.96000000,2787373.11000000
2024-02-04,97.95000000,98.59000000,95.08000000,95.49000000,2914876.34000000
2024-02-05,95.48000000,98.70000000,94.11000000,95.66000000,3891146.06000000
2024-02-06,95.66000000,97.88000000,92.88000000,96.88000000,4279238.07000000
2024-02-07,96.87000000,101.58000000,94.62000000,101.14000000,4577672.06000000
2024-02-08,101.14000000,104.98000000,100.51000000,102.76000000,5082811.46000000
2024-02-09,102.77000000,109.13000000,102.76000000,106.94000000,6686758.45000000
2024-02-10,106.94000000,110.86000000,106.86000000,109.01000000,3939526.49000000
2024-02-11,109.01000000,110.67000000,107.24000000,107.46000000,2755398.40000000
2024-02-12,107.46000000,112.22000000,103.40000000,111.64000000,6169652.05000000
2024-02-13,111.65000000,115.15000000,108.25000000,112.48000000,5622825.56000000
2024-02-14,112.49000000,118.69000000,110.61000000,116.97000000,4884824.42000000
2024-02-15,116.97000000,118.39000000,111.51000000,113.50000000,4927735.50000000
2024-02-16,113.50000000,114.25000000,107.94000000,110.33000000,3947132.77000000
2024-02-17,110.32000000,111.08000000,105.00000000,108.92000000,2897705.67000000
2024-02-18,108.92000000,114.04000000,107.51000000,112.24000000,3083833.73000000
2024-02-19,112.25000000,114.87000000,110.75000000,111.53000000,3746704.95000000
2024-02-20,111.53000000,112.11000000,103.00000000,108.31000000,5676734.13000000
2024-02-21,108.32000000,108.40000000,100.23000000,105.03000000,4752688.01000000
2024-02-22,105.04000000,107.10000000,101.53000000,101.76000000,3905642.33000000
2024-02-23,101.75000000,103.10000000,98.64000000,99.90000000,3546853.99000000
2024-02-24,99.91000000,104.85000000,98.48000000,104.01000000,2334116.02000000
2024-02-25,104.02000000,104.43000000,102.00000000,103.47000000,1967184.81000000
2024-02-26,103.47000000,110.89000000,100.29000000,109.90000000,5392138.71000000
2024-02-27,109.90000000,112.30000000,105.29000000,108.36000000,6198163.52000000
2024-02-28,108.35000000,119.06000000,106.85000000,119.03000000,11832282.01000000
2024-02-29,119.03000000,134.65000000,117.15000000,125.68000000,13847087.32000000
2024-03-01,125.68000000,137.80000000,125.61000000,129.43000000,8376631.09000000
2024-03-02,129.43000000,131.69000000,127.20000000,130.02000000,4693251.94000000
2024-03-03,130.03000000,132.11000000,124.17000000,130.16000000,5228370.86000000
2024-03-04,130.16000000,134.95000000,127.35000000,133.27000000,8053684.79000000
2024-03-05,133.26000000,142.72000000,105.00000000,125.31000000,17035242.52000000
2024-03-06,125.31000000,134.95000000,120.00000000,130.79000000,9581617.48000000
2024-03-07,130.80000000,149.30000000,130.52000000,143.82000000,10952975.30000000
2024-03-08,143.82000000,152.64000000,142.00000000,144.79000000,8096745.65000000
2024-03-09,144.79000000,149.15000000,143.54000000,144.29000000,3686876.81000000
2024-03-10,144.30000000,148.50000000,140.43000000,144.39000000,4489519.25000000
2024-03-11,144.39000000,150.20000000,136.49000000,148.83000000,7743384.35000000
2024-03-12,148.83000000,155.00000000,141.50000000,151.05000000,8930538.00000000
2024-03-13,151.06000000,166.73000000,148.71000000,163.90000000,7627285.95000000
2024-03-14,163.90000000,178.50000000,159.20000000,176.65000000,10423585.86000000
2024-03-15,176.65000000,188.98000000,164.50000000,183.95000000,17484961.60000000
2024-03-16,183.95000000,197.95000000,176.78000000,182.05000000,13017058.01000000
2024-03-17,182.05000000,205.20000000,178.55000000,201.86000000,10524537.06000000
2024-03-18,201.85000000,210.18000000,193.80000000,195.92000000,11583736.08000000
2024-03-19,195.92000000,198.68000000,166.00000000,169.82000000,16935298.87000000
2024-03-20,169.82000000,193.19000000,162.45000000,191.77000000,12365784.68000000
2024-03-21,191.76000000,195.68000000,175.84000000,179.46000000,8064316.56000000
2024-03-22,179.46000000,181.95000000,167.57000000,175.21000000,6152106.89000000
2024-03-23,175.21000000,179.00000000,170.38000000,172.65000000,3504716.61000000
2024-03-24,172.65000000,186.78000000,171.25000000,183.88000000,3578259.38000000
2024-03-25,183.87000000,194.60000000,180.92000000,188.99000000,5240091.85000000
2024-03-26,188.98000000,196.57000000,186.00000000,190.46000000,4465611.36000000
2024-03-27,190.46000000,192.74000000,180.00000000,186.33000000,5173929.09000000
2024-03-28,186.34000000,190.93000000,180.92000000,189.63000000,3602194.14000000
2024-03-29,189.64000000,193.00000000,183.39000000,192.01000000,3580115.76000000
2024-03-30,192.02000000,200.00000000,190.71000000,194.20000000,3491334.38000000
2024-03-31,194.19000000,203.17000000,193.69000000,202.45000000,2398135.45000000
2024-04-01,202.45000000,204.46000000,186.87000000,192.24000000,4599776.65000000
2024-04-02,192.24000000,192.24000000,175.92000000,181.53000000,5766777.40000000
2024-04-03,181.53000000,192.00000000,176.92000000,185.05000000,5010275.57000000
2024-04-04,185.05000000,190.13000000,180.02000000,184.00000000,3773747.36000000
2024-04-05,184.00000000,185.07000000,167.84000000,174.37000000,5000847.22000000
2024-04-06,174.37000000,179.89000000,173.54000000,178.68000000,2641869.38000000
2024-04-07,178.69000000,182.71000000,176.85000000,179.52000000,2235798.23000000
2024-04-08,179.51000000,184.68000000,175.25000000,180.68000000,3690701.97000000
2024-04-09,180.68000000,180.90000000,169.11000000,172.42000000,3401885.89000000
2024-04-10,172.41000000,175.50000000,162.28000000,173.31000000,4653467.65000000
2024-04-11,173.30000000,176.32000000,170.07000000,172.37000000,3761197.49000000
2024-04-12,172.37000000,175.98000000,141.00000000,153.16000000,6842096.22000000
2024-04-13,153.16000000,155.00000000,116.00000000,138.47000000,15444420.06000000
2024-04-14,138.47000000,152.84000000,130.45000000,151.25000000,12428370.68000000
2024-04-15,151.26000000,156.06000000,133.56000000,138.51000000,9332424.74000000
2024-04-16,138.51000000,140.57000000,126.40000000,136.22000000,9794711.90000000
2024-04-17,136.21000000,142.77000000,126.87000000,131.84000000,9559485.27000000
2024-04-18,131.84000000,144.25000000,127.62000000,142.07000000,7805067.82000000
2024-04-19,142.08000000,147.49000000,128.50000000,142.50000000,11145361.53000000
2024-04-20,142.50000000,152.39000000,139.66000000,151.22000000,4855973.67000000
2024-04-21,151.21000000,153.50000000,146.68000000,148.80000000,3646801.53000000
2024-04-22,148.81000000,158.50000000,146.63000000,156.95000000,4967360.16000000
2024-04-23,156.94000000,160.00000000,153.04000000,154.75000000,4102272.11000000
2024-04-24,154.75000000,159.80000000,145.58000000,147.78000000,6491963.00000000
2024-04-25,147.79000000,149.60000000,142.09000000,144.84000000,5417465.27000000
2024-04-26,144.83000000,146.19000000,138.74000000,139.23000000,3749353.51000000
2024-04-27,139.23000000,143.04000000,132.88000000,141.31000000,3821061.91000000
2024-04-28,141.31000000,144.82000000,137.03000000,137.99000000,2951913.56000000
2024-04-29,137.99000000,138.93000000,133.38000000,137.77000000,4267883.49700000
2024-04-30,137.79000000,139.77000000,121.21000000,126.77000000,6026555.48800000
2024-05-01,126.76000000,135.97000000,118.47000000,134.64000000,7991325.27100000
2024-05-02,134.64000000,140.90000000,128.19000000,137.58000000,5743465.62100000
2024-05-03,137.58000000,145.00000000,135.88000000,143.69000000,4524855.55600000
2024-05-04,143.70000000,149.14000000,142.22000000,146.05000000,2808003.24000000
2024-05-05,146.05000000,148.00000000,143.10000000,145.73000000,2131850.26300000
2024-05-06,145.74000000,156.89000000,145.40000000,152.82000000,4787441.56700000
2024-05-07,152.81000000,159.19000000,147.76000000,148.03000000,4486379.59600000
2024-05-08,148.03000000,152.00000000,140.00000000,142.18000000,4533265.34100000
2024-05-09,142.17000000,153.39000000,140.61000000,152.57000000,3912139.90800000
2024-05-10,152.56000000,155.75000000,144.49000000,146.01000000,4124775.20800000
2024-05-11,146.02000000,147.70000000,143.12000000,145.42000000,2017032.81400000
2024-05-12,145.42000000,147.80000000,142.50000000,143.43000000,1422547.62700000
2024-05-13,143.42000000,150.88000000,137.78000000,147.54000000,4407929.92300000
2024-05-14,147.53000000,149.09000000,141.82000000,142.03000000,3389933.37100000
2024-05-15,142.03000000,158.88000000,141.21000000,158.52000000,4885274.20300000
2024-05-16,158.52000000,164.79000000,156.46000000,159.37000000,4200112.76500000
2024-05-17,159.36000000,174.00000000,159.32000000,169.44000000,4097186.84100000
2024-05-18,169.43000000,176.06000000,168.65000000,172.40000000,2874473.99700000
2024-05-19,172.40000000,175.50000000,165.96000000,169.93000000,2696984.07400000
2024-05-20,169.93000000,188.32000000,167.47000000,186.70000000,5690568.99800000
2024-05-21,186.69000000,188.89000000,174.37000000,178.15000000,4727780.06400000
2024-05-22,178.15000000,185.00000000,174.96000000,176.95000000,4272900.12700000
2024-05-23,176.96000000,181.04000000,165.35000000,176.16000000,5598921.63000000
2024-05-24,176.15000000,176.15000000,162.50000000,167.70000000,4819660.64200000
2024-05-25,167.70000000,170.55000000,165.90000000,168.35000000,1911443.13500000
2024-05-26,168.35000000,168.40000000,161.00000000,163.41000000,3126117.98900000
2024-05-27,163.42000000,172.28000000,163.26000000,170.15000000,3260017.05500000
2024-05-28,170.15000000,173.24000000,164.92000000,168.68000000,3779251.34300000
2024-05-29,168.68000000,173.93000000,167.00000000,168.32000000,2946277.29400000
2024-05-30,168.32000000,173.00000000,163.55000000,166.88000000,3307767.04700000
2024-05-31,166.88000000,170.94000000,163.67000000,165.65000000,2592736.38800000
2024-06-01,165.65000000,167.95000000,165.64000000,166.14000000,1070498.92800000
2024-06-02,166.14000000,167.10000000,161.32000000,163.15000000,1669577.98600000
2024-06-03,163.14000000,167.21000000,161.79000000,164.89000000,2378016.53200000
2024-06-04,164.90000000,171.87000000,164.31000000,171.78000000,2124954.01500000
2024-06-05,171.78000000,175.60000000,170.00000000,173.54000000,2560223.58900000
2024-06-06,173.55000000,174.40000000,167.51000000,170.15000000,2116238.23400000
2024-06-07,170.15000000,172.85000000,152.92000000,162.50000000,3538852.09100000
2024-06-08,162.51000000,163.78000000,157.37000000,157.83000000,1789882.65000000
2024-06-09,157.83000000,163.04000000,156.52000000,162.12000000,1444905.00000000
2024-06-10,162.12000000,163.18000000,157.46000000,159.05000000,1760276.95400000
2024-06-11,159.04000000,159.75000000,145.20000000,149.31000000,3646582.77700000
2024-06-12,149.31000000,161.84000000,145.44000000,155.22000000,3851856.39400000
2024-06-13,155.21000000,155.21000000,146.03000000,147.29000000,2573289.11100000
2024-06-14,147.29000000,149.00000000,139.67000000,143.05000000,3183461.49300000
2024-06-15,143.04000000,145.78000000,142.92000000,145.52000000,1346924.92200000
2024-06-16,145.52000000,151.35000000,143.08000000,151.30000000,1405879.42700000
2024-06-17,151.30000000,151.79000000,139.85000000,143.27000000,3412959.81200000
2024-06-18,143.28000000,143.82000000,127.95000000,137.41000000,6557976.71000000
2024-06-19,137.41000000,141.90000000,134.47000000,135.62000000,3536777.46800000
2024-06-20,135.62000000,141.29000000,131.90000000,133.55000000,3507680.50800000
2024-06-21,133.55000000,135.38000000,128.76000000,134.60000000,3230074.02700000
2024-06-22,134.61000000,136.74000000,133.00000000,133.69000000,1399215.89100000
2024-06-23,133.70000000,135.09000000,128.22000000,128.69000000,1492401.23100000
2024-06-24,128.68000000,132.66000000,122.00000000,132.33000000,5583497.77700000
2024-06-25,132.34000000,139.90000000,131.20000000,136.58000000,3963661.70400000
2024-06-26,136.57000000,140.41000000,134.85000000,136.81000000,2503428.06600000
2024-06-27,136.81000000,151.21000000,135.20000000,149.71000000,4450967.43600000
2024-06-28,149.71000000,150.84000000,139.01000000,140.03000000,3339031.26700000
2024-06-29,140.03000000,143.26000000,139.67000000,140.28000000,1468985.54300000
2024-06-30,140.28000000,147.62000000,137.09000000,146.61000000,2086670.18900000
2024-07-01,146.61000000,149.36000000,145.87000000,146.67000000,2280252.83600000
2024-07-02,146.68000000,155.00000000,146.14000000,154.03000000,2776061.29200000
2024-07-03,154.03000000,154.50000000,139.01000000,140.84000000,4189341.93300000
2024-07-04,140.84000000,142.75000000,127.20000000,127.86000000,5230812.15800000
2024-07-05,127.85000000,136.58000000,121.00000000,134.32000000,7669471.23100000
2024-07-06,134.32000000,144.35000000,132.33000000,143.05000000,2873919.13600000
2024-07-07,143.05000000,143.33000000,131.23000000,131.64000000,2590805.36900000
2024-07-08,131.64000000,142.00000000,127.77000000,139.81000000,5708358.00800000
2024-07-09,139.81000000,144.33000000,136.45000000,141.42000000,3363673.60600000
2024-07-10,141.43000000,146.20000000,138.60000000,141.98000000,2700825.89300000
2024-07-11,141.99000000,146.10000000,135.64000000,135.73000000,3363094.13000000
2024-07-12,135.73000000,140.55000000,133.92000000,139.46000000,2929528.43100000
2024-07-13,139.47000000,143.60000000,137.94000000,141.90000000,1357177.62100000
2024-07-14,141.89000000,148.56000000,141.87000000,147.66000000,2997466.75700000
2024-07-15,147.66000000,159.95000000,147.00000000,159.38000000,3428848.52200000
2024-07-16,159.37000000,162.49000000,152.57000000,160.62000000,3988105.45400000
2024-07-17,160.62000000,163.80000000,154.68000000,155.50000000,2840583.09000000
2024-07-18,155.50000000,161.60000000,155.07000000,159.22000000,2584704.12400000
2024-07-19,159.22000000,172.42000000,156.07000000,169.13000000,4685513.24000000
2024-07-20,169.12000000,175.10000000,167.27000000,173.60000000,2047796.04600000
2024-07-21,173.60000000,185.17000000,170.27000000,184.49000000,3684536.41100000
2024-07-22,184.49000000,185.00000000,176.71000000,178.90000000,3345609.52500000
2024-07-23,178.90000000,180.54000000,169.72000000,173.03000000,3895827.33200000
2024-07-24,173.03000000,182.50000000,170.90000000,178.06000000,3845177.71300000
2024-07-25,178.07000000,179.59000000,165.42000000,171.85000000,4859387.42800000
2024-07-26,171.86000000,185.01000000,171.69000000,183.06000000,3030603.24600000
2024-07-27,183.07000000,188.33000000,178.11000000,183.92000000,3518852.05600000
2024-07-28,183.92000000,186.77000000,181.16000000,184.90000000,1901473.95700000
2024-07-29,184.91000000,193.98000000,181.57000000,182.57000000,4024560.31400000
2024-07-30,182.57000000,184.95000000,175.39000000,179.16000000,3074498.49300000
2024-07-31,179.16000000,185.10000000,171.61000000,171.71000000,3250862.52700000
2024-08-01,171.70000000,172.91000000,157.91000000,167.37000000,5523497.61500000
2024-08-02,167.37000000,169.43000000,150.00000000,152.77000000,5553017.93400000
2024-08-03,152.78000000,154.05000000,140.00000000,142.52000000,5444954.69300000
2024-08-04,142.53000000,146.08000000,131.22000000,138.33000000,7037715.28500000
2024-08-05,138.32000000,139.37000000,110.00000000,129.78000000,24267557.81900000
2024-08-06,129.79000000,149.59000000,129.40000000,144.40000000,8362643.63400000
2024-08-07,144.40000000,155.00000000,142.21000000,144.77000000,8372307.58700000
2024-08-08,144.78000000,163.70000000,141.40000000,163.13000000,7303133.96000000
2024-08-09,163.12000000,163.54000000,150.72000000,156.28000000,4098735.23300000
2024-08-10,156.29000000,158.75000000,152.54000000,154.01000000,1885839.23300000
2024-08-11,154.01000000,158.00000000,141.20000000,141.57000000,3468314.25500000
2024-08-12,141.56000000,150.79000000,141.20000000,146.29000000,4946945.23900000
2024-08-13,146.29000000,149.82000000,142.92000000,146.65000000,2865655.42300000
2024-08-14,146.65000000,152.18000000,142.36000000,143.71000000,3927148.64700000
2024-08-15,143.70000000,147.64000000,137.78000000,142.58000000,4229038.81600000
2024-08-16,142.58000000,144.88000000,136.10000000,139.04000000,4035320.60500000
2024-08-17,139.04000000,141.99000000,137.61000000,141.93000000,1561594.10300000
2024-08-18,141.92000000,147.31000000,140.56000000,142.42000000,2352046.74300000
2024-08-19,142.42000000,146.19000000,140.33000000,144.29000000,2940357.95300000
2024-08-20,144.28000000,148.83000000,141.00000000,142.27000000,3021467.59600000
2024-08-21,142.27000000,144.42000000,138.70000000,142.79000000,2519581.85900000
2024-08-22,142.78000000,144.88000000,140.63000000,143.22000000,1825402.71800000
2024-08-23,143.23000000,154.08000000,142.68000000,153.26000000,3781090.16200000
2024-08-24,153.27000000,162.30000000,151.97000000,160.67000000,3739086.94900000
2024-08-25,160.67000000,162.00000000,155.25000000,158.92000000,2629083.70300000
2024-08-26,158.92000000,162.00000000,155.53000000,157.12000000,3318398.04100000
2024-08-27,157.12000000,159.69000000,145.03000000,146.79000000,3650375.76600000
2024-08-28,146.78000000,149.30000000,140.53000000,143.95000000,4270867.03400000
2024-08-29,143.96000000,147.36000000,138.05000000,140.00000000,2921816.82900000
2024-08-30,140.01000000,141.11000000,132.04000000,137.99000000,4038797.16900000
2024-08-31,137.99000000,139.23000000,134.49000000,135.35000000,1230210.74500000
2024-09-01,135.35000000,136.15000000,127.66000000,128.50000000,2928444.74100000
2024-09-02,128.50000000,135.39000000,126.80000000,134.94000000,3146315.55400000
2024-09-03,134.95000000,138.13000000,127.15000000,127.54000000,2627381.92500000
2024-09-04,127.54000000,134.98000000,122.60000000,133.64000000,3814059.10900000
2024-09-05,133.64000000,135.58000000,127.85000000,129.41000000,2762037.05200000
2024-09-06,129.40000000,134.29000000,120.00000000,125.05000000,5494252.37000000
2024-09-07,125.05000000,129.50000000,124.13000000,127.71000000,2111596.96500000
2024-09-08,127.72000000,131.70000000,126.61000000,130.15000000,1971919.86600000
2024-09-09,130.15000000,137.09000000,126.96000000,135.08000000,3664956.87800000
2024-09-10,135.07000000,138.00000000,132.50000000,135.63000000,2305171.22000000
2024-09-11,135.64000000,135.91000000,128.20000000,132.42000000,3139383.41800000
2024-09-12,132.43000000,136.78000000,132.38000000,136.05000000,2273359.30900000
2024-09-13,136.06000000,139.80000000,131.70000000,139.02000000,2714532.02500000
2024-09-14,139.02000000,139.80000000,135.60000000,137.14000000,1396833.29800000
2024-09-15,137.15000000,137.95000000,130.43000000,131.37000000,1850456.74000000
2024-09-16,131.38000000,132.40000000,128.91000000,131.47000000,2136388.30500000
2024-09-17,131.47000000,135.55000000,130.12000000,131.54000000,2339845.91100000
2024-09-18,131.54000000,134.45000000,127.07000000,134.34000000,3309787.25800000
2024-09-19,134.34000000,144.04000000,134.27000000,142.89000000,4130435.35000000
2024-09-20,142.88000000,152.50000000,141.18000000,146.66000000,4488100.61500000
2024-09-21,146.67000000,150.25000000,144.61000000,149.41000000,1916733.21600000
2024-09-22,149.42000000,149.92000000,141.12000000,144.63000000,2165962.88800000
2024-09-23,144.64000000,149.07000000,142.13000000,144.79000000,3226373.77300000
2024-09-24,144.79000000,154.00000000,143.09000000,152.73000000,4015502.93100000
2024-09-25,152.74000000,153.93000000,147.28000000,147.98000000,2728253.34600000
2024-09-26,147.97000000,158.05000000,146.57000000,155.55000000,4251220.76300000
2024-09-27,155.54000000,161.43000000,153.89000000,157.64000000,3725660.99800000
2024-09-28,157.63000000,159.43000000,155.00000000,156.75000000,1580834.34100000
2024-09-29,156.75000000,161.78000000,155.09000000,158.46000000,2350658.47600000
2024-09-30,158.47000000,159.77000000,151.73000000,152.49000000,3240682.20600000
2024-10-01,152.51000000,157.34000000,142.29000000,145.13000000,4991241.41900000
2024-10-02,145.12000000,148.96000000,138.61000000,140.18000000,3817606.11900000
2024-10-03,140.18000000,142.96000000,133.11000000,136.82000000,3742347.84500000
2024-10-04,136.81000000,144.55000000,135.95000000,143.24000000,3120151.95300000
2024-10-05,143.24000000,144.93000000,141.06000000,142.59000000,1475217.81600000
2024-10-06,142.59000000,146.75000000,142.00000000,146.48000000,1409071.40000000
2024-10-07,146.47000000,152.40000000,143.50000000,143.96000000,3607754.95100000
2024-10-08,143.97000000,145.60000000,141.17000000,143.49000000,2153828.15300000
2024-10-09,143.50000000,145.34000000,138.66000000,139.33000000,2071518.06100000
2024-10-10,139.33000000,140.92000000,135.52000000,139.03000000,2289782.90700000
2024-10-11,139.04000000,146.62000000,138.68000000,145.53000000,2269088.91800000
2024-10-12,145.52000000,147.32000000,144.71000000,146.40000000,1347679.54800000
2024-10-13,146.39000000,148.86000000,144.45000000,147.74000000,1599054.83300000
2024-10-14,147.74000000,158.10000000,146.80000000,157.59000000,3987055.14500000
2024-10-15,157.59000000,159.73000000,150.30000000,154.76000000,4480025.11100000
2024-10-16,154.76000000,158.41000000,153.00000000,154.28000000,2851816.35000000
2024-10-17,154.28000000,155.73000000,147.66000000,150.50000000,2664809.94800000
2024-10-18,150.50000000,156.65000000,149.56000000,154.94000000,1829394.11800000
2024-10-19,154.93000000,159.85000000,153.45000000,159.79000000,1724504.16600000
2024-10-20,159.79000000,167.94000000,157.58000000,167.40000000,3094698.82500000
2024-10-21,167.40000000,171.76000000,160.99000000,166.17000000,4807758.74200000
2024-10-22,166.16000000,170.99000000,162.99000000,167.59000000,4115685.50200000
2024-10-23,167.60000000,174.30000000,164.13000000,170.85000000,4509792.29200000
2024-10-24,170.86000000,179.30000000,170.50000000,177.19000000,3893052.12000000
2024-10-25,177.19000000,177.60000000,159.12000000,164.90000000,5718307.06600000
2024-10-26,164.91000000,173.25000000,162.43000000,170.88000000,3010702.79600000
2024-10-27,170.87000000,178.27000000,170.26000000,176.63000000,2606131.77100000
2024-10-28,176.63000000,179.80000000,172.45000000,178.29000000,3877330.22100000
2024-10-29,178.28000000,183.38000000,176.41000000,179.42000000,4046109.93900000
2024-10-30,179.43000000,181.36000000,173.01000000,174.87000000,2893112.75100000
2024-10-31,174.87000000,176.56000000,167.56000000,168.69000000,2661529.29800000
2024-11-01,168.69000000,174.00000000,163.43000000,166.10000000,3325662.44700000
2024-11-02,166.11000000,168.61000000,162.11000000,166.17000000,1603273.60300000
2024-11-03,166.16000000,166.61000000,157.82000000,162.53000000,2745309.82900000
2024-11-04,162.52000000,165.04000000,155.11000000,157.95000000,3019251.32500000
2024-11-05,157.95000000,169.30000000,156.86000000,166.62000000,3438156.87100000
2024-11-06,166.63000000,190.01000000,166.40000000,186.59000000,10385235.99200000
2024-11-07,186.59000000,197.84000000,185.84000000,196.35000000,4210329.82000000
2024-11-08,196.36000000,205.00000000,195.64000000,199.85000000,5129244.18800000
2024-11-09,199.86000000,203.45000000,194.86000000,199.89000000,2833304.99600000
2024-11-10,199.89000000,215.27000000,198.68000000,210.07000000,7968628.23000000
2024-11-11,210.07000000,224.00000000,204.16000000,222.13000000,8935306.96800000
2024-11-12,222.12000000,225.21000000,204.71000000,211.64000000,9001990.65900000
2024-11-13,211.63000000,220.44000000,200.67000000,215.13000000,10834052.79900000
2024-11-14,215.14000000,222.80000000,206.78000000,209.57000000,7458523.70800000
2024-11-15,209.57000000,220.50000000,204.48000000,218.45000000,5271091.92400000
2024-11-16,218.44000000,221.99000000,213.35000000,215.71000000,4204469.30000000
2024-11-17,215.72000000,242.33000000,212.10000000,237.47000000,8433424.20400000
2024-11-18,237.47000000,248.44000000,234.01000000,239.79000000,7485850.36100000
2024-11-19,239.79000000,247.50000000,233.40000000,237.63000000,5595613.40200000
2024-11-20,237.64000000,242.54000000,230.37000000,235.48000000,5472203.47600000
2024-11-21,235.48000000,259.80000000,229.60000000,256.37000000,8595939.99400000
2024-11-22,256.38000000,264.39000000,251.47000000,256.90000000,5155181.90500000
2024-11-23,256.90000000,264.00000000,252.69000000,254.89000000,4836783.22700000
2024-11-24,254.90000000,259.78000000,240.93000000,252.73000000,3665245.81200000
2024-11-25,252.74000000,256.70000000,231.21000000,234.18000000,4699636.31700000
2024-11-26,234.18000000,239.66000000,221.80000000,230.69000000,5012621.45600000
2024-11-27,230.69000000,243.33000000,227.51000000,241.96000000,3807284.29700000
2024-11-28,241.96000000,245.28000000,232.80000000,237.59000000,2694033.06000000
2024-11-29,237.58000000,246.77000000,236.55000000,243.33000000,2890806.07900000
2024-11-30,243.33000000,245.40000000,237.50000000,237.60000000,2279256.81600000
2024-12-01,237.60000000,239.89000000,234.10000000,236.80000000,2435872.95400000
2024-12-02,236.79000000,238.20000000,220.00000000,225.72000000,5868060.27500000
2024-12-03,225.73000000,239.60000000,215.00000000,233.92000000,6918604.72800000
2024-12-04,233.92000000,241.00000000,224.67000000,229.15000000,4966864.20500000
2024-12-05,229.15000000,244.77000000,222.95000000,235.84000000,7391549.99300000
2024-12-06,235.84000000,247.00000000,230.92000000,236.87000000,5136553.82700000
2024-12-07,236.87000000,243.61000000,234.12000000,238.14000000,2933621.43800000
2024-12-08,238.14000000,241.51000000,233.22000000,237.02000000,2222837.55100000
2024-12-09,237.02000000,237.28000000,203.00000000,216.63000000,7391583.70800000
2024-12-10,216.62000000,221.06000000,203.21000000,213.60000000,7018707.73000000
2024-12-11,213.60000000,230.65000000,211.51000000,227.29000000,4688484.80800000
2024-12-12,227.29000000,234.69000000,225.67000000,226.96000000,3559104.06700000
2024-12-13,226.95000000,228.44000000,220.60000000,224.79000000,2889526.77100000
2024-12-14,224.79000000,227.51000000,215.13000000,219.93000000,2155654.47100000
2024-12-15,219.94000000,225.50000000,215.68000000,224.27000000,2130908.00900000
2024-12-16,224.26000000,227.56000000,213.26000000,216.19000000,3863409.20100000
2024-12-17,216.19000000,228.95000000,211.36000000,223.15000000,5177736.74800000
2024-12-18,223.16000000,226.04000000,204.80000000,206.53000000,5565926.56300000
2024-12-19,206.53000000,212.14000000,187.00000000,193.81000000,7402649.88600000
2024-12-20,193.82000000,199.81000000,175.26000000,194.48000000,9793383.66800000
2024-12-21,194.48000000,201.98000000,178.30000000,181.45000000,5243572.61700000
2024-12-22,181.46000000,187.87000000,176.88000000,180.52000000,3573368.97200000
2024-12-23,180.53000000,193.48000000,176.48000000,190.11000000,4217664.03000000
2024-12-24,190.12000000,199.00000000,186.13000000,197.09000000,2709577.67200000
2024-12-25,197.09000000,201.85000000,195.00000000,197.44000000,1958644.48700000
2024-12-26,197.45000000,199.71000000,186.54000000,188.46000000,2045566.10000000
2024-12-27,188.46000000,194.39000000,182.74000000,184.22000000,1946509.64500000
2024-12-28,184.22000000,196.10000000,183.82000000,195.50000000,1494847.86700000
2024-12-29,195.50000000,197.71000000,188.57000000,189.94000000,1560190.01900000
2024-12-30,189.94000000,196.47000000,185.89000000,191.38000000,2415985.48800000
2024-12-31,191.37000000,199.27000000,188.04000000,189.31000000,2461978.26200000
2025-01-01,189.31000000,195.33000000,188.00000000,194.28000000,1655160.10200000
2025-01-02,194.28000000,210.48000000,193.43000000,208.31000000,3224923.98200000
2025-01-03,208.30000000,219.83000000,205.63000000,217.99000000,3251086.55600000
2025-01-04,218.00000000,218.18000000,213.54000000,216.67000000,1943711.39000000
2025-01-05,216.67000000,219.05000000,211.46000000,213.41000000,2101040.54500000
2025-01-06,213.41000000,223.18000000,211.56000000,218.22000000,2855362.85800000
2025-01-07,218.22000000,219.11000000,201.80000000,202.17000000,3742298.28400000
2025-01-08,202.17000000,203.28000000,188.34000000,197.48000000,4446830.23000000
2025-01-09,197.48000000,199.06000000,182.00000000,184.95000000,3607147.19300000
2025-01-10,184.96000000,193.02000000,183.51000000,187.68000000,3642892.08200000
2025-01-11,187.69000000,191.91000000,184.01000000,188.09000000,2204486.05600000
2025-01-12,188.09000000,191.00000000,185.17000000,188.51000000,1330917.13500000
2025-01-13,188.50000000,191.99000000,168.88000000,182.87000000,5669925.61300000
2025-01-14,182.86000000,190.11000000,181.88000000,187.57000000,2737355.06400000
2025-01-15,187.57000000,206.04000000,185.84000000,205.86000000,3768610.58000000
2025-01-16,205.86000000,217.14000000,198.47000000,211.14000000,5710255.65700000
2025-01-17,211.15000000,222.11000000,209.84000000,219.51000000,4384472.83800000
2025-01-18,219.52000000,270.67000000,217.29000000,261.97000000,19971981.58000000
2025-01-19,261.97000000,295.83000000,236.68000000,252.42000000,25051667.60000000
2025-01-20,252.40000000,273.29000000,229.44000000,242.19000000,16879575.56100000
2025-01-21,242.18000000,260.06000000,230.00000000,250.33000000,7882737.25700000
2025-01-22,250.33000000,272.03000000,248.43000000,257.36000000,6223427.61600000
2025-01-23,257.37000000,258.48000000,242.19000000,253.11000000,6802762.72300000
2025-01-24,253.12000000,270.18000000,247.18000000,253.37000000,5214294.56900000
2025-01-25,253.36000000,260.78000000,246.33000000,256.41000000,3703989.30100000
2025-01-26,256.40000000,260.16000000,240.32000000,240.50000000,3028015.52400000
2025-01-27,240.49000000,242.68000000,220.89000000,234.89000000,8916620.84200000
2025-01-28,234.90000000,244.00000000,225.01000000,227.06000000,3483450.08700000
2025-01-29,227.06000000,238.49000000,222.63000000,228.16000000,3844193.83800000
2025-01-30,228.16000000,244.70000000,226.84000000,238.31000000,3341265.97300000
2025-01-31,238.30000000,241.82000000,228.24000000,231.77000000,2942165.56700000
2025-02-01,231.77000000,236.46000000,212.74000000,213.03000000,2849748.65000000
2025-02-02,213.03000000,218.90000000,192.31000000,203.51000000,7255500.33300000
2025-02-03,203.52000000,218.70000000,175.89000000,216.28000000,12836970.26500000
2025-02-04,216.27000000,219.97000000,201.87000000,206.64000000,6024194.38700000
2025-02-05,206.64000000,209.39000000,195.14000000,196.12000000,3154802.03700000
2025-02-06,196.12000000,203.98000000,187.39000000,189.54000000,3444767.14700000
2025-02-07,189.53000000,203.42000000,188.12000000,191.99000000,3925596.77300000
2025-02-08,192.00000000,200.88000000,189.81000000,199.32000000,1967596.75200000
2025-02-09,199.32000000,207.37000000,193.53000000,200.47000000,2879138.46000000
2025-02-10,200.47000000,209.05000000,195.85000000,200.47000000,4040840.54800000
2025-02-11,200.47000000,206.18000000,195.12000000,197.96000000,3930238.33500000
2025-02-12,197.95000000,198.56000000,188.48000000,196.78000000,3898533.32100000
2025-02-13,196.78000000,198.47000000,188.78000000,194.25000000,2427771.87600000
2025-02-14,194.24000000,205.34000000,194.11000000,199.39000000,3727686.06300000
2025-02-15,199.40000000,200.27000000,192.61000000,194.48000000,1633300.39900000
2025-02-16,194.47000000,196.24000000,186.30000000,188.27000000,2009380.86200000
2025-02-17,188.26000000,189.72000000,174.63000000,177.53000000,4287573.73000000
2025-02-18,177.53000000,179.09000000,160.88000000,169.32000000,6319186.16600000
2025-02-19,169.32000000,174.30000000,163.75000000,168.93000000,3478319.26200000
2025-02-20,168.94000000,176.65000000,167.66000000,176.00000000,2938753.33500000
2025-02-21,176.00000000,180.52000000,167.15000000,168.94000000,4103682.85700000
2025-02-22,168.94000000,174.68000000,168.07000000,172.07000000,1886813.45700000
2025-02-23,172.07000000,173.07000000,166.42000000,167.94000000,1488310.75900000
2025-02-24,167.94000000,169.69000000,138.00000000,141.81000000,7997237.91500000
2025-02-25,141.81000000,147.09000000,131.91000000,144.33000000,11747010.14500000
2025-02-26,144.33000000,145.19000000,130.65000000,135.32000000,5368401.05900000
2025-02-27,135.33000000,142.90000000,134.71000000,137.68000000,4322990.45900000
2025-02-28,137.68000000,148.72000000,125.55000000,148.18000000,10039960.61300000
2025-03-01,148.18000000,151.25000000,138.57000000,143.66000000,4151855.75800000
2025-03-02,143.66000000,179.85000000,140.04000000,178.71000000,13474639.84600000
2025-03-03,178.72000000,179.47000000,139.21000000,142.16000000,11096202.04000000
2025-03-04,142.16000000,147.00000000,130.66000000,144.79000000,10389598.33400000
2025-03-05,144.80000000,149.73000000,140.18000000,146.28000000,4895520.58500000
2025-03-06,146.27000000,152.90000000,142.44000000,143.31000000,4451879.66100000
2025-03-07,143.30000000,150.88000000,135.04000000,139.39000000,7267412.77100000
2025-03-08,139.39000000,141.09000000,135.29000000,137.01000000,2135751.39300000
2025-03-09,137.01000000,139.88000000,125.41000000,126.51000000,3909495.65200000
2025-03-10,126.52000000,131.57000000,115.47000000,118.32000000,6654109.33100000
2025-03-11,118.32000000,128.43000000,112.00000000,125.35000000,6435277.86300000
2025-03-12,125.35000000,131.33000000,121.22000000,126.62000000,4410502.14000000
2025-03-13,126.61000000,128.76000000,120.76000000,123.37000000,2824584.96100000
2025-03-14,123.36000000,136.03000000,122.98000000,133.54000000,3607725.49200000
2025-03-15,133.53000000,136.53000000,132.44000000,135.86000000,1918077.49000000
2025-03-16,135.86000000,136.71000000,125.21000000,126.13000000,2764260.89200000
2025-03-17,126.13000000,130.64000000,125.55000000,128.01000000,2707611.09400000
2025-03-18,128.01000000,128.19000000,121.76000000,125.33000000,3181789.69900000
2025-03-19,125.33000000,136.08000000,124.20000000,135.33000000,4170497.99100000
2025-03-20,135.33000000,136.12000000,126.65000000,127.60000000,2593287.98600000
2025-03-21,127.60000000,130.18000000,124.81000000,128.48000000,2400422.34800000
2025-03-22,128.47000000,131.84000000,127.80000000,128.51000000,1498168.19600000
2025-03-23,128.50000000,134.06000000,128.21000000,132.84000000,1763485.98600000
2025-03-24,132.85000000,144.96000000,132.04000000,141.01000000,4554131.64500000
2025-03-25,141.01000000,147.48000000,138.17000000,143.64000000,3529958.67000000
2025-03-26,143.64000000,145.49000000,135.89000000,137.34000000,3099523.28700000
2025-03-27,137.35000000,140.22000000,135.63000000,138.43000000,2466162.68300000
2025-03-28,138.44000000,139.05000000,127.69000000,129.49000000,3892191.36500000
2025-03-29,129.50000000,130.54000000,122.68000000,124.58000000,2610065.51500000
2025-03-30,124.58000000,127.08000000,123.00000000,124.82000000,1743775.29600000
2025-03-31,124.83000000,127.81000000,122.75000000,124.54000000,3730628.85300000
2025-04-01,124.53000000,130.55000000,123.74000000,126.67000000,3554277.84800000
2025-04-02,126.68000000,136.21000000,117.00000000,117.42000000,6288908.68000000
2025-04-03,117.42000000,120.94000000,112.24000000,117.17000000,5854867.27800000
2025-04-04,117.17000000,124.00000000,113.25000000,122.79000000,5721072.32000000
2025-04-05,122.80000000,122.85000000,117.15000000,120.32000000,1784381.30000000
2025-04-06,120.33000000,121.13000000,103.81000000,105.91000000,4934346.98500000
2025-04-07,105.90000000,113.00000000,95.26000000,106.99000000,12630664.99300000
2025-04-08,106.98000000,112.58000000,102.96000000,105.40000000,5839129.78200000
2025-04-09,105.40000000,121.00000000,101.26000000,119.05000000,9334586.13900000
2025-04-10,119.05000000,119.30000000,108.21000000,112.81000000,5566324.62900000
2025-04-11,112.80000000,122.65000000,112.16000000,121.41000000,4344066.88900000
2025-04-12,121.41000000,134.11000000,119.41000000,132.24000000,4620265.85500000
2025-04-13,132.24000000,133.96000000,125.32000000,128.38000000,4054370.60300000
2025-04-14,128.38000000,136.13000000,127.98000000,129.42000000,4150251.45000000
2025-04-15,129.41000000,134.45000000,125.82000000,126.11000000,3431482.49700000
2025-04-16,126.10000000,133.91000000,123.49000000,131.33000000,5320768.99400000
2025-04-17,131.33000000,136.20000000,129.50000000,134.83000000,3817459.71800000
2025-04-18,134.84000000,136.02000000,132.47000000,134.04000000,2556341.87400000
2025-04-19,134.05000000,140.50000000,133.58000000,139.87000000,2816038.06800000
2025-04-20,139.86000000,141.96000000,135.64000000,137.86000000,3498098.61500000
2025-04-21,137.86000000,143.25000000,133.82000000,136.56000000,4657400.50300000
2025-04-22,136.57000000,150.23000000,134.68000000,148.79000000,5078409.53600000
2025-04-23,148.78000000,154.21000000,147.13000000,151.10000000,4801378.47000000
2025-04-24,151.10000000,152.90000000,144.87000000,152.55000000,3535860.48400000
2025-04-25,152.55000000,157.00000000,149.87000000,150.82000000,4226767.97300000
2025-04-26,150.82000000,153.17000000,147.75000000,149.21000000,1766805.88000000
2025-04-27,149.22000000,150.41000000,145.51000000,147.98000000,1599977.89100000
2025-04-28,147.97000000,153.40000000,144.63000000,147.84000000,3507950.44500000
2025-04-29,147.84000000,150.39000000,145.00000000,146.31000000,2498992.49200000
2025-04-30,146.30000000,148.67000000,140.32000000,147.54000000,2780816.36300000
2025-05-01,147.54000000,153.99000000,147.54000000,150.85000000,3037281.45400000
2025-05-02,150.85000000,151.91000000,147.30000000,148.05000000,2216263.07300000
2025-05-03,148.04000000,149.05000000,145.82000000,146.71000000,1406583.56000000
2025-05-04,146.71000000,147.81000000,143.50000000,143.95000000,1613358.55300000
2025-05-05,143.94000000,147.73000000,142.50000000,146.72000000,2030995.80100000
2025-05-06,146.72000000,147.23000000,141.41000000,146.88000000,2352310.93500000
2025-05-07,146.89000000,149.54000000,144.68000000,147.32000000,2440566.28400000
2025-05-08,147.32000000,164.60000000,147.08000000,164.46000000,6040622.61800000
2025-05-09,164.46000000,176.15000000,161.07000000,172.78000000,6318574.64900000
2025-05-10,172.77000000,178.98000000,168.72000000,177.89000000,3339701.17900000
2025-05-11,177.89000000,180.26000000,169.35000000,173.19000000,3210729.52000000
2025-05-12,173.20000000,181.46000000,168.31000000,174.22000000,6245732.97700000
2025-05-13,174.22000000,184.83000000,166.18000000,183.75000000,4587043.39800000
2025-05-14,183.75000000,184.88000000,173.23000000,176.64000000,3619155.25300000
2025-05-15,176.63000000,178.33000000,166.70000000,169.16000000,3546037.72400000
2025-05-16,169.16000000,174.21000000,166.36000000,167.40000000,2766386.67100000
2025-05-17,167.40000000,169.99000000,164.01000000,165.94000000,2262121.70600000
2025-05-18,165.94000000,176.77000000,164.54000000,173.30000000,3194610.93600000
2025-05-19,173.30000000,173.94000000,159.44000000,166.86000000,4076352.74400000
2025-05-20,166.87000000,173.11000000,164.51000000,168.59000000,3135420.42600000
2025-05-21,168.59000000,175.99000000,165.51000000,173.53000000,4400610.40000000
2025-05-22,173.54000000,180.87000000,172.59000000,179.68000000,3608222.86200000
2025-05-23,179.68000000,187.71000000,173.23000000,174.01000000,6112910.77600000
2025-05-24,174.00000000,178.33000000,172.50000000,175.87000000,2317965.02100000
2025-05-25,175.87000000,176.88000000,169.14000000,175.74000000,2530363.85900000
2025-05-26,175.75000000,179.02000000,173.48000000,174.91000000,2214724.79600000
2025-05-27,174.92000000,179.41000000,171.24000000,176.71000000,2568509.36800000
2025-05-28,176.72000000,177.45000000,168.92000000,172.21000000,2534660.87700000
2025-05-29,172.22000000,175.34000000,165.96000000,166.71000000,2641789.96800000
2025-05-30,166.71000000,167.51000000,155.22000000,156.20000000,3770279.51200000
2025-05-31,156.20000000,158.01000000,152.14000000,156.45000000,2352257.75200000
2025-06-01,156.45000000,157.92000000,150.59000000,157.68000000,2042131.04100000
2025-06-02,157.68000000,158.93000000,151.67000000,156.83000000,2502052.19100000
2025-06-03,156.83000000,163.64000000,154.14000000,155.19000000,2849585.14500000
2025-06-04,155.19000000,157.97000000,152.94000000,153.26000000,1990646.42400000
2025-06-05,153.27000000,154.61000000,141.53000000,144.29000000,4258041.07500000
2025-06-06,144.28000000,152.39000000,144.11000000,147.83000000,2167791.11400000
2025-06-07,147.82000000,152.84000000,146.84000000,150.06000000,1408204.61500000
2025-06-08,150.07000000,155.30000000,147.88000000,152.45000000,1564000.36600000
2025-06-09,152.45000000,161.73000000,149.58000000,161.16000000,3079728.26500000
2025-06-10,161.16000000,165.67000000,156.32000000,165.12000000,3589559.16300000
2025-06-11,165.12000000,168.36000000,159.21000000,160.97000000,4019424.99900000
2025-06-12,160.98000000,161.28000000,152.02000000,152.32000000,2883476.68500000
2025-06-13,152.32000000,152.59000000,140.21000000,148.60000000,5339782.78300000
2025-06-14,148.60000000,148.70000000,141.97000000,144.64000000,1679994.75100000
2025-06-15,144.65000000,153.54000000,144.22000000,152.97000000,2831999.61600000
2025-06-16,152.97000000,158.80000000,150.30000000,150.72000000,3573196.78500000
2025-06-17,150.73000000,154.33000000,145.61000000,147.57000000,3395648.85900000
2025-06-18,147.58000000,149.28000000,143.65000000,146.34000000,2800908.98000000
2025-06-19,146.35000000,147.90000000,142.92000000,147.04000000,2285335.72900000
2025-06-20,147.04000000,148.81000000,135.69000000,140.11000000,3393327.20900000
2025-06-21,140.11000000,142.60000000,130.90000000,135.43000000,2826424.14300000
2025-06-22,135.43000000,137.62000000,126.00000000,131.71000000,4252120.02300000
2025-06-23,131.71000000,137.50000000,130.68000000,132.05000000,2435253.08700000
