timestamp,rolling_sharpe,rolling_drawdown
2022-02-24 16:00:00,0.03939476926297382,-0.04768256135168525
2022-02-24 16:00:00,-0.02269757910220039,-0.13256804330069605
2022-02-25 16:00:00,-0.07364232579484424,-0.21055825191863897
2022-02-25 16:00:00,-0.12073459566358001,-0.2698758099864468
2022-02-26 16:00:00,-0.15766795223649369,-0.3185848601459287
2022-02-28 16:00:00,-0.14446150787247874,-0.30933460402902135
2022-03-03 16:00:00,-0.12285205685568,-0.2771829205896511
2022-03-08 16:00:00,-0.15596403214937044,-0.3435810379434229
2022-03-09 16:00:00,-0.15312258789029726,-0.3689042325783227
2022-03-09 16:00:00,-0.08522030721140987,-0.3434496422213251
2022-03-09 16:00:00,-0.042668649195804015,-0.3391047488533192
2022-03-09 16:00:00,-0.039169497760641256,-0.3532556535532141
2022-03-15 16:00:00,-0.009500759382237704,-0.37451369164326187
2022-03-15 16:00:00,-0.03359958222961334,-0.4014172088463791
2022-03-20 16:00:00,-0.0031766479029921705,-0.38112283170464223
2022-03-20 16:00:00,0.03391618293823098,-0.3449016440743664
2022-03-20 16:00:00,0.0910210179828227,-0.29169885312468635
2022-03-20 16:00:00,0.12938975317070786,-0.23813992463740563
2022-03-24 16:00:00,0.13959585496659738,-0.2382848544317997
2022-03-25 16:00:00,0.15258233591073905,-0.20492076400889847
2022-03-25 16:00:00,0.18651188357930681,-0.1313624010448594
2022-03-29 16:00:00,0.17817195837668443,-0.09479307589360819
2022-03-30 16:00:00,0.18491579993276136,0.0
2022-04-03 16:00:00,0.1435867855868159,0.0
2022-04-10 16:00:00,0.1438091976241029,0.0
2022-04-10 16:00:00,0.08899137886219986,-0.11449316269727416
2022-04-10 16:00:00,0.1623682516399045,0.0
2022-04-10 16:00:00,0.17908471202504872,0.0
2022-04-10 16:00:00,0.17512890341263182,0.0
2022-04-13 16:00:00,0.19306008084811438,-0.03519601189429189
2022-04-17 16:00:00,0.1734192097166643,-0.0535089980970993
2022-04-18 16:00:00,0.21279454823056926,-0.06909668109836797
2022-04-18 16:00:00,0.2558941020537393,-0.08445845788603645
2022-04-18 16:00:00,0.2901496311042693,-0.10287657114175419
2022-04-19 16:00:00,0.3367083946944641,-0.09601510026971838
2022-04-25 16:00:00,0.29174800506792703,-0.15013579891654805
2022-04-25 16:00:00,0.2465994022553359,-0.18369837763781582
2022-04-25 16:00:00,0.3065612705532292,-0.1824796773190932
2022-04-25 16:00:00,0.3001665752238424,-0.2217983041715319
2022-05-02 16:00:00,0.26156248453708036,-0.24579631752467979
2022-05-04 16:00:00,0.13923742149351334,-0.3896800608213382
2022-05-04 16:00:00,0.14228187533372078,-0.398755303393606
2022-05-04 16:00:00,0.12253632753484954,-0.4428659786405825
2022-05-04 16:00:00,0.14001648446938086,-0.44577858470273213
2022-05-15 16:00:00,0.06630904439929315,-0.5160325694450008
2022-05-15 16:00:00,-0.02721494049671844,-0.5984948608963352
2022-05-16 16:00:00,-0.05919525902752539,-0.5977717172695295
2022-05-19 16:00:00,-0.09662464926245375,-0.6036924652636058
2022-05-22 16:00:00,-0.11373864058741238,-0.6209005772459715
2022-05-22 16:00:00,-0.14246558168560394,-0.6304417172725183
2022-05-28 16:00:00,-0.1746137321181425,-0.6215794133417489
2022-05-28 16:00:00,-0.2164558357242324,-0.6428653154336776
2022-05-29 16:00:00,-0.2931324649496435,-0.6588822758353473
2022-05-30 16:00:00,-0.3188069837118764,-0.6753364144824421
2022-06-05 16:00:00,-0.3440023658846558,-0.675035560016169
2022-06-05 16:00:00,-0.32327777329791973,-0.691677202143295
2022-06-05 16:00:00,-0.4853031100815101,-0.7125931266817084
2022-06-05 16:00:00,-0.5647900456587993,-0.7289150495720844
2022-06-05 16:00:00,-0.8685218746310701,-0.7328713131643843
2022-06-05 16:00:00,-0.8676544432939878,-0.7419779053929544
2022-06-07 16:00:00,-0.8654731834735202,-0.7463122543932487
2022-06-15 16:00:00,-0.8993142192889749,-0.7798119494206973
2022-06-15 16:00:00,-0.9399768202923459,-0.8066367366509625
2022-06-19 16:00:00,-0.9026924923270094,-0.8042283558162845
2022-06-19 16:00:00,-0.9645212042355701,-0.833418770710544
2022-06-19 16:00:00,-0.9592249174824418,-0.8625150661758061
2022-06-22 16:00:00,-0.913539841245268,-0.8611611387653157
2022-06-22 16:00:00,-0.902559438820931,-0.8595315819662258
2022-06-23 16:00:00,-0.8565031382117353,-0.8583594235025913
2022-06-24 16:00:00,-0.8189933653825002,-0.8565041134800724
2022-06-29 16:00:00,-0.7326110871429611,-0.8499899905466526
2022-07-03 16:00:00,-0.7519264613715012,-0.8565733151607269
2022-07-03 16:00:00,-0.7236329762517691,-0.8595465559364994
2022-07-03 16:00:00,-0.7695207205029394,-0.8724277789987263
2022-07-03 16:00:00,-0.7608706077845299,-0.8814936788341292
2022-07-04 16:00:00,-0.6285338811814429,-0.8722940067192217
2022-07-05 16:00:00,-0.6156239711733523,-0.8701840829075735
2022-07-09 16:00:00,-0.5866325183757619,-0.8674622557188052
2022-07-09 16:00:00,-0.49985681909177937,-0.8586754182972008
2022-07-14 16:00:00,-0.4585066653819294,-0.8537797930150074
2022-07-14 16:00:00,-0.45450438065979615,-0.8495036437553667
2022-07-14 16:00:00,-0.40990235000788,-0.8462168440751313
2022-07-18 16:00:00,-0.3755103810316838,-0.8437631871293937
2022-07-18 16:00:00,-0.3402167081054352,-0.8412439482929033
2022-07-20 16:00:00,-0.29772339970793466,-0.8309134511030124
2022-07-20 16:00:00,-0.2826143478304879,-0.8341866016880698
2022-07-24 16:00:00,-0.26440324636109525,-0.8387117798294469
2022-07-24 16:00:00,-0.24083795368537236,-0.840057618510887
2022-07-24 16:00:00,-0.136360080962711,-0.8151814023337902
2022-07-27 16:00:00,-0.11098965419128975,-0.8115283756908931
2022-07-27 16:00:00,-0.128085497886573,-0.8219255010160467
2022-07-30 16:00:00,0.021377361159058538,-0.787773456121227
2022-07-31 16:00:00,0.09987013695404326,-0.7774086570060372
2022-07-31 16:00:00,0.09758429109486182,-0.7757600601367874
2022-08-03 16:00:00,0.19789504792647628,-0.7677792257609467
2022-08-03 16:00:00,0.31338977193208256,-0.7747554964430508
2022-08-03 16:00:00,0.3251019394733169,-0.7679136876210215
2022-08-06 16:00:00,0.3035196962319585,-0.7729200174895424
2022-08-09 16:00:00,0.3512177288430691,-0.744482588331052
2022-08-09 16:00:00,0.37559805589595147,-0.7283868124776522
2022-08-10 16:00:00,0.3571643395919355,-0.7256512733054493
2022-08-10 16:00:00,0.39419395418078174,-0.7227833489871007
2022-08-13 16:00:00,0.4127927492748673,-0.7208481770970009
2022-08-15 16:00:00,0.5235494000144473,-0.7086769110440793
2022-08-17 16:00:00,0.5799715426399491,-0.714231830324342
2022-08-21 16:00:00,0.47510760338807223,-0.7323556064709695
2022-08-23 16:00:00,0.4534307737561715,-0.7359513950409412
2022-08-23 16:00:00,0.35085505605227457,-0.7629314232864921
2022-08-24 16:00:00,0.20960540867175012,-0.7980189636510981
2022-08-29 16:00:00,0.16152670727274057,-0.8095610514190462
2022-08-31 16:00:00,0.1148700775767033,-0.8214595463213316
2022-08-31 16:00:00,0.07234725209038134,-0.8329721002570882
2022-09-03 16:00:00,0.005113849989619324,-0.854078647726175
2022-09-04 16:00:00,0.00257782652609772,-0.8525561428807558
2022-09-07 16:00:00,-0.025477502950927284,-0.85212222142699
2022-09-08 16:00:00,-0.0623271535480198,-0.8676817901020026
2022-09-08 16:00:00,-0.0670179665081324,-0.8727459165795446
2022-09-09 16:00:00,-0.0637470472827328,-0.8728566206314354
2022-09-12 16:00:00,-0.13622079663531933,-0.8709609480674139
2022-09-17 16:00:00,-0.16568616079068704,-0.8764159681890369
2022-09-17 16:00:00,-0.1426314930931118,-0.876990326800753
2022-09-22 16:00:00,-0.2815245300907399,-0.8773444020246106
2022-09-22 16:00:00,-0.321726368607773,-0.8784534425681422
2022-09-22 16:00:00,-0.37727916976516696,-0.8924436938019478
2022-09-22 16:00:00,-0.4167363128258293,-0.89481742167946
2022-09-24 16:00:00,-0.4416212797978436,-0.904232935679003
2022-09-26 16:00:00,-0.4518207548254304,-0.9025755138583057
2022-09-28 16:00:00,-0.44533346366320664,-0.9036373202679514
2022-09-28 16:00:00,-0.5711263923859147,-0.9021382299794557
2022-09-29 16:00:00,-0.6425612943644704,-0.90205343960795
2022-10-03 16:00:00,-0.6416295633964676,-0.9009795099512761
2022-10-03 16:00:00,-0.6874408488682009,-0.9055341811855366
2022-10-03 16:00:00,-0.7140600532450807,-0.9075157633749911
2022-10-03 16:00:00,-0.8003087257518126,-0.9101420228369184
2022-10-05 16:00:00,-0.7955234831666774,-0.9114142652773553
2022-10-05 16:00:00,-0.6092911638419398,-0.9029616528242189
2022-10-06 16:00:00,-0.6131859385995819,-0.9047621690175235
2022-10-13 16:00:00,-0.6136936478671545,-0.9164001434026512
2022-10-16 16:00:00,-0.6156299328402779,-0.9235050398837767
2022-10-16 16:00:00,-0.60369597664478,-0.9261766384353607
2022-10-16 16:00:00,-0.5592730627820213,-0.9258909039304
2022-10-16 16:00:00,-0.5192859304214433,-0.9259602129858445
2022-10-19 16:00:00,-0.47204803351029084,-0.9262583619868773
2022-10-20 16:00:00,-0.4783223756458813,-0.9259693294065426
2022-10-21 16:00:00,-0.497806273646915,-0.9274503315293767
2022-10-21 16:00:00,-0.46965674762692,-0.9294911644553324
2022-10-21 16:00:00,-0.4708928333117115,-0.9323320713007245
2022-10-23 16:00:00,-0.5159860425568622,-0.9371581181325768
2022-10-28 16:00:00,-0.5227274620101383,-0.9366051121892244
2022-10-30 16:00:00,-0.33866295809516855,-0.9288799841133578
2022-10-30 16:00:00,-0.34609836111960096,-0.9299686285703055
2022-10-30 16:00:00,-0.1898609294095834,-0.9179593634143334
2022-11-02 16:00:00,-0.06920948416639737,-0.9023697673489568
2022-11-02 16:00:00,0.03598965608381888,-0.8917040600071194
2022-11-07 16:00:00,0.03304730831847821,-0.8947635597995509
2022-11-07 16:00:00,0.08969075831405528,-0.8920603263650614
2022-11-12 16:00:00,0.04359933289221523,-0.9002680534206499
2022-11-15 16:00:00,-0.039296833187661716,-0.9198993587275769
2022-11-15 16:00:00,-0.07583021816312237,-0.9257985982923322
2022-11-22 16:00:00,-0.08835215779036579,-0.9279947642293809
2022-11-23 16:00:00,-0.1783918572731142,-0.9483991088754952
2022-11-23 16:00:00,-0.17719273727994952,-0.9505867053562973
2022-11-27 16:00:00,-0.1726792735987341,-0.9509911926105814
2022-11-27 16:00:00,-0.1577464443944183,-0.9503298848301422
2022-11-28 16:00:00,-0.13265078362285018,-0.9476467716455573
2022-11-29 16:00:00,-0.17274562759688025,-0.9480890943382534
2022-11-30 16:00:00,-0.15104399194799667,-0.9460194833722825
2022-12-03 16:00:00,-0.117621013951194,-0.9470970883538915
2022-12-03 16:00:00,-0.08814061575993991,-0.9471429434765417
2022-12-04 16:00:00,-0.08190875501322223,-0.9480751823874535
2022-12-08 16:00:00,-0.06846309284603293,-0.9460149101770977
2022-12-08 16:00:00,-0.08259837509912482,-0.9481787368138539
2022-12-08 16:00:00,-0.09334966747927426,-0.9499318475749331
2022-12-08 16:00:00,-0.09385375113727021,-0.9498039976940944
2022-12-09 16:00:00,-0.06928448111320937,-0.9474782146184291
2022-12-09 16:00:00,-0.05749645151960215,-0.9472407946525783
2022-12-13 16:00:00,-0.043433670804614626,-0.9473048143973253
2022-12-18 16:00:00,-0.0480329280169256,-0.9517571285065005
2022-12-20 16:00:00,-0.0790396677018802,-0.9555718611182561
2022-12-20 16:00:00,-0.1412379192105293,-0.9572774001022989
2022-12-26 16:00:00,-0.13690231843278086,-0.9574344083099436
2022-12-27 16:00:00,-0.23914002802811019,-0.9598241038856324
2022-12-31 16:00:00,-0.3666532350703395,-0.9605374664614323
2022-12-31 16:00:00,-0.4785397625930081,-0.9635478710474119
2022-12-31 16:00:00,-0.5085207459683724,-0.9677045284292232
2023-01-01 16:00:00,-0.5320403931539001,-0.9680719359875947
2023-01-02 16:00:00,-0.524895639755415,-0.9779743111290458
2023-01-03 16:00:00,-0.4653438054734374,-0.9776172795585724
2023-01-05 16:00:00,-0.41218700098909494,-0.9766486092827402
2023-01-08 16:00:00,-0.3905092731500725,-0.9762371889432411
2023-01-19 16:00:00,-0.23085263250104562,-0.9724012637170952
2023-01-20 16:00:00,-0.15017268217812688,-0.9690086441977578
2023-01-20 16:00:00,-0.05819031419545126,-0.9629033120242239
2023-01-20 16:00:00,0.022076196498391994,-0.9542494015025896
2023-01-22 16:00:00,0.08439314479561802,-0.9420903130653447
2023-01-23 16:00:00,0.09045095876946974,-0.9414358701867123
2023-01-24 16:00:00,0.18979187527238292,-0.9022038108191848
2023-01-24 16:00:00,0.19552745013478043,-0.9015402622667209
2023-01-25 16:00:00,0.19649642168015827,-0.9011773863111985
2023-01-26 16:00:00,0.20084954079755493,-0.9009243202289228
2023-01-28 16:00:00,0.18949713502161933,-0.902348671108459
2023-01-30 16:00:00,0.207905270214079,-0.8978205350779804
2023-01-31 16:00:00,0.21056966357933327,-0.9000552045069192
2023-01-31 16:00:00,0.21429699339074276,-0.8980460906468272
2023-01-31 16:00:00,0.20351168539502354,-0.8985696575572308
2023-02-01 16:00:00,0.20982297706899544,-0.8950577694549181
2023-02-01 16:00:00,0.20901321602447392,-0.895578327193634
2023-02-04 16:00:00,0.22610669780938977,-0.8966586495874923
2023-02-04 16:00:00,0.2508319249343613,-0.8936655418651378
2023-02-04 16:00:00,0.2599501092622905,-0.8935408544014618
2023-02-06 16:00:00,0.26746715772598145,-0.8903044431666636
2023-02-12 16:00:00,0.2615969181869918,-0.8990399301179488
2023-02-12 16:00:00,0.2502002933016767,-0.9056711079064189
2023-02-12 16:00:00,0.27248810643895094,-0.9039047172424514
2023-02-14 16:00:00,0.2835674980395102,-0.9108309121584383
2023-02-19 16:00:00,0.2927743191498268,-0.9082294984990992
2023-02-19 16:00:00,0.4148624886608191,-0.9012601084436624
2023-02-20 16:00:00,0.4206836232584853,-0.8974334617159337
2023-02-21 16:00:00,0.4042466946389025,-0.8992969676965812
2023-02-21 16:00:00,0.4177255549496738,-0.8919555563550277
2023-02-26 16:00:00,0.3630362354798875,-0.8991572693960347
2023-03-02 16:00:00,0.33414571284183786,-0.8995228577054803
2023-03-08 16:00:00,0.2623228820508135,-0.9105696695820837
2023-03-12 16:00:00,0.1762781503828289,-0.9231582567913248
2023-03-12 16:00:00,0.0792232733909903,-0.9349395551838752
2023-03-12 16:00:00,0.049053349128473214,-0.9420831424684958
2023-03-12 16:00:00,-0.29389510014212883,-0.9454447147088865
2023-03-15 16:00:00,-0.24910112100359957,-0.9415491127356348
2023-03-16 16:00:00,-0.2511861673551229,-0.9415432568972016
2023-03-17 16:00:00,-0.24747723330000382,-0.9410259463602687
2023-03-17 16:00:00,-0.23945183073101214,-0.9410265410939335
2023-03-18 16:00:00,-0.2598583264799706,-0.9401424874603002
2023-03-21 16:00:00,-0.24880372630250652,-0.9402625437486005
2023-03-21 16:00:00,-0.2479577495984726,-0.9389815793891727
2023-03-21 16:00:00,-0.23764273124196275,-0.9382252789768584
2023-03-23 16:00:00,-0.16897532218269987,-0.9299538432282799
2023-03-23 16:00:00,-0.1626582886632641,-0.9294479317533753
2023-03-26 16:00:00,-0.17137787454992073,-0.9314293844730281
2023-03-26 16:00:00,-0.11932187577758964,-0.9232671104004445
2023-03-26 16:00:00,-0.1327340025800443,-0.9253634604822389
2023-03-28 16:00:00,-0.17211476722735763,-0.9292994170022666
2023-03-31 16:00:00,-0.17232716588908475,-0.9349678285409705
2023-04-01 16:00:00,-0.15069842611369288,-0.9360596755765994
2023-04-02 16:00:00,-0.13982214990483177,-0.9335197095457032
2023-04-06 16:00:00,-0.07867261904813523,-0.9297709755740519
2023-04-09 16:00:00,-0.056261686581952415,-0.9245638103705958
2023-04-09 16:00:00,-0.10401631602558771,-0.9261645399160539
2023-04-10 16:00:00,-0.13460133237001978,-0.9278756388165159
2023-04-10 16:00:00,-0.047715955681964316,-0.9168082330297033
2023-04-10 16:00:00,-0.15513132732614002,-0.9335080493332515
2023-04-17 16:00:00,-0.08812021432850978,-0.9272649823394832
2023-04-17 16:00:00,-0.023757468382175538,-0.9160600175631269
2023-04-22 16:00:00,0.005963021224034412,-0.9186919019883988
2023-04-25 16:00:00,0.019210380792387467,-0.9274237242303341
2023-04-27 16:00:00,0.0738090565529238,-0.9292808878973734
2023-04-27 16:00:00,0.11039514575382103,-0.9314857678530393
2023-04-27 16:00:00,0.1317186842371216,-0.932332939119324
2023-04-29 16:00:00,0.09846331087164456,-0.9328085181366779
2023-04-29 16:00:00,0.09397568317247573,-0.9334724228315422
2023-05-02 16:00:00,0.0760756284306995,-0.9355276759268415
2023-05-02 16:00:00,0.06150304433364945,-0.9376234117357529
2023-05-03 16:00:00,0.031180311015110682,-0.9409590029828778
2023-05-05 16:00:00,0.024810410985095083,-0.9419394007107135
2023-05-05 16:00:00,0.01234552630649328,-0.9423626964751111
2023-05-05 16:00:00,-0.0013963335850205323,-0.9434707889795031
2023-05-07 16:00:00,-0.052209805800712966,-0.9421513024578169
2023-05-13 16:00:00,-0.09060067429441589,-0.9467734067783353
2023-05-15 16:00:00,-0.15645966782260756,-0.958409123495907
2023-05-15 16:00:00,-0.2589567571324251,-0.9636843001756592
2023-05-16 16:00:00,-0.254322302666741,-0.9642615207668428
2023-05-17 16:00:00,-0.2312478593865242,-0.9640922817761343
2023-05-19 16:00:00,-0.19135782054512454,-0.9633416908923708
2023-05-20 16:00:00,-0.18172799753377925,-0.9631143343951787
2023-05-20 16:00:00,-0.20367244719382832,-0.9634829340647036
2023-05-20 16:00:00,-0.2396346311025254,-0.9643001985168718
2023-05-22 16:00:00,-0.2850159124656566,-0.9649258197039325
2023-05-22 16:00:00,-0.3084294948728599,-0.9678418878656855
2023-05-25 16:00:00,-0.30143373347124675,-0.9680750588701458
2023-05-26 16:00:00,-0.42154359909590605,-0.9691973187321009
2023-05-26 16:00:00,-0.3805075214721218,-0.9699641941755522
2023-05-26 16:00:00,-0.4853043111424087,-0.9714040726931282
2023-05-26 16:00:00,-0.722643924951378,-0.9722401283552042
2023-05-29 16:00:00,-0.6348781031820399,-0.9708559610665232
2023-06-02 16:00:00,-0.5956279044816428,-0.9712377459111421
2023-06-02 16:00:00,-0.5462643220650216,-0.9704196680071162
2023-06-02 16:00:00,-0.5267453209075753,-0.97055367730149
2023-06-02 16:00:00,-0.5103073126220333,-0.9703344465066043
2023-06-03 16:00:00,-0.48000802082112337,-0.9695305785292608
2023-06-06 16:00:00,-0.4885404047999375,-0.9701992120337274
2023-06-06 16:00:00,-0.46215881531880143,-0.9700316707169764
2023-06-16 16:00:00,-0.44959049909055737,-0.9704273281367037
2023-06-16 16:00:00,-0.4542421374727152,-0.9723224916386095
2023-06-16 16:00:00,-0.4895170029598698,-0.9773951724682785
2023-06-16 16:00:00,-0.5081473620691869,-0.9782683765487521
2023-06-20 16:00:00,-0.5055142009762414,-0.978594875242662
2023-06-24 16:00:00,-0.4781077232229048,-0.9774285189577371
2023-06-24 16:00:00,-0.36378080459147927,-0.9753236438098968
2023-06-25 16:00:00,-0.17389061704542264,-0.9714152878069522
2023-06-30 16:00:00,-0.13349664588814103,-0.9724956000813715
2023-06-30 16:00:00,-0.1373435283204295,-0.9731192801286954
2023-06-30 16:00:00,-0.1481118456779357,-0.9734830332851689
2023-07-01 16:00:00,-0.16292396794516745,-0.9735677735088855
2023-07-01 16:00:00,-0.12843819282548422,-0.9719857866020009
2023-07-04 16:00:00,-0.11730873680985637,-0.9717293676917248
2023-07-10 16:00:00,-0.10638966174532537,-0.9718164496760663
2023-07-10 16:00:00,-0.08208769770492541,-0.9711307244195039
2023-07-10 16:00:00,0.09595435243313417,-0.9630196398514146
2023-07-14 16:00:00,0.11023761758239461,-0.9620725109478745
2023-07-15 16:00:00,0.13243076582780336,-0.9615387273944502
2023-07-19 16:00:00,0.1791610687107624,-0.9581928439923246
2023-07-19 16:00:00,0.26532910871415893,-0.9497671592143352
2023-07-19 16:00:00,0.2696209930418855,-0.950769612642365
2023-07-23 16:00:00,0.2272096129733171,-0.9532379396937377
2023-07-23 16:00:00,0.23926863887649955,-0.9525008275637253
2023-07-23 16:00:00,0.22312529515382992,-0.953023806933465
2023-07-26 16:00:00,0.23349616759149475,-0.952046228987861
2023-07-27 16:00:00,0.21517772092235268,-0.9537248899040214
2023-07-27 16:00:00,0.19889342862502055,-0.9543331572840527
2023-07-29 16:00:00,0.2014594305350445,-0.9550618499164436
2023-07-29 16:00:00,0.20105684290292042,-0.9548538013650514
2023-07-29 16:00:00,0.20260709114629452,-0.9552839587708916
2023-07-30 16:00:00,0.22487897117963365,-0.9559719810244635
2023-08-05 16:00:00,0.3075976892987947,-0.9581691079761182
2023-08-05 16:00:00,0.28646337185029197,-0.9613122063827131
2023-08-06 16:00:00,0.23391335745016797,-0.9656150443679457
2023-08-07 16:00:00,0.20509162621160412,-0.9661401457432574
2023-08-09 16:00:00,0.1600572856309048,-0.9668264134773124
2023-08-11 16:00:00,0.10657126408505121,-0.9663061094635053
2023-08-11 16:00:00,0.12098250203990854,-0.9665525998534881
2023-08-13 16:00:00,0.10895146898238671,-0.9681458450571414
2023-08-13 16:00:00,0.10307353257017417,-0.968978064020079
2023-08-13 16:00:00,0.09405826262820019,-0.9696854278203516
2023-08-23 16:00:00,-0.010755527032879686,-0.9750455330533424
2023-08-23 16:00:00,-0.08674795708552141,-0.9799056770366759
2023-08-23 16:00:00,-0.12676059477120433,-0.9822714937533232
2023-08-27 16:00:00,-0.15134924187915627,-0.9830180780319033
2023-08-27 16:00:00,-0.34587646834889413,-0.9838820571365707
2023-08-27 16:00:00,-0.356446221855143,-0.9837708529782644
2023-08-30 16:00:00,-0.352099219268513,-0.9834189112521559
2023-08-30 16:00:00,-0.39568282370601204,-0.9830249864662627
2023-08-30 16:00:00,-0.6011144049224016,-0.9825293325641802
2023-08-30 16:00:00,-0.6027392379247855,-0.9829191512509823
2023-09-05 16:00:00,-0.5897798629355187,-0.9833850630152914
2023-09-06 16:00:00,-0.6462378394900998,-0.9845499872262075
2023-09-07 16:00:00,-0.6497639620769845,-0.9847900456239711
2023-09-12 16:00:00,-0.6615478474952263,-0.9846520172275416
2023-09-13 16:00:00,-0.6755162543526152,-0.9856020199040605
2023-09-13 16:00:00,-0.68809131217693,-0.9860364893189437
2023-09-14 16:00:00,-0.6993450494451114,-0.9864742808654131
2023-09-14 16:00:00,-0.7470415393963036,-0.987328545909104
2023-09-15 16:00:00,-0.7418331399802336,-0.987377515495312
2023-09-15 16:00:00,-0.7447160516769499,-0.9876158484215123
2023-09-15 16:00:00,-0.7243344230637115,-0.9878539082887072
2023-09-15 16:00:00,-0.6592864778321754,-0.987626287741755
2023-09-19 16:00:00,-0.5949038841084412,-0.9874452067099656
2023-09-19 16:00:00,-0.5619423826460189,-0.9871591463714676
2023-09-26 16:00:00,-0.5714750991917125,-0.9876113123128302
2023-09-28 16:00:00,-0.5436003182544908,-0.9870727118370197
2023-09-29 16:00:00,-0.521430219188589,-0.9868172694117038
2023-10-04 16:00:00,-0.46984501488541947,-0.9864618008351517
2023-10-06 16:00:00,-0.4710584327440585,-0.9868433981980448
2023-10-06 16:00:00,-0.3917962970124209,-0.9858484831136919
2023-10-06 16:00:00,-0.3424514006664209,-0.986008549955198
2023-10-08 16:00:00,-0.10459722215040687,-0.9835800282318887
2023-10-14 16:00:00,-0.10639286044825157,-0.9855738005250967
2023-10-15 16:00:00,-0.1379927432071332,-0.9870472510297721
2023-10-16 16:00:00,-0.060610990243961334,-0.9860901316798613
2023-10-17 16:00:00,-0.025298377433361163,-0.985181942674152
2023-10-18 16:00:00,0.005787510772916874,-0.9840624821689027
2023-10-18 16:00:00,-0.016124682055036095,-0.9843014868724842
2023-10-19 16:00:00,-0.027297782788735937,-0.9841501204561028
2023-10-22 16:00:00,0.019399752216293042,-0.9831920559436391
2023-10-26 16:00:00,0.088481097976927,-0.9814600227581392
2023-10-26 16:00:00,0.16007978457404856,-0.9803694782955312
2023-10-29 16:00:00,0.21947976719155912,-0.9782198736167268
2023-11-04 16:00:00,0.20479574827013836,-0.9785988818347584
2023-11-05 16:00:00,0.28524316210589407,-0.9766343008360988
2023-11-07 16:00:00,0.36084506227816193,-0.9727596484954759
2023-11-10 16:00:00,0.3936169922716634,-0.9720423465546597
2023-11-12 16:00:00,0.4700859999981938,-0.9701785143088567
2023-11-12 16:00:00,0.4617248063902615,-0.9706741051979599
2023-11-12 16:00:00,0.5249953301826453,-0.9661253981370073
2023-11-13 16:00:00,0.5879236899417404,-0.9602601163955572
2023-11-15 16:00:00,0.5612284345859011,-0.9612238806199294
2023-11-16 16:00:00,0.5739699959233812,-0.9596790780382151
2023-11-18 16:00:00,0.5958787998924366,-0.956728098912171
2023-11-18 16:00:00,0.6321465335923407,-0.9558996489957844
2023-11-18 16:00:00,0.6021638905448126,-0.9562998134821271
2023-11-22 16:00:00,0.5964407079723965,-0.9558758146300376
2023-11-22 16:00:00,0.5644604765810288,-0.9570060810760268
2023-11-22 16:00:00,0.5721150903018881,-0.9577355562124203
2023-11-24 16:00:00,0.5487834774548154,-0.9568469594049636
2023-11-28 16:00:00,0.54669774009447,-0.9574760908935427
2023-11-28 16:00:00,0.5053566761070509,-0.9567815673911522
2023-11-28 16:00:00,0.5258523392432776,-0.961178233730435
2023-11-28 16:00:00,0.6562882487942695,-0.9586823179093575
2023-11-28 16:00:00,0.6265704810109031,-0.9580519672225732
2023-12-05 16:00:00,0.6022777868946974,-0.9572929331672837
2023-12-07 16:00:00,0.6125347328433196,-0.9505115736399287
2023-12-13 16:00:00,0.666498116422032,-0.9463450957198336
2023-12-13 16:00:00,0.6386532105395963,-0.9477711285252108
2023-12-13 16:00:00,0.6449840035198379,-0.9437188423827946
2023-12-14 16:00:00,0.6486298687169765,-0.9344401590325236
2023-12-14 16:00:00,0.6655058912455928,-0.9265823432301357
2023-12-17 16:00:00,0.6191802753101798,-0.926499041007393
2023-12-19 16:00:00,0.6130508584332772,-0.9283796133143107
2023-12-19 16:00:00,0.5657164934884493,-0.9289947241758596
2023-12-21 16:00:00,0.4927015025205826,-0.9313188267632833
2023-12-23 16:00:00,0.4762130781258559,-0.9315078508715565
2023-12-24 16:00:00,0.4355406269107564,-0.9324620418876128
2023-12-24 16:00:00,0.4512872962477667,-0.9318141044368297
2023-12-27 16:00:00,0.38659271934961964,-0.9331166661558106
2023-12-29 16:00:00,0.3842534084084957,-0.9234842057521252
2024-01-01 16:00:00,0.39546674213836486,-0.9240773262538197
2024-01-01 16:00:00,0.3552720280494302,-0.9261784421745828
2024-01-01 16:00:00,0.29135623729375226,-0.9293799310654105
2024-01-01 16:00:00,0.34066588256723424,-0.9081918419011146
2024-01-04 16:00:00,0.3570646361382874,-0.9056539390635997
2024-01-04 16:00:00,0.3549324169055181,-0.9051828900895823
2024-01-08 16:00:00,0.36269958419590714,-0.9061451063221396
2024-01-08 16:00:00,0.3490413272672942,-0.9101902336867093
2024-01-11 16:00:00,0.3412791178197645,-0.9098903574241035
2024-01-13 16:00:00,0.38226468784769435,-0.9018359856579317
2024-01-15 16:00:00,0.37629315041038613,-0.9015363161952344
2024-01-15 16:00:00,0.425720607099713,-0.9036757425041335
2024-01-16 16:00:00,0.3877132622266304,-0.9056798984268445
2024-01-16 16:00:00,0.3817932709193086,-0.9054348503594605
2024-01-25 16:00:00,0.34654606118820175,-0.9102824319099181
2024-01-26 16:00:00,0.2908860656353391,-0.9109693934463711
2024-01-26 16:00:00,0.24377517492588022,-0.9133903813183316
2024-01-26 16:00:00,0.21212146732220405,-0.9208780710306517
2024-01-31 16:00:00,0.20280378763719925,-0.9167325011154907
2024-01-31 16:00:00,0.15541246818251622,-0.9142249775574992
2024-01-31 16:00:00,0.12863690961024285,-0.9097670761834955
2024-02-01 16:00:00,0.12649916330188388,-0.9100627775201451
2024-02-03 16:00:00,0.15447689915182614,-0.9071488449964793
2024-02-04 16:00:00,0.15693289352447654,-0.9074861517755511
2024-02-05 16:00:00,0.17246745757534734,-0.9077102960594916
2024-02-06 16:00:00,0.16258539770853833,-0.9097593949786914
2024-02-07 16:00:00,0.1484818581051451,-0.9134697653894642
2024-02-16 16:00:00,0.19978794342494008,-0.9012401110881116
2024-02-18 16:00:00,0.26108982565872185,-0.8871313620314322
2024-02-18 16:00:00,0.2479674104145682,-0.8760946387266746
2024-02-19 16:00:00,0.31588672484427543,-0.8464898840999125
2024-02-21 16:00:00,0.3502039767252865,-0.8380779934082614
2024-02-23 16:00:00,0.34741954230810357,-0.8459670797915123
2024-02-23 16:00:00,0.27814397703148724,-0.8484910258189492
2024-02-24 16:00:00,0.32557277905946497,-0.7947283783252854
2024-02-24 16:00:00,0.2971511153695241,-0.807193428317762
2024-02-25 16:00:00,0.31819027008137546,-0.7982365947868136
2024-03-08 16:00:00,0.3750217606783535,-0.7742427563171246
2024-03-08 16:00:00,0.38273475449982086,-0.7690423201624543
2024-03-09 16:00:00,0.4002072826973227,-0.6704265823621415
2024-03-17 16:00:00,0.39630183202803887,-0.6732723300550295
2024-03-20 16:00:00,0.37316828321905887,-0.700497904687051
2024-03-20 16:00:00,0.4282260975342005,-0.633911419279187
2024-03-21 16:00:00,0.472880330265116,-0.5587742517942101
2024-03-24 16:00:00,0.49124376278045423,-0.5588282193722145
2024-03-25 16:00:00,0.5420930676731855,-0.45625765340090096
2024-03-25 16:00:00,0.5909906039906782,-0.37431990371611545
2024-03-26 16:00:00,0.6208405848315497,-0.38554419476350343
2024-03-26 16:00:00,0.595493315320125,-0.39816138882035834
2024-03-28 16:00:00,0.5991613606385895,-0.3730693767260742
2024-03-29 16:00:00,0.6192215139298121,-0.2887704848887436
2024-03-30 16:00:00,0.6144845521700805,-0.2999283329267717
2024-03-30 16:00:00,0.5961078067507666,-0.31351107613924734
2024-04-04 16:00:00,0.58551981468785,-0.3352210763787776
2024-04-04 16:00:00,0.5790153265844231,-0.34865421764141247
2024-04-04 16:00:00,0.5687361106281505,-0.3802826702235239
2024-04-06 16:00:00,0.5473231719191928,-0.43769475749405473
2024-04-06 16:00:00,0.46395256359416537,-0.509378392798788
2024-04-08 16:00:00,0.4344846908585285,-0.5017494111602537
2024-04-10 16:00:00,0.4203673067025122,-0.48242892740425447
2024-04-10 16:00:00,0.3855494097525155,-0.4582778323878851
2024-04-10 16:00:00,0.3754421983011462,-0.4490802902249046
2024-04-11 16:00:00,0.3722117342216509,-0.48124678896394735
2024-04-18 16:00:00,0.35636688251480025,-0.5154191661595954
2024-04-18 16:00:00,0.26982565782629336,-0.554483049936815
2024-04-19 16:00:00,0.2485349966514378,-0.608546892260829
2024-04-28 16:00:00,0.2247875185085467,-0.6228402835812246
2024-04-28 16:00:00,0.2302350733954146,-0.5685520898555851
2024-04-29 16:00:00,0.2061771320851221,-0.5941628619415191
2024-05-02 16:00:00,0.11310218968331472,-0.5970115696071234
2024-05-03 16:00:00,0.10851285311841895,-0.6057874223115096
2024-05-03 16:00:00,0.13673068089069973,-0.6082892396943181
2024-05-06 16:00:00,0.061015765438849144,-0.6133811435635951
2024-05-06 16:00:00,0.008195434034740122,-0.5889883611033708
2024-05-08 16:00:00,0.01591031617816402,-0.5813256438447243
2024-05-12 16:00:00,-0.0930422441874325,-0.5799428019489143
2024-05-13 16:00:00,-0.18391030378236214,-0.5792038464118998
2024-05-13 16:00:00,-0.15765212078253718,-0.5671780999595107
2024-05-13 16:00:00,-0.17811850774696905,-0.5941875996536552
2024-05-15 16:00:00,-0.21314299848301624,-0.601934759352585
2024-05-15 16:00:00,-0.3120552359382948,-0.5976789814809957
2024-05-18 16:00:00,-0.3048036940280028,-0.5993265249229791
2024-05-22 16:00:00,-0.22036959308597012,-0.5606312307020409
2024-05-25 16:00:00,-0.1752096263917571,-0.5410983424406198
2024-05-26 16:00:00,-0.08868698231529525,-0.48458814132527384
2024-05-27 16:00:00,-0.0015416534475172496,-0.42240341828577743
2024-05-30 16:00:00,0.03956162524986332,-0.4288626514921171
2024-05-30 16:00:00,0.11092589772728567,-0.4299751946556295
2024-05-31 16:00:00,0.19621368896690294,-0.2759176149962621
2024-06-03 16:00:00,0.18762436949121117,-0.2628793803022018
2024-06-04 16:00:00,0.16542349897246453,-0.26723576534733984
2024-06-04 16:00:00,0.16544735333519806,-0.254753565367132
2024-06-06 16:00:00,0.2078360629704863,-0.22982940121961848
2024-06-12 16:00:00,0.20788511683157024,-0.28049313606312676
2024-06-12 16:00:00,0.21708724787069603,-0.32643957371935606
2024-06-15 16:00:00,0.24230098434759548,-0.38048902361760584
2024-06-16 16:00:00,0.17794687874165363,-0.4728604287505299
2024-06-16 16:00:00,0.13659119088359098,-0.45695439759361633
2024-06-17 16:00:00,0.15713227489454148,-0.466421491140543
2024-06-25 16:00:00,0.12163764249922662,-0.5089388633471301
2024-06-25 16:00:00,0.1073667770818566,-0.5346475885573818
2024-06-25 16:00:00,0.08637639880361771,-0.5591824711145035
2024-06-26 16:00:00,0.08239216297661876,-0.5688946183859245
2024-06-29 16:00:00,0.061892001702882,-0.5628647820867257
2024-06-30 16:00:00,-0.007525641974712474,-0.6252050649862108
2024-06-30 16:00:00,-0.010943532791094062,-0.6270970510572687
2024-06-30 16:00:00,-0.007700476101920486,-0.6234881488764028
2024-06-30 16:00:00,-0.02260463700382858,-0.6263965400229721
2024-07-02 16:00:00,0.031371503333550224,-0.6004740935157141
2024-07-06 16:00:00,0.022379713044903257,-0.6168010718846869
2024-07-06 16:00:00,0.0147266018726868,-0.6198968310798197
2024-07-06 16:00:00,-0.0034502132453156377,-0.638419291894753
2024-07-06 16:00:00,-0.07580769420707939,-0.6673628641503213
2024-07-07 16:00:00,-0.1005138779148673,-0.6720883218562916
2024-07-09 16:00:00,-0.19645194576617966,-0.7033131787181686
2024-07-12 16:00:00,-0.26544882144667636,-0.7055306702533287
2024-07-13 16:00:00,-0.26498335642131715,-0.7085287015541206
2024-07-13 16:00:00,-0.25932184714673856,-0.7057119426442161
2024-07-17 16:00:00,-0.49058427424600726,-0.6863594462840537
2024-07-18 16:00:00,-0.4205077265760924,-0.6590132449348696
2024-07-21 16:00:00,-0.42599474372411544,-0.663892579423137
2024-07-24 16:00:00,-0.35580155310337785,-0.6315493204843892
2024-07-26 16:00:00,-0.2647880682382563,-0.5780476835226458
2024-07-26 16:00:00,-0.21391588390524535,-0.5629445402244344
2024-07-26 16:00:00,-0.10857929663122096,-0.504912973184521
2024-07-28 16:00:00,-0.1193934646145399,-0.5580678888703849
2024-08-06 16:00:00,-0.08061113722612882,-0.5820192155880894
2024-08-08 16:00:00,-0.14105668785643175,-0.6241513804194496
2024-08-08 16:00:00,-0.1821301387520033,-0.6687144977898796
2024-08-08 16:00:00,-0.18355449490014794,-0.6963631224833335
2024-08-08 16:00:00,-0.15702262555451127,-0.6942718201340414
2024-08-12 16:00:00,-0.12716364376048295,-0.6902141515503016
2024-08-12 16:00:00,-0.11181294920925341,-0.6868032247364079
2024-08-13 16:00:00,-0.12477308065649188,-0.6910745325000828
2024-08-13 16:00:00,-0.06193991004883928,-0.6905633316286015
2024-08-16 16:00:00,-0.059465746981159584,-0.6905775501258623
2024-08-17 16:00:00,-0.0735819554499702,-0.6964279314541482
2024-08-18 16:00:00,-0.09155257461407842,-0.710151069411217
2024-08-18 16:00:00,-0.11576001112177693,-0.7030803856408203
2024-08-18 16:00:00,-0.1019414801152498,-0.7067504840579314
2024-08-19 16:00:00,-0.11183586052075814,-0.7150091879880327
2024-08-20 16:00:00,-0.09028823551942615,-0.7162959653672107
2024-08-22 16:00:00,-0.06122288356126651,-0.721928905084877
2024-08-25 16:00:00,-0.02502366844994646,-0.7065543475976137
2024-08-26 16:00:00,0.0692653713971536,-0.6804408105577486
2024-09-02 16:00:00,0.05088744489334245,-0.6940214041396833
2024-09-04 16:00:00,0.006959732214126071,-0.7234085720396426
2024-09-07 16:00:00,-0.01590323268631363,-0.7336741905250783
2024-09-09 16:00:00,-0.07988558046620069,-0.7509159604426526
2024-09-09 16:00:00,-0.12084859119139647,-0.748055220025004
2024-09-11 16:00:00,-0.12477917561068044,-0.7536569845058408
2024-09-12 16:00:00,-0.16212803341798587,-0.7451963733454428
2024-09-12 16:00:00,-0.26619920246469264,-0.7442353843209237
2024-09-17 16:00:00,-0.24870221709699564,-0.7291733224787589
2024-09-17 16:00:00,-0.3923247616977284,-0.7371867322140033
2024-09-20 16:00:00,-0.26836884028433483,-0.7168782358379253
2024-09-22 16:00:00,-0.2511283392897346,-0.7237040811645767
2024-09-28 16:00:00,-0.057370635587194824,-0.6754706324500479
2024-09-28 16:00:00,0.09528263947886152,-0.6259567515325811
2024-10-04 16:00:00,0.15785667600725206,-0.6191593195929904
2024-10-04 16:00:00,0.20050812975343915,-0.5838603010592053
2024-10-04 16:00:00,0.14595081506173227,-0.6152214210952289
2024-10-04 16:00:00,0.15135010893815665,-0.6070624693512138
2024-10-04 16:00:00,0.17720472644830293,-0.5935530640595822
2024-10-04 16:00:00,0.14360818865323535,-0.6161773196927501
2024-10-11 16:00:00,0.14806953555973654,-0.6129955990263846
2024-10-11 16:00:00,0.17057441521828934,-0.6042128073560227
2024-10-11 16:00:00,0.20191810294239368,-0.6008508433785615
2024-10-11 16:00:00,0.18817408061700766,-0.6012950922449807
2024-10-11 16:00:00,0.1969058975590979,-0.6000874217110787
2024-10-11 16:00:00,0.22911065564498703,-0.5885902235003195
2024-10-13 16:00:00,0.2231119960783102,-0.5946255313046052
2024-10-17 16:00:00,0.28041642492954116,-0.5544038716624384
2024-10-18 16:00:00,0.2304221122473094,-0.5708673027489582
2024-10-19 16:00:00,0.21610761710008608,-0.5473970498434204
2024-10-24 16:00:00,0.23411685963996823,-0.5535251423194284
2024-10-24 16:00:00,0.29526319624423025,-0.5591657427768977
2024-10-26 16:00:00,0.3754352347244964,-0.4989226557797163
2024-10-28 16:00:00,0.4342420562498631,-0.49180411090151377
2024-10-28 16:00:00,0.3841202472608748,-0.5204033984408722
2024-11-04 16:00:00,0.45255020033520965,-0.43634057988555275
2024-11-05 16:00:00,0.4500195994284555,-0.41985470207937636
2024-11-05 16:00:00,0.39987402495845564,-0.4597080739983882
2024-11-05 16:00:00,0.30058065938436285,-0.5183939563607596
2024-11-06 16:00:00,0.316868410078586,-0.518007629486225
2024-11-09 16:00:00,0.286741922080721,-0.5149863500616716
2024-11-15 16:00:00,0.3310011167043184,-0.48039850093352265
2024-11-16 16:00:00,0.3140709911273723,-0.43000162020918153
2024-11-16 16:00:00,0.32167667626638086,-0.30017015347214426
2024-11-17 16:00:00,0.3520369178140102,-0.23165475299498117
2024-11-21 16:00:00,0.3015556886006929,-0.25074958306742834
2024-11-21 16:00:00,0.3708167371306933,-0.21000483501899392
2024-11-21 16:00:00,0.36395631287898367,-0.2042274088778182
2024-11-23 16:00:00,0.39175797744096996,-0.11194047669850793
2024-11-25 16:00:00,0.43507612324152406,-0.0960750624080049
2024-11-27 16:00:00,0.4323647481748561,-0.09315281085592764
2024-11-27 16:00:00,0.4313510859783088,-0.07444986685522126
2024-11-27 16:00:00,0.4778256923418243,0.0
2024-11-28 16:00:00,0.46876100999787185,-0.01711041743970121
2024-12-01 16:00:00,0.4672796458665386,-0.016866526835441764
2024-12-02 16:00:00,0.44668873567132217,-0.028460411284882303
2024-12-04 16:00:00,0.4527665752539169,-0.031999568402039436
2024-12-04 16:00:00,0.39774058974316684,-0.05986650789167536
2024-12-05 16:00:00,0.4523580657001156,0.0
2024-12-08 16:00:00,0.4594810102307832,0.0
2024-12-08 16:00:00,0.5178514484886233,0.0
2024-12-11 16:00:00,0.5057774243634946,-0.033569295413862665
2024-12-11 16:00:00,0.45148167686475205,-0.04904550360305149
2024-12-11 16:00:00,0.4301230026669708,-0.07554635876335836
2024-12-12 16:00:00,0.4640164766980664,-0.07139854297697523
2024-12-17 16:00:00,0.4123422520383845,-0.0714564205462942
2024-12-23 16:00:00,0.390900011625786,-0.08473879137832407
2024-12-24 16:00:00,0.3891575559533635,-0.1500119001924859
2024-12-24 16:00:00,0.3913756260538523,-0.23982540206666791
2024-12-24 16:00:00,0.3723754445575539,-0.266094128699606
2024-12-24 16:00:00,0.31129374262183096,-0.34097555720406547
2024-12-27 16:00:00,0.2844798978301069,-0.3389250511741275
2024-12-28 16:00:00,0.23453634873504667,-0.3577403080305971
2024-12-28 16:00:00,0.14765719671566066,-0.3736005782964762
2024-12-28 16:00:00,0.11638393405749253,-0.3572403416838288
2024-12-30 16:00:00,0.11414308849605449,-0.375962253216668
2024-12-30 16:00:00,0.05858865032252723,-0.41181403084177803
2025-01-01 16:00:00,0.05532698076116195,-0.41142445407311246
2025-01-01 16:00:00,-0.028402883541065058,-0.44229934983256713
2025-01-04 16:00:00,-0.03258337661209239,-0.43686471477122313
2025-01-05 16:00:00,-0.016386416709118536,-0.417295360724951
2025-01-10 16:00:00,-0.03809424353146555,-0.4301370980054441
2025-01-11 16:00:00,-0.17542446048941146,-0.47209805042358
2025-01-11 16:00:00,-0.14502629577350656,-0.45399432606012224
2025-01-14 16:00:00,-0.16975723748237032,-0.4789419942361448
2025-01-14 16:00:00,-0.22239508334581498,-0.5486363245812168
2025-01-14 16:00:00,-0.22640971378045657,-0.5536712111831402
2025-01-16 16:00:00,-0.22035903871311233,-0.5611780774524127
2025-01-18 16:00:00,-0.22036146446840482,-0.5259415597872741
2025-01-19 16:00:00,-0.25915092979467197,-0.5186185847187479
2025-01-20 16:00:00,-0.5228240654766168,-0.5243001532995794
2025-01-21 16:00:00,-0.42294578309352704,-0.493157228746847
2025-01-22 16:00:00,-0.36695116855914245,-0.4693591430865598
2025-01-22 16:00:00,-0.36246618871671454,-0.4804528190891867
2025-01-24 16:00:00,-0.3593305301479612,-0.4760903572560261
2025-01-25 16:00:00,-0.3704700318633086,-0.4841037119712541
2025-01-25 16:00:00,-0.3743304884378806,-0.4943913496340705
2025-01-26 16:00:00,-0.33953751983071856,-0.49931684628328676
2025-01-30 16:00:00,-0.33935737079926404,-0.5518497139202749
2025-01-30 16:00:00,-0.33955810720714363,-0.5674859306354954
2025-01-30 16:00:00,-0.29839857477915044,-0.5751005213023559
2025-01-30 16:00:00,-0.3250417044872482,-0.5892637454334577
2025-02-03 16:00:00,-0.31461294498514303,-0.5948466334712929
2025-02-08 16:00:00,-0.35511771309428053,-0.6465197695816017
2025-02-10 16:00:00,-0.4114232042866072,-0.7404439485657384
2025-02-10 16:00:00,-0.423578286465275,-0.7549784767826578
2025-02-10 16:00:00,-0.4441682082026053,-0.8178460591974448
2025-02-14 16:00:00,-0.440978329381745,-0.8166055891210702
2025-02-16 16:00:00,-0.3835732353605409,-0.8052776336233646
2025-02-19 16:00:00,-0.38215782133052,-0.8028278513458342
2025-02-19 16:00:00,-0.41254617400487975,-0.8081505145134512
2025-02-20 16:00:00,-0.4139814994005115,-0.8130054471665902
2025-02-20 16:00:00,-0.41470538883718094,-0.8271917147502539
2025-02-28 16:00:00,-0.4610360739187892,-0.8384052774720809
2025-03-01 16:00:00,-0.47523992076211624,-0.8524206733053237
2025-03-01 16:00:00,-0.4532971300053805,-0.860401653917854
2025-03-01 16:00:00,-0.4821909279189173,-0.8720294302137098
2025-03-02 16:00:00,-0.49871140196269786,-0.8790356686401746
2025-03-04 16:00:00,-0.5709500546824507,-0.8828537672700567
2025-03-05 16:00:00,-0.6029894752541703,-0.8877092537706261
2025-03-05 16:00:00,-0.6197063712860686,-0.8926412026927166
2025-03-05 16:00:00,-0.7002501492899504,-0.8977400055233264
2025-03-07 16:00:00,-0.7410387672222656,-0.8977998817135859
2025-03-08 16:00:00,-0.725275766348558,-0.8976435100382741
2025-03-11 16:00:00,-0.769243050584542,-0.904065230969475
2025-03-12 16:00:00,-0.7905367847728758,-0.9088914371818666
2025-03-12 16:00:00,-0.8036341091313565,-0.9125876480126823
2025-03-14 16:00:00,-0.850672005419308,-0.9222471353984235
2025-03-15 16:00:00,-0.8082874152473757,-0.923388828681211
2025-03-16 16:00:00,-0.7433604399692846,-0.9199573964823899
2025-03-17 16:00:00,-0.7476912006660853,-0.9219072611885599
2025-03-17 16:00:00,-0.7226594889977836,-0.9215756093034142
2025-03-19 16:00:00,-0.7174986392187698,-0.922043872078478
2025-03-20 16:00:00,-0.6694083186437375,-0.9223948260774906
2025-03-20 16:00:00,-0.6880022474900532,-0.9242667995927419
2025-03-21 16:00:00,-0.6534631246848774,-0.9245037829028011
2025-03-22 16:00:00,-0.7620820179329603,-0.9261645124575928
2025-03-24 16:00:00,-0.7696239316603668,-0.9260348794223718
2025-03-26 16:00:00,-0.7448920962321531,-0.9207567001842055
2025-03-27 16:00:00,-0.6228106100244503,-0.914561455106115
2025-04-01 16:00:00,-0.6447709049071817,-0.9203662719735164
2025-04-01 16:00:00,-0.615422727089066,-0.9199563677483096
2025-04-01 16:00:00,-0.6128789979160695,-0.9304955917261997
2025-04-01 16:00:00,-0.6005326224238227,-0.9332370769951153
2025-04-02 16:00:00,-0.5464226269393118,-0.9328985994746666
2025-04-04 16:00:00,-0.5166976185745984,-0.9335326487264497
2025-04-09 16:00:00,-0.4778979234551196,-0.9342383431296084
2025-04-09 16:00:00,-0.47896361682534666,-0.9379908888111478
2025-04-09 16:00:00,-0.4758149729718056,-0.939664173074078
2025-04-09 16:00:00,-0.4584904758843168,-0.9406491250259821
2025-04-14 16:00:00,-0.4035395090642961,-0.9392896566821101
2025-04-18 16:00:00,-0.34442154029772243,-0.9376436211598855
2025-04-18 16:00:00,-0.3112935140530377,-0.9354331353791252
2025-04-20 16:00:00,-0.21747323533670673,-0.9289677148638198
2025-04-26 16:00:00,0.013661266307307058,-0.9081003684490977
2025-05-01 16:00:00,0.06448277085795397,-0.9023377190829023
2025-05-03 16:00:00,0.11462992384030579,-0.8952515173919897
2025-05-05 16:00:00,0.2544900444695852,-0.8568861031616856
2025-05-06 16:00:00,0.26375265694993755,-0.8554422206088009
2025-05-14 16:00:00,0.31239046950585414,-0.8119776665137801
2025-05-15 16:00:00,0.3529002083789227,-0.7912493570494564
2025-05-19 16:00:00,0.35632669130340183,-0.7882448027741606
2025-05-19 16:00:00,0.3530612541185007,-0.7914390691241309
2025-05-19 16:00:00,0.39430625201403685,-0.7607865859319409
2025-05-19 16:00:00,0.4321512311059116,-0.7377828226289171
2025-05-20 16:00:00,0.4417146931464798,-0.7314685622619503
2025-05-21 16:00:00,0.4603902315812311,-0.72366417960215
2025-05-24 16:00:00,0.46718234375444667,-0.717973405308844
2025-05-26 16:00:00,0.4633377464717085,-0.7016099219135938
2025-05-27 16:00:00,0.4150832665590693,-0.7189789694602184
2025-05-27 16:00:00,0.4479196590034995,-0.7149089723230468
2025-05-28 16:00:00,0.4658138579515375,-0.6980948347381672
2025-05-28 16:00:00,0.5216379069754082,-0.7050966641905668
2025-06-03 16:00:00,0.5093424528592878,-0.7240328214925873
2025-06-03 16:00:00,0.48450685067542376,-0.7383399476114543
2025-06-03 16:00:00,0.48358573277054223,-0.7414019829189131
2025-06-07 16:00:00,0.4791112679539595,-0.7469331439533646
2025-06-07 16:00:00,0.4950358345845988,-0.7525160723422525
2025-06-08 16:00:00,0.4928049050137392,-0.7604360729778545
2025-06-08 16:00:00,0.48690482650435696,-0.7676179112388168
2025-06-11 16:00:00,0.48285513587788453,-0.7648536373588717
2025-06-15 16:00:00,0.46834794700827004,-0.7674957962227781
2025-06-16 16:00:00,0.4693752497869162,-0.7585374396561648
2025-06-16 16:00:00,0.4437042149513314,-0.7548624133789714
2025-06-16 16:00:00,0.37194097428295897,-0.7651672400734191
2025-06-23 16:00:00,0.30875356554946876,-0.7871828946426872
2025-06-23 16:00:00,0.24567531163717168,-0.8077366525592358
2025-06-23 16:00:00,0.14978724695160492,-0.8129149115070439
2025-06-25 16:00:00,0.1405245795427777,-0.8149802775990107
2025-06-27 16:00:00,0.03424023447038518,-0.8094850846206152
2025-06-28 16:00:00,-0.005425701492629807,-0.8009817327579252
2025-06-28 16:00:00,-0.015711545541300644,-0.8013261060110499
2025-07-02 16:00:00,0.023667632330414065,-0.7919592250729877
2025-07-06 16:00:00,-0.037049561295340185,-0.7799746308062159
2025-07-06 16:00:00,-0.1067522192118908,-0.77762217365603
2025-07-06 16:00:00,-0.10227624115191407,-0.7710790133183602
2025-07-06 16:00:00,-0.130041095798355,-0.7722063291124636
2025-07-06 16:00:00,-0.12065111984543145,-0.7650162298868092
2025-07-12 16:00:00,-0.10848786303147619,-0.7482742749493674
2025-07-17 16:00:00,0.03693194048272504,-0.7134270524177575
