{
  "execution": {
    "poll_seconds": 60,
    "telegram_enabled": false
  },
  "alerts": {
    "dd_alert_pct": 0.1
  },
  "strategies": [
    {
      "name": "momentum",
      "params": {
        "symbols": [
          "BTCUSDT",
          "ETHUSDT",
          "SOLUSDT",
          "BNBUSDT",
          "AVAXUSDT",
          "DOGEUSDT",
          "LINKUSDT",
          "OPUSDT",
          "LTCUSDT"
        ],
        "timeframe": "1h",
        "lookback": 20,
        "rebalance_period": 36,
        "hold_period": 48,
        "top_n": 3,
        "zscore_threshold": 0.5,
        "vol_threshold": 0.005,
        "use_trend_filter": true,
        "allow_shorts": true,
        "atr_multiplier": 1.5,
        "early_stop_bars": 2,
        "early_stop_atr": 0.75,
        "hard_stop_atr": 1.5,
        "trail_activate_r": 2.0,
        "min_reward_risk": 1.2,
        "fee": 0.001,
        "capital_per_trade": 500,
        "rsi_buy": 60,
        "rsi_sell": 40,
        "starting_equity": 100000,
        "label": "momentum",
        "sell_close_pct": 1.0,
        "min_notional_usdt": 10.0
      }
    },
    {
      "name": "volatility_target",
      "params": {
        "lookback": 20,
        "target_vol": 0.01,
        "rebalance_period": 6,
        "max_leverage": 3,
        "fee": 0.001,
        "use_trend_filter": true,
        "starting_equity": 100000,
        "label": "volatility_target",
        "short_threshold": 0.02,
        "allow_shorts": false,
        "trail_pct": 0.08,
        "atr_trail": 2.0,
        "max_hold": 16,
        "atr_multiplier": 1.5,
        "capital_per_trade": 500,
        "rsi_buy": 55,
        "rsi_sell": 45,
        "assets": [
          {
            "symbol": "BTCUSDT",
            "tf": "4h"
          },
          {
            "symbol": "ETHUSDT",
            "tf": "4h"
          },
          {
            "symbol": "BNBUSDT",
            "tf": "4h"
          },
          {
            "symbol": "SOLUSDT",
            "tf": "4h"
          },
          {
            "symbol": "AVAXUSDT",
            "tf": "4h"
          },
          {
            "symbol": "DOGEUSDT",
            "tf": "4h"
          }
        ],
        "sell_close_pct": 1.0,
        "min_notional_usdt": 10.0
      }
    },
    {
      "name": "relative_value",
      "params": {
        "base": "ETHUSDT",
        "pairs": [
          "BTCUSDT",
          "SOLUSDT",
          "AVAXUSDT",
          "MATICUSDT"
        ],
        "lookback": 20,
        "z_entry": 1.2,
        "z_exit": 0.3,
        "hold_period": 7,
        "starting_equity": 100000,
        "capital_weight": 0.1,
        "fee": 0.001,
        "capital_per_trade": 500,
        "rsi_buy": 55,
        "rsi_sell": 45,
        "asymmetric_drawdown": false,
        "timeframe": "1d",
        "label": "relative_value",
        "dd_mod": false,
        "min_spread": 5,
        "sell_close_pct": 1.0,
        "min_notional_usdt": 10.0
      }
    }
  ],
  "trade_defaults": {
    "sell_close_pct": 1.0,
    "min_notional_usdt": 10.0
  }
}