[
  {
    "timestamp": "2025-08-05T19:16:43.893513",
    "realized": 0,
    "unrealized": 0,
    "balance": 0.0,
    "equity": 0.0
  },
  {
    "timestamp": "2025-08-05T19:16:51.279302",
    "realized": 0,
    "unrealized": 0,
    "balance": 0.0,
    "equity": 0.0
  },
  {
    "timestamp": "2025-08-05T19:24:07.468869",
    "realized": 0,
    "unrealized": 0,
    "balance": 0.0,
    "equity": 0.0
  },
  {
    "timestamp": "2025-08-05T19:27:25.687694",
    "realized": 0,
    "unrealized": 0,
    "balance": 0.0,
    "equity": 0.0
  },
  {
    "timestamp": "2025-08-05T19:32:42.539956",
    "realized": 0,
    "unrealized": 0,
    "balance": 0.0,
    "equity": 0.0
  },
  {
    "timestamp": "2025-08-05T19:33:13.813950",
    "realized": 0,
    "unrealized": 0,
    "balance": 0.0,
    "equity": 0.0
  },
  {
    "timestamp": "2025-08-05T19:35:50.809076",
    "realized": 0,
    "unrealized": 0,
    "balance": 0.0,
    "equity": 0.0
  },
  {
    "timestamp": "2025-08-05T19:36:00.236310",
    "realized": 0,
    "unrealized": 0,
    "balance": 0.0,
    "equity": 0.0
  },
  {
    "timestamp": "2025-08-05T19:36:56.059373",
    "realized": 0,
    "unrealized": 0,
    "balance": 0.0,
    "equity": 0.0
  },
  {
    "timestamp": "2025-08-05T19:38:41.546166",
    "realized": 0,
    "unrealized": 0,
    "balance": 0.0,
    "equity": 0.0
  },
  {
    "timestamp": "2025-08-05T19:39:07.022389",
    "realized": 0,
    "unrealized": 0,
    "balance": 0.0,
    "equity": 0.0
  },
  {
    "timestamp": "2025-08-05T19:42:14.846594",
    "realized": 0,
    "unrealized": 0,
    "balance": 0.0,
    "equity": 0.0
  },
  {
    "timestamp": "2025-08-05T19:42:41.622587",
    "realized": 0,
    "unrealized": 0,
    "balance": 0.0,
    "equity": 0.0
  },
  {
    "timestamp": "2025-08-05T19:46:53.764602",
    "realized": 0,
    "unrealized": 0,
    "balance": 0.0,
    "equity": 0.0
  },
  {
    "timestamp": "2025-08-05T19:53:33.905983",
    "realized": 0,
    "unrealized": 0,
    "balance": 0.0,
    "equity": 0.0
  },
  {
    "timestamp": "2025-08-05T20:03:03.973651",
    "realized": 0,
    "unrealized": 0,
    "balance": 0.0,
    "equity": 0.0
  },
  {
    "timestamp": "2025-08-05T20:04:04.938303",
    "realized": 0,
    "unrealized": 0,
    "balance": 0.0,
    "equity": 0.0
  }
]