symbol,entry_time,exit_time,entry_price,exit_price,pnl_log_return,zscore,vol,atr,position,rebalance_index
DOGEUSDT,2022-01-12 05:00:00,2022-01-12 07:00:00,0.153,0.1521,-0.00589972212718816,1.1059806604132818,0.027312948115019223,0.0004538461538461508,long,200
DOGEUSDT,2022-01-13 17:00:00,2022-01-14 23:00:00,0.1628,0.1832,0.11805599867159006,1.905172623500455,0.01658405989637172,0.0023076923076923014,long,236
DOGEUSDT,2022-01-25 17:00:00,2022-01-27 01:00:00,0.1423,0.1393,-0.02130762431004672,0.8550268698452612,0.010758628352396033,0.001176923076923082,long,524
DOGEUSDT,2022-02-05 05:00:00,2022-02-05 06:00:00,0.1499,0.1488,-0.007365282709560684,1.5263242838938416,0.00743195903633999,0.0006999999999999976,long,776
DOGEUSDT,2022-02-08 05:00:00,2022-02-08 07:00:00,0.1677,0.165,-0.016231194928582438,1.7011201251447352,0.009520702215155037,0.0014692307692307717,long,848
DOGEUSDT,2022-02-15 17:00:00,2022-02-16 13:00:00,0.1493,0.1471,-0.014845076937752704,0.6795620090937766,0.006858049330512511,0.0005461538461538501,long,1028
DOGEUSDT,2022-03-01 05:00:00,2022-03-03 05:00:00,0.1321,0.1324,0.0022684319746282657,1.7046181628054717,0.009115189024414124,0.0007307692307692229,long,1352
DOGEUSDT,2022-03-17 17:00:00,2022-03-18 00:00:00,0.1168,0.1151,-0.014661754666289753,1.3658247167922644,0.005583837808566363,0.00035384615384615115,long,1748
DOGEUSDT,2022-03-23 17:00:00,2022-03-25 17:00:00,0.128,0.1298,0.013964540350372322,0.7962742650893203,0.011556374083486868,0.0010153846153846157,long,1892
DOGEUSDT,2022-03-28 05:00:00,2022-03-28 06:00:00,0.1503,0.1484,-0.01272196602564862,1.9487386752762885,0.009836057649395758,0.0010384615384615437,long,2000
DOGEUSDT,2022-04-06 05:00:00,2022-04-06 09:00:00,0.1619,0.1579,-0.02501693942199285,1.6700996546875144,0.023732837004657524,0.0023923076923076936,long,2216
DOGEUSDT,2022-04-10 17:00:00,2022-04-10 21:00:00,0.1551,0.1525,-0.016905474135026716,1.5069756097536942,0.010490651171734401,0.0014692307692307654,long,2324
DOGEUSDT,2022-04-15 05:00:00,2022-04-16 13:00:00,0.1459,0.1438,-0.014498010241793586,1.6010541191347445,0.013619788386655715,0.0013461538461538496,long,2432
DOGEUSDT,2022-04-25 17:00:00,2022-04-26 14:00:00,0.1506,0.1504,-0.001328903850053752,1.173852845503519,0.030218999478845484,0.002592307692307693,long,2684
DOGEUSDT,2022-05-04 17:00:00,2022-05-05 15:00:00,0.1308,0.1274,-0.026337695885035234,0.9412927297420424,0.005936099952288414,0.0007076923076923045,long,2900
DOGEUSDT,2022-05-07 17:00:00,2022-05-07 21:00:00,0.13,0.1255,-0.03522869188374383,0.661412434024202,0.007856006161797682,0.0009230769230769154,long,2972
DOGEUSDT,2022-05-13 17:00:00,2022-05-14 13:00:00,0.0884,0.0848,-0.04157642684574044,0.5782717124364488,0.025042388480467737,0.0016076923076923056,long,3116
DOGEUSDT,2022-05-22 17:00:00,2022-05-23 19:00:00,0.0851,0.0837,-0.016588058083898842,0.5144330690948055,0.00669073672379002,0.00043076923076922926,long,3332
DOGEUSDT,2022-05-30 05:00:00,2022-05-31 13:00:00,0.08501,0.08389,-0.013262479771064251,1.2781929298359451,0.006316856095498879,0.00044692307692307555,long,3512
DOGEUSDT,2022-06-06 17:00:00,2022-06-07 00:00:00,0.08218,0.07938,-0.03466551610034429,1.225316748893616,0.006555469233712159,0.00037384615384615305,long,3692
OPUSDT,2022-06-11 05:00:00,2022-06-11 08:00:00,0.895,0.874,-0.023743342619319943,0.5362880087724361,0.028567330839004906,0.013153846153846165,long,168
DOGEUSDT,2022-06-20 05:00:00,2022-06-22 03:00:00,0.05837,0.06279,0.07299376591031838,0.8582093453322174,0.023365787105498907,0.0010107692307692307,long,4016
OPUSDT,2022-06-20 05:00:00,2022-06-20 19:00:00,0.481,0.494,0.026668247082161273,0.6903822086061115,0.02467786821636111,0.009615384615384625,long,384
DOGEUSDT,2022-06-21 17:00:00,2022-06-22 01:00:00,0.06618,0.06361,-0.0396076118027533,1.6434299227411933,0.01945627142656973,0.0012930769230769257,long,4052
OPUSDT,2022-06-21 17:00:00,2022-06-21 19:00:00,0.554,0.534,-0.03676884778708904,1.4013625069173148,0.021544040091050945,0.012230769230769241,long,420
OPUSDT,2022-06-24 17:00:00,2022-06-25 12:00:00,0.591,0.577,-0.023973750897998632,1.9423419819180712,0.027519763567370185,0.01407692307692308,long,492
DOGEUSDT,2022-06-24 17:00:00,2022-06-26 17:00:00,0.06586,0.07367,0.11206438374650388,1.4138042518143128,0.007909537674744619,0.00045461538461538344,long,4124
OPUSDT,2022-07-05 05:00:00,2022-07-05 08:00:00,0.56,0.541,-0.034517504882713386,1.9367056358855288,0.010902217290921622,0.005461538461538449,long,744
DOGEUSDT,2022-07-05 05:00:00,2022-07-05 07:00:00,0.06955,0.06885,-0.010115693194788195,1.727029020470436,0.006360234378539301,0.00031846153846153775,long,4376
DOGEUSDT,2022-07-08 05:00:00,2022-07-08 08:00:00,0.07063,0.06932,-0.01872151857342541,2.5523111602618314,0.008038040378251607,0.0005030769230769223,long,4448
OPUSDT,2022-07-08 05:00:00,2022-07-08 08:00:00,0.588,0.567,-0.03636764417087483,1.7631912731463755,0.017722869795515253,0.009615384615384625,long,816
DOGEUSDT,2022-07-15 17:00:00,2022-07-16 06:00:00,0.06259,0.06191,-0.010923803405469426,1.2711009710859555,0.008108535656474259,0.0003784615384615353,long,4628
OPUSDT,2022-07-15 17:00:00,2022-07-17 17:00:00,0.481,0.563,0.1574123580339291,0.5022692553463711,0.01894052143555489,0.006615384615384621,long,996
OPUSDT,2022-07-17 05:00:00,2022-07-19 03:00:00,0.55,0.743,0.3007777664912425,1.8119371962343411,0.019243076750032936,0.0068461538461538525,long,1032
DOGEUSDT,2022-07-17 05:00:00,2022-07-17 12:00:00,0.06448,0.06399,-0.0076282770470037595,1.294011067433825,0.006592647657717173,0.0002576923076923092,long,4664
OPUSDT,2022-07-18 17:00:00,2022-07-19 03:00:00,0.73,0.743,0.017651510575322334,3.279836792089546,0.03434359380264261,0.020153846153846165,long,1068
DOGEUSDT,2022-07-18 17:00:00,2022-07-18 19:00:00,0.06663,0.06569,-0.01420821967006412,2.013950552467514,0.010577983459910824,0.0004938461538461567,long,4700
DOGEUSDT,2022-07-20 05:00:00,2022-07-20 17:00:00,0.07151,0.07008,-0.020199853432168607,2.106589898585424,0.00962793104777029,0.0004723076923076928,long,4736
OPUSDT,2022-07-23 05:00:00,2022-07-23 08:00:00,0.913,0.881,-0.035678254658789044,0.9879520651626326,0.025389041205110905,0.018076923076923077,long,1176
OPUSDT,2022-07-24 17:00:00,2022-07-25 02:00:00,0.931,0.871,-0.06661730042456433,1.80953686936873,0.022398047063745995,0.013538461538461534,long,1212
DOGEUSDT,2022-07-24 17:00:00,2022-07-24 22:00:00,0.06829,0.06767,-0.009120392728863886,0.8244951783271514,0.005602475554556769,0.0002869230769230756,long,4844
OPUSDT,2022-07-27 17:00:00,2022-07-29 11:00:00,0.873,1.528,0.5597794138868636,0.8856174701881658,0.013568771853596463,0.008230769230769238,long,1284
OPUSDT,2022-07-29 05:00:00,2022-07-29 10:00:00,1.668,1.574,-0.058005153941343396,3.3229484757279146,0.037221866389092945,0.03876923076923077,long,1320
DOGEUSDT,2022-07-29 05:00:00,2022-07-29 06:00:00,0.07152,0.07063,-0.01252214744442783,3.0832787230061705,0.011320023963195607,0.0005769230769230763,long,4952
DOGEUSDT,2022-07-30 17:00:00,2022-07-30 19:00:00,0.07242,0.07054,-0.026302579529589067,1.0927618064690054,0.016744724050662022,0.0008830769230769256,long,4988
OPUSDT,2022-07-30 17:00:00,2022-07-31 18:00:00,1.704,1.648,-0.033415996919844065,0.8145797875920301,0.035181167333202645,0.03776923076923074,long,1356
OPUSDT,2022-08-04 05:00:00,2022-08-04 11:00:00,2.076,1.983,-0.0458321157659833,1.9238042719251869,0.033876501969402326,0.055846153846153844,long,1464
DOGEUSDT,2022-08-05 17:00:00,2022-08-07 00:00:00,0.06861,0.06767,-0.013795346458665479,1.588768056482872,0.0068400156991684155,0.000340769230769231,long,5132
DOGEUSDT,2022-08-08 17:00:00,2022-08-09 13:00:00,0.07024,0.06933,-0.013040236372462079,0.9853784376357455,0.006972662855488863,0.00044692307692307447,long,5204
DOGEUSDT,2022-08-11 17:00:00,2022-08-12 10:00:00,0.07167,0.07035,-0.01858946644542977,0.616894368874563,0.011260558908015224,0.0006307692307692317,long,5276
DOGEUSDT,2022-08-13 05:00:00,2022-08-13 06:00:00,0.07473,0.0739,-0.011168789988042835,1.0083157328589147,0.008113991893353954,0.0004184615384615374,long,5312
DOGEUSDT,2022-08-14 17:00:00,2022-08-15 07:00:00,0.07884,0.07599,-0.03681872960282578,2.5176084758226946,0.016391587985632738,0.0012238461538461565,long,5348
OPUSDT,2022-08-16 05:00:00,2022-08-16 13:00:00,1.505,1.454,-0.03447451908951141,0.9672690408880172,0.020424315971098426,0.026615384615384603,long,1752
OPUSDT,2022-08-23 17:00:00,2022-08-24 07:00:00,1.283,1.248,-0.027658815686263404,1.7692290709526501,0.021244885730259167,0.0232307692307692,long,1932
DOGEUSDT,2022-08-23 17:00:00,2022-08-24 02:00:00,0.06796,0.06723,-0.010799720322786092,0.7132962931565202,0.00734146099559406,0.00045153846153845836,long,5564
DOGEUSDT,2022-08-25 05:00:00,2022-08-25 16:00:00,0.06847,0.06811,-0.005271647879744537,0.8329607971407177,0.00535188869930101,0.00020846153846153877,long,5600
OPUSDT,2022-08-29 17:00:00,2022-08-30 13:00:00,1.152,1.131,-0.018397365139716057,1.9324016068229246,0.01476394044142818,0.012538461538461524,long,2076
OPUSDT,2022-09-03 05:00:00,2022-09-03 14:00:00,1.196,1.18,-0.013468217050866593,0.7542215840625042,0.014734807496305288,0.009846153846153855,long,2184
DOGEUSDT,2022-09-04 17:00:00,2022-09-04 22:00:00,0.06334,0.06275,-0.009358463098600412,0.9968262096956532,0.006168634568035389,0.000339230769230769,long,5852
OPUSDT,2022-09-06 05:00:00,2022-09-06 17:00:00,1.217,1.141,-0.06448374312545162,1.461496686467457,0.011879702581746435,0.010692307692307676,long,2256
DOGEUSDT,2022-09-06 05:00:00,2022-09-06 13:00:00,0.0634,0.06244,-0.015257765795948897,0.6166223537433642,0.008401511957397245,0.00038230769230769405,long,5888
OPUSDT,2022-09-09 05:00:00,2022-09-09 07:00:00,1.284,1.26,-0.018868484304382805,0.6955813394897258,0.013033635646698882,0.011461538461538464,long,2328
DOGEUSDT,2022-09-09 05:00:00,2022-09-11 05:00:00,0.06301,0.06408,0.016838858806139716,0.5695640300098551,0.0060142294323525065,0.0002776923076923068,long,5960
DOGEUSDT,2022-09-10 17:00:00,2022-09-11 06:00:00,0.06417,0.06347,-0.010968458444045356,0.500493342826802,0.0063085254621620115,0.00032000000000000295,long,5996
DOGEUSDT,2022-09-18 05:00:00,2022-09-18 09:00:00,0.06159,0.06036,-0.020172885799303784,1.1725846356040182,0.0050732998838451835,0.000226153846153846,long,6176
DOGEUSDT,2022-09-24 05:00:00,2022-09-24 18:00:00,0.0659,0.06429,-0.024734343354866187,2.497487133827123,0.0126797991053679,0.0007361538461538474,long,6320
OPUSDT,2022-09-27 05:00:00,2022-09-27 08:00:00,0.969,0.957,-0.012461220437812002,1.5377696046795326,0.008950716497472883,0.007076923076923074,long,2760
DOGEUSDT,2022-09-27 05:00:00,2022-09-27 09:00:00,0.06241,0.06204,-0.005946180637613596,0.5668791380550467,0.005453505597682967,0.0002399999999999993,long,6392
DOGEUSDT,2022-10-01 17:00:00,2022-10-02 10:00:00,0.06043,0.05967,-0.012656288839476566,0.8086693005064125,0.007039535404109023,0.00020230769230769342,long,6500
DOGEUSDT,2022-10-04 17:00:00,2022-10-06 17:00:00,0.06401,0.06395,-0.000937793129060152,1.6213307704447288,0.019865492646175657,0.0006800000000000006,long,6572
OPUSDT,2022-10-18 05:00:00,2022-10-18 08:00:00,0.751,0.736,-0.02017553303525856,2.0544208941247386,0.0098408387594202,0.004769230769230774,long,3264
OPUSDT,2022-10-22 17:00:00,2022-10-24 17:00:00,0.731,0.857,0.1590244588480012,0.8974722008593774,0.010830031523729147,0.004538461538461542,long,3372
OPUSDT,2022-10-24 05:00:00,2022-10-26 05:00:00,0.795,1.009,0.23837290569927683,2.1464541890181326,0.020627548089385207,0.0113076923076923,long,3408
DOGEUSDT,2022-10-25 17:00:00,2022-10-25 20:00:00,0.0638,0.06261,-0.018828180593525118,1.9185262129043585,0.009010930004782237,0.0003976923076923078,long,7076
OPUSDT,2022-10-25 17:00:00,2022-10-27 17:00:00,0.976,1.089,0.10955253651986799,1.0194897049656872,0.024585956239078666,0.015000000000000005,long,3444
DOGEUSDT,2022-10-27 05:00:00,2022-10-27 07:00:00,0.08018,0.078,-0.027565280524769226,2.931315799740901,0.014543663123493795,0.0009861538461538482,long,7112
OPUSDT,2022-10-27 05:00:00,2022-10-27 09:00:00,1.128,1.101,-0.024227295335324122,1.7966387918014315,0.01598248123530271,0.016461538461538423,long,3480
DOGEUSDT,2022-10-28 17:00:00,2022-10-29 22:00:00,0.08536,0.11941,0.3356853425517953,0.8384262177184474,0.02553439840307073,0.0013907692307692275,long,7148
DOGEUSDT,2022-10-30 05:00:00,2022-10-30 07:00:00,0.1398,0.13027,-0.07060361009023729,2.2012605396858684,0.04883633613669383,0.0038338461538461534,long,7184
OPUSDT,2022-11-03 17:00:00,2022-11-05 17:00:00,1.116,1.33,0.17542807827454318,1.4715848160609017,0.014935261539022398,0.012923076923076917,long,3660
OPUSDT,2022-11-05 05:00:00,2022-11-05 09:00:00,1.318,1.279,-0.030036913483609918,2.100206522333381,0.03164007358250537,0.021307692307692368,long,3696
DOGEUSDT,2022-11-05 05:00:00,2022-11-05 13:00:00,0.13017,0.12756,-0.02025444633651213,0.8384202337604025,0.021969274979663663,0.0014923076923076912,long,7328
OPUSDT,2022-11-11 05:00:00,2022-11-11 14:00:00,0.988,0.965,-0.023554596408881856,0.7205876604638318,0.0323527173897901,0.01507692307692309,long,3840
DOGEUSDT,2022-11-12 17:00:00,2022-11-13 08:00:00,0.08991,0.08613,-0.04295138719559931,0.7791103060392668,0.026234758031859342,0.0020499999999999984,long,7508
DOGEUSDT,2022-11-15 17:00:00,2022-11-15 18:00:00,0.08799,0.08607,-0.022062252996086287,0.6678621069210227,0.007293265653502556,0.0005753846153846165,long,7580
OPUSDT,2022-11-18 17:00:00,2022-11-18 18:00:00,0.906,0.892,-0.01557317346296992,0.6449063801143565,0.00855615187296484,0.004307692307692312,long,4020
OPUSDT,2022-11-20 05:00:00,2022-11-20 08:00:00,0.926,0.919,-0.007588112290492323,1.6813868774889862,0.005372691785397079,0.003999999999999986,long,4056
LINKUSDT,2022-11-23 05:00:00,2022-11-23 12:00:00,6.471,6.393,-0.012127014290539237,1.5293399708604012,0.013380054182723441,0.0413846153846152,long,7760
DOGEUSDT,2022-11-23 05:00:00,2022-11-23 13:00:00,0.08112,0.07957,-0.019292402453429572,1.2588877542006047,0.016302261856600605,0.000670769230769228,long,7760
OPUSDT,2022-11-23 05:00:00,2022-11-25 05:00:00,0.874,0.916,0.04693598901859476,0.9551600515075392,0.015214148369438364,0.008384615384615391,long,4128
OPUSDT,2022-11-24 17:00:00,2022-11-24 20:00:00,0.947,0.937,-0.010615810947655898,1.0800095068662465,0.009644298013622281,0.005615384615384595,long,4164
DOGEUSDT,2022-11-26 05:00:00,2022-11-26 14:00:00,0.09294,0.09176,-0.012777650835717014,2.24888919822457,0.016267060595998004,0.00073769230769231,long,7832
DOGEUSDT,2022-11-27 17:00:00,2022-11-27 23:00:00,0.1035,0.09868,-0.04768932104426772,1.8891975235151186,0.017995321866896456,0.001366153846153846,long,7868
OPUSDT,2022-11-30 17:00:00,2022-12-02 17:00:00,0.949,1.113,0.15940555266561707,2.1302717483638025,0.013128600291791838,0.007461538461538468,long,4308
DOGEUSDT,2022-11-30 17:00:00,2022-12-02 02:00:00,0.10159,0.09918,-0.02400872404246577,0.5080756497097287,0.016885874421538265,0.0006246153846153816,long,7940
DOGEUSDT,2022-12-03 17:00:00,2022-12-03 22:00:00,0.10153,0.09995,-0.015684260366722293,0.5904604568667541,0.008122595938887202,0.0006253846153846152,long,8012
OPUSDT,2022-12-05 05:00:00,2022-12-05 15:00:00,1.078,1.046,-0.03013410684407433,0.5605443428878275,0.009006242323836598,0.005923076923076886,long,4416
OPUSDT,2022-12-09 17:00:00,2022-12-09 20:00:00,1.093,1.077,-0.014746811020150019,1.150292773933605,0.008171335365528736,0.00653846153846157,long,4524
OPUSDT,2022-12-14 05:00:00,2022-12-14 21:00:00,1.173,1.16,-0.011144564553065287,1.9782649713427753,0.016616719015563306,0.008230769230769212,long,4632
DOGEUSDT,2022-12-23 05:00:00,2022-12-23 08:00:00,0.07828,0.07769,-0.00756559356554619,1.785399676998552,0.009798222395926317,0.0003292307692307708,long,8480
OPUSDT,2022-12-27 17:00:00,2022-12-28 03:00:00,0.931,0.915,-0.017335212001545787,0.861703059438031,0.005935580782623588,0.0044615384615384395,long,4956
OPUSDT,2023-01-02 17:00:00,2023-01-04 17:00:00,0.953,1.039,0.08639908744502532,2.0272872093510923,0.006210225503310668,0.003538461538461533,long,5100
DOGEUSDT,2023-01-02 17:00:00,2023-01-02 23:00:00,0.07202,0.0714,-0.008645988875190443,1.4016011385258063,0.006788094071839973,0.0003092307692307689,long,8732
OPUSDT,2023-01-04 05:00:00,2023-01-06 05:00:00,1.023,1.022,-0.0009779951879766258,1.3668722202193198,0.010485844020447591,0.007999999999999998,long,5136
OPUSDT,2023-01-07 05:00:00,2023-01-08 00:00:00,1.092,1.074,-0.016620881236040407,1.9415092048580573,0.013720037908361031,0.009153846153846205,long,5208
OPUSDT,2023-01-08 17:00:00,2023-01-10 17:00:00,1.126,1.259,0.11164622534471155,0.612982447813671,0.011122063741547745,0.008153846153846126,long,5244
DOGEUSDT,2023-01-10 05:00:00,2023-01-12 05:00:00,0.07609,0.0788,0.03499614667540193,0.6223950370227452,0.011077035966218665,0.0007107692307692306,long,8912
OPUSDT,2023-01-13 05:00:00,2023-01-15 05:00:00,1.383,1.694,0.20283754354724137,1.5433412201653973,0.022708258867740007,0.0219230769230769,long,5352
DOGEUSDT,2023-01-13 05:00:00,2023-01-13 12:00:00,0.08014,0.07929,-0.010663087923691028,0.90025533027127,0.009595065554800348,0.0005053846153846137,long,8984
DOGEUSDT,2023-01-14 17:00:00,2023-01-15 02:00:00,0.08623,0.08443,-0.02109535628282443,1.9213406415226622,0.019272881054311866,0.000986153846153847,long,9020
OPUSDT,2023-01-16 05:00:00,2023-01-16 07:00:00,1.811,1.772,-0.021770326718387085,2.0113632661874696,0.017041124449372315,0.02069230769230767,long,5424
OPUSDT,2023-01-20 17:00:00,2023-01-21 23:00:00,1.927,2.202,0.13340164886825878,1.449691434405025,0.015506607397465642,0.01915384615384618,long,5532
DOGEUSDT,2023-01-28 05:00:00,2023-01-28 06:00:00,0.09229,0.09067,-0.017709251619520607,1.6663434059051383,0.009268398843097905,0.000769230769230771,long,9344
OPUSDT,2023-01-28 05:00:00,2023-01-28 06:00:00,2.281,2.237,-0.01947826079425848,0.6712867047741672,0.01408898206433123,0.020615384615384598,long,5712
DOGEUSDT,2023-01-29 17:00:00,2023-01-30 02:00:00,0.08943,0.08897,-0.005156962101413852,0.7070384839690658,0.005030320882613453,0.0002800000000000014,long,9380
OPUSDT,2023-01-29 17:00:00,2023-01-30 09:00:00,2.244,2.143,-0.04605327116901006,0.6198214076701055,0.007725455191332122,0.01092307692307695,long,5748
DOGEUSDT,2023-01-31 05:00:00,2023-02-01 15:00:00,0.09176,0.08946,-0.025384874816413106,0.7602298380610389,0.00919312812997691,0.0007323076923076913,long,9416
DOGEUSDT,2023-02-04 17:00:00,2023-02-04 18:00:00,0.09888,0.09727,-0.0164163768280317,1.3858584239977594,0.010529208707350666,0.0006615384615384612,long,9524
OPUSDT,2023-02-12 05:00:00,2023-02-12 15:00:00,2.493,2.465,-0.011294997046767436,0.6847462844313623,0.009640613306693593,0.017615384615384692,long,6072
DOGEUSDT,2023-02-15 05:00:00,2023-02-16 22:00:00,0.08655,0.08502,-0.017835758691574197,1.2617193446206094,0.008037324084533146,0.0005107692307692291,long,9776
OPUSDT,2023-02-15 05:00:00,2023-02-16 21:00:00,2.39,2.726,0.13154196733092158,0.953173160826488,0.01403866342645908,0.018307692307692306,long,6144
OPUSDT,2023-02-16 17:00:00,2023-02-16 20:00:00,2.918,2.799,-0.04163623956727747,2.156037046724982,0.01219736728548304,0.03000000000000001,long,6180
DOGEUSDT,2023-02-16 17:00:00,2023-02-16 20:00:00,0.08993,0.08777,-0.02431183332239779,1.5502089316888297,0.008118010537199207,0.0006784615384615391,long,9812
OPUSDT,2023-02-24 05:00:00,2023-02-25 02:00:00,3.006,2.88,-0.042819997182928185,0.975926150466219,0.018189993467210227,0.028230769230769264,long,6360
DOGEUSDT,2023-02-28 17:00:00,2023-02-28 19:00:00,0.08192,0.08128,-0.007843177461025893,0.7943135345885001,0.005779353514928564,0.00024923076923076976,long,10100
DOGEUSDT,2023-03-14 05:00:00,2023-03-14 07:00:00,0.0724,0.07189,-0.0070691263958906105,1.9476461814794241,0.009122042773392238,0.0002853846153846136,long,10424
OPUSDT,2023-03-14 05:00:00,2023-03-15 09:00:00,2.596,2.673,0.02922963831493831,1.2772628539737112,0.01761238166534049,0.022769230769230757,long,6792
DOGEUSDT,2023-03-17 05:00:00,2023-03-19 05:00:00,0.07332,0.07459,0.017173026995567674,0.6801073742154424,0.010195576985034717,0.000672307692307691,long,10496
OPUSDT,2023-03-18 17:00:00,2023-03-18 22:00:00,2.71,2.645,-0.024277569581346838,2.3970817016805426,0.0167682055732934,0.02915384615384612,long,6900
DOGEUSDT,2023-03-18 17:00:00,2023-03-18 22:00:00,0.07455,0.07363,-0.012417489830122027,1.1004695772422268,0.008750636225890548,0.00046307692307692185,long,10532
DOGEUSDT,2023-03-21 17:00:00,2023-03-22 19:00:00,0.07527,0.07207,-0.04344378011009105,0.7033961510766288,0.00892112551911074,0.0006069230769230776,long,10604
DOGEUSDT,2023-03-29 06:00:00,2023-03-29 16:00:00,0.07582,0.07518,-0.008476871952156916,1.381052349545166,0.005668785002835884,0.00038538461538461437,long,10784
OPUSDT,2023-03-29 06:00:00,2023-03-29 14:00:00,2.261,2.217,-0.0196522626616584,1.1093097802683447,0.014656592658502918,0.024307692307692363,long,7152
DOGEUSDT,2023-04-01 06:00:00,2023-04-01 10:00:00,0.07708,0.07646,-0.008076115277898893,1.67923194893486,0.006657220557664902,0.00038538461538461117,long,10856
DOGEUSDT,2023-04-04 06:00:00,2023-04-04 23:00:00,0.09929,0.09512,-0.04290560866297645,1.7689141876772472,0.05238720191990944,0.0025684615384615386,long,10928
OPUSDT,2023-04-05 18:00:00,2023-04-06 00:00:00,2.265,2.241,-0.010652564116207361,0.8074766320194529,0.009333307146995316,0.010615384615384641,long,7332
OPUSDT,2023-04-11 18:00:00,2023-04-11 19:00:00,2.322,2.304,-0.007782140442055075,1.4231129127378246,0.006959495317035537,0.00976923076923089,long,7476
OPUSDT,2023-04-14 18:00:00,2023-04-16 18:00:00,2.615,2.693,0.029391716312575547,1.9048660891922506,0.014148298354340701,0.027692307692307648,long,7548
DOGEUSDT,2023-04-14 18:00:00,2023-04-16 18:00:00,0.08821,0.09048,0.02540849653718954,0.6377374458287257,0.011683155124667752,0.0008315384615384605,long,11180
DOGEUSDT,2023-04-17 18:00:00,2023-04-19 08:00:00,0.09108,0.0869,-0.04698020892419238,0.621529910570271,0.014735089384476057,0.0010669230769230764,long,11252
DOGEUSDT,2023-04-26 18:00:00,2023-04-26 19:00:00,0.08213,0.07725,-0.06125644197424605,1.888086854110619,0.0056277390276038034,0.0004007692307692302,long,11468
OPUSDT,2023-04-26 18:00:00,2023-04-26 19:00:00,2.314,2.142,-0.07723765674592784,1.529161296966099,0.007694168831259717,0.016076923076923082,long,7836
DOGEUSDT,2023-05-04 06:00:00,2023-05-04 12:00:00,0.07943,0.0787,-0.009232975221683114,1.2771429238082315,0.006086568664344007,0.0003615384615384612,long,11648
OPUSDT,2023-05-13 06:00:00,2023-05-14 01:00:00,1.629,1.609,-0.012353461609661888,0.7112224825786438,0.010025361544696557,0.011538461538461532,long,8232
OPUSDT,2023-05-17 18:00:00,2023-05-18 17:00:00,1.8,1.734,-0.03735578654376897,1.4761386017101557,0.014095041434062608,0.01638461538461539,long,8340
DOGEUSDT,2023-05-17 18:00:00,2023-05-18 06:00:00,0.0748,0.07372,-0.01454375217880922,1.4565554685507704,0.006554007065294375,0.000460000000000001,long,11972
OPUSDT,2023-05-23 18:00:00,2023-05-24 01:00:00,1.666,1.643,-0.013901704689519902,0.8401509667386918,0.009240179619436198,0.009,long,8484
DOGEUSDT,2023-05-28 06:00:00,2023-05-28 12:00:00,0.07276,0.07227,-0.006757248355031878,2.7589433025143646,0.005011367442271053,0.0002830769230769233,long,12224
OPUSDT,2023-06-03 06:00:00,2023-06-05 02:00:00,1.463,1.443,-0.013764842246253477,1.4732192132610151,0.006869533328683813,0.005076923076923064,long,8736
OPUSDT,2023-06-04 18:00:00,2023-06-04 23:00:00,1.493,1.48,-0.008745430781029767,1.3922632949099896,0.00595181652585544,0.0047692307692307565,long,8772
OPUSDT,2023-06-21 06:00:00,2023-06-22 11:00:00,1.353,1.349,-0.0029607719630321337,2.3075551828513596,0.0160697281377557,0.015615384615384604,long,9168
DOGEUSDT,2023-06-22 18:00:00,2023-06-24 18:00:00,0.06632,0.06659,0.004062905295491294,0.9561054638194064,0.011644644362630355,0.0005584615384615397,long,12836
DOGEUSDT,2023-06-24 06:00:00,2023-06-24 07:00:00,0.06831,0.0676,-0.01044818569483954,0.8656382613418063,0.009132631396943222,0.00033846153846153857,long,12872
DOGEUSDT,2023-06-30 06:00:00,2023-06-30 13:00:00,0.06495,0.06341,-0.023996165404668326,0.9160450428932915,0.005859294966346654,0.00029923076923077174,long,13016
DOGEUSDT,2023-07-01 18:00:00,2023-07-02 00:00:00,0.06846,0.06773,-0.01072041987522693,2.059691393606823,0.00968793936699117,0.0003307692307692285,long,13052
DOGEUSDT,2023-07-04 18:00:00,2023-07-05 09:00:00,0.06894,0.06797,-0.014170129730172494,1.918998584146935,0.009461039367747469,0.000502307692307694,long,13124
OPUSDT,2023-07-12 06:00:00,2023-07-12 19:00:00,1.228,1.198,-0.024733330031693125,0.5826980112843276,0.005288894372255806,0.0030769230769230626,long,9672
OPUSDT,2023-07-13 18:00:00,2023-07-14 19:00:00,1.377,1.413,0.02580788395587272,2.060904260852621,0.015173727701245237,0.018384615384615326,long,9708
DOGEUSDT,2023-07-13 18:00:00,2023-07-14 18:00:00,0.06896,0.06743,-0.022436603608946885,1.9279565873525522,0.00914877291849291,0.0004784615384615398,long,13340
OPUSDT,2023-07-15 06:00:00,2023-07-16 02:00:00,1.479,1.437,-0.028808576631774843,0.8491876122953957,0.025199606265444183,0.01915384615384613,long,9744
OPUSDT,2023-07-19 18:00:00,2023-07-19 22:00:00,1.611,1.551,-0.03795522000043563,1.48545417098295,0.011819163179258846,0.017538461538461537,long,9852
DOGEUSDT,2023-07-19 18:00:00,2023-07-21 18:00:00,0.07036,0.07318,0.039297239721703146,1.204576786144795,0.01075691559736099,0.0005638461538461509,long,13484
DOGEUSDT,2023-07-25 18:00:00,2023-07-26 01:00:00,0.08172,0.0805,-0.015041585524903589,2.189541362020149,0.01046725654269125,0.0005669230769230771,long,13628
OPUSDT,2023-07-27 06:00:00,2023-07-27 18:00:00,1.511,1.493,-0.011984164733549046,1.207516278104134,0.00862785789904979,0.010846153846153865,long,10032
DOGEUSDT,2023-07-30 06:00:00,2023-07-30 19:00:00,0.07991,0.07774,-0.027531075962294167,1.316212711818296,0.00837732496919755,0.0004615384615384609,long,13736
OPUSDT,2023-07-30 06:00:00,2023-07-30 19:00:00,1.575,1.549,-0.01664571084286477,1.1999491573362986,0.007643742847827551,0.008846153846153846,long,10104
OPUSDT,2023-07-31 18:00:00,2023-07-31 19:00:00,1.651,1.627,-0.01464333670109028,2.667430538733491,0.010622394675847432,0.011230769230769258,long,10140
OPUSDT,2023-08-03 18:00:00,2023-08-03 23:00:00,1.736,1.714,-0.012753796062570353,1.908320863976064,0.007438910508440347,0.011153846153846172,long,10212
OPUSDT,2023-08-08 06:00:00,2023-08-08 07:00:00,1.738,1.717,-0.0121564449278618,1.679169144931081,0.0076717258773443915,0.010076923076923077,long,10320
OPUSDT,2023-08-21 18:00:00,2023-08-23 18:00:00,1.534,1.583,0.03144307795381055,1.9359202543492189,0.010102498088922812,0.014307692307692303,long,10644
OPUSDT,2023-10-01 06:00:00,2023-10-03 06:00:00,1.368,1.373,0.0036483075854751605,1.6913240748810225,0.005511643015958177,0.005923076923076937,long,11616
OPUSDT,2023-10-02 18:00:00,2023-10-03 05:00:00,1.384,1.363,-0.015289704481082148,1.727948835094533,0.00806371453905668,0.01053846153846154,long,11652
DOGEUSDT,2023-10-02 18:00:00,2023-10-04 00:00:00,0.06166,0.06059,-0.017505559501106674,0.6686039019447556,0.005414229934950223,0.0002784615384615399,long,15284
OPUSDT,2023-10-20 18:00:00,2023-10-22 18:00:00,1.227,1.281,0.043068857185822686,1.6322780682682803,0.006800810785422257,0.006000000000000005,long,12084
OPUSDT,2023-10-22 06:00:00,2023-10-22 07:00:00,1.282,1.254,-0.022082916287749416,1.9346081563576671,0.006439003497744665,0.004846153846153807,long,12120
DOGEUSDT,2023-10-23 18:00:00,2023-10-25 18:00:00,0.06401,0.06812,0.0622315346405756,2.1592886917237744,0.009443553397168337,0.0005507692307692308,long,15788
DOGEUSDT,2023-10-26 18:00:00,2023-10-27 16:00:00,0.07109,0.06902,-0.029550362271534413,1.2125010255898923,0.014838615778510724,0.0007107692307692296,long,15860
OPUSDT,2023-11-04 18:00:00,2023-11-06 18:00:00,1.467,1.555,0.05825604647035263,0.8571392502526685,0.006163660981002898,0.007153846153846169,long,12444
DOGEUSDT,2023-11-06 06:00:00,2023-11-08 06:00:00,0.071,0.07384,0.03922071315328133,2.1352000372995494,0.010987292068859556,0.00046307692307692185,long,16112
DOGEUSDT,2023-11-09 06:00:00,2023-11-09 07:00:00,0.07674,0.07578,-0.012588679228351662,1.130476140344581,0.0050889257369656354,0.00034384615384615503,long,16184
OPUSDT,2023-11-09 06:00:00,2023-11-09 07:00:00,1.58,1.555,-0.015949301407678064,1.1102755199698122,0.0058661626259387915,0.008230769230769246,long,12552
OPUSDT,2023-11-10 18:00:00,2023-11-11 03:00:00,1.697,1.671,-0.015439736638832595,1.2531851989457985,0.01248490417183656,0.01369230769230767,long,12588
DOGEUSDT,2023-11-16 18:00:00,2023-11-17 15:00:00,0.07934,0.08002,0.0085341883429049,1.2560908702521907,0.01595514708000456,0.0012892307692307702,long,16364
OPUSDT,2023-11-22 18:00:00,2023-11-24 18:00:00,1.732,1.815,0.0468086575765706,0.8691279429672067,0.005824710952693074,0.009076923076923102,long,12876
DOGEUSDT,2023-11-27 06:00:00,2023-11-27 10:00:00,0.08037,0.07859,-0.022396507346543547,0.748941422463613,0.00800689094195233,0.0005676923076923054,long,16616
DOGEUSDT,2023-11-28 18:00:00,2023-11-30 18:00:00,0.08018,0.08342,0.03961398155443825,0.7764314410941296,0.007661597379889695,0.0004861538461538445,long,16652
DOGEUSDT,2023-12-03 06:00:00,2023-12-03 12:00:00,0.0852,0.08411,-0.012875967860924004,1.564062723715389,0.0052251179789476725,0.00033692307692307656,long,16760
OPUSDT,2023-12-03 06:00:00,2023-12-03 12:00:00,1.731,1.704,-0.015720847786948305,1.4123811662699222,0.0055398342988527815,0.007384615384615374,long,13128
DOGEUSDT,2023-12-04 18:00:00,2023-12-06 18:00:00,0.0887,0.09855,0.10530414428319532,1.7200748694874544,0.011873428270564694,0.0008207692307692328,long,16796
DOGEUSDT,2023-12-06 06:00:00,2023-12-06 11:00:00,0.10415,0.10004,-0.04026206169756271,2.620378513235597,0.014239948389907699,0.0014392307692307675,long,16832
OPUSDT,2023-12-07 18:00:00,2023-12-07 19:00:00,2.136,2.039,-0.04647542950563025,1.7103922749692724,0.028643231680246864,0.036923076923076906,long,13236
DOGEUSDT,2023-12-09 06:00:00,2023-12-09 08:00:00,0.10299,0.10182,-0.011425347663520517,1.2457419973443165,0.007869595780350673,0.000716153846153845,long,16904
OPUSDT,2023-12-10 18:00:00,2023-12-11 02:00:00,2.151,2.082,-0.03260388009281589,1.3950044238044637,0.012935422309417209,0.020538461538461564,long,13308
OPUSDT,2023-12-16 18:00:00,2023-12-16 20:00:00,2.241,2.211,-0.013477292943480759,0.8372381981421186,0.008342356164470687,0.013538461538461517,long,13452
OPUSDT,2023-12-21 06:00:00,2023-12-23 06:00:00,2.259,3.236,0.3594157617103792,0.6870976549553189,0.00768351362687859,0.011769230769230737,long,13560
OPUSDT,2023-12-22 18:00:00,2023-12-23 07:00:00,3.238,3.154,-0.026284366714596805,2.9594789568135558,0.02315004096398439,0.0619230769230769,long,13596
DOGEUSDT,2024-01-11 06:00:00,2024-01-12 16:00:00,0.08301,0.0811,-0.023278121345576972,1.534951772824832,0.011736515117321674,0.000557692307692306,long,17696
DOGEUSDT,2024-01-21 18:00:00,2024-01-21 20:00:00,0.08673,0.08502,-0.019913321765720346,1.2313791769039757,0.012388966377384689,0.0006938461538461518,long,17948
OPUSDT,2024-01-26 06:00:00,2024-01-28 06:00:00,3.026,3.129,0.03347184932058092,1.8418920845898432,0.012472495746349432,0.021461538461538525,long,14424
OPUSDT,2024-02-11 18:00:00,2024-02-11 20:00:00,3.569,3.519,-0.014108586168575169,1.580475919720101,0.010096697754643776,0.019923076923076915,long,14820
OPUSDT,2024-02-13 06:00:00,2024-02-13 15:00:00,3.741,3.689,-0.013997536751470568,1.5886251032167082,0.012140949925563829,0.029461538461538428,long,14856
DOGEUSDT,2024-02-13 06:00:00,2024-02-13 13:00:00,0.0824,0.08133,-0.013070484736742143,1.1524331579701221,0.005436272020403707,0.00037538461538461716,long,18488
DOGEUSDT,2024-02-14 18:00:00,2024-02-15 17:00:00,0.08548,0.08447,-0.011885988711541572,1.3684992782166627,0.00519223704901457,0.0003776923076923086,long,18524
OPUSDT,2024-02-25 06:00:00,2024-02-25 09:00:00,3.706,3.672,-0.009216655104923952,0.9982740325160078,0.005882585094488218,0.01692307692307704,long,15144
DOGEUSDT,2024-02-28 06:00:00,2024-02-29 21:00:00,0.09504,0.12042,0.236687776421967,0.9221278331992986,0.014415353495571989,0.0009246153846153838,long,18848
DOGEUSDT,2024-02-29 18:00:00,2024-02-29 21:00:00,0.12493,0.12042,-0.03676794840743607,1.7226345954353597,0.030841441184387874,0.002521538461538463,long,18884
DOGEUSDT,2024-03-02 06:00:00,2024-03-02 14:00:00,0.14277,0.13871,-0.028849521025930067,1.2776737013840427,0.019607829250237227,0.002173076923076923,long,18920
DOGEUSDT,2024-03-05 06:00:00,2024-03-05 15:00:00,0.18448,0.17278,-0.06552194759001088,1.7596439996820294,0.035302110117956,0.004630000000000004,long,18992
DOGEUSDT,2024-03-08 06:00:00,2024-03-10 06:00:00,0.16429,0.17762,0.0780132779121126,0.7480171721346212,0.018693778752626233,0.00243307692307692,long,19064
DOGEUSDT,2024-03-09 18:00:00,2024-03-09 19:00:00,0.18048,0.17677,-0.020770515761902242,0.7905503633969,0.013558969771564509,0.0019099999999999994,long,19100
DOGEUSDT,2024-03-14 06:00:00,2024-03-14 08:00:00,0.18804,0.18465,-0.018192564857357593,0.7839594031915156,0.013689959581893644,0.002150000000000002,long,19208
DOGEUSDT,2024-03-21 18:00:00,2024-03-22 13:00:00,0.14933,0.14858,-0.005035088345517131,0.867933663010976,0.011033167315309034,0.001570000000000003,long,19388
DOGEUSDT,2024-03-24 18:00:00,2024-03-25 08:00:00,0.17296,0.17096,-0.011630742880005948,0.6503850061222808,0.013336103264941356,0.0012915384615384657,long,19460
DOGEUSDT,2024-03-26 06:00:00,2024-03-26 07:00:00,0.18119,0.17922,-0.010932102991942718,1.5507276195556106,0.0129686502099498,0.0012084615384615365,long,19496
DOGEUSDT,2024-03-27 18:00:00,2024-03-29 15:00:00,0.18158,0.20872,0.13929731288486177,1.335409620364296,0.01374579467006442,0.0021861538461538507,long,19532
DOGEUSDT,2024-03-29 06:00:00,2024-03-29 07:00:00,0.21722,0.20948,-0.03628239544060308,1.3743754892918547,0.015763095085201465,0.003246923076923077,long,19568
DOGEUSDT,2024-04-01 06:00:00,2024-04-01 15:00:00,0.2059,0.19919,-0.03313147094656117,0.6831395744418426,0.01836463791403818,0.002779230769230769,long,19640
DOGEUSDT,2024-04-07 06:00:00,2024-04-09 06:00:00,0.19365,0.19821,0.023274668749142868,1.2327157217928375,0.01086199525154328,0.0018269230769230806,long,19784
OPUSDT,2024-04-08 18:00:00,2024-04-09 06:00:00,3.318,3.271,-0.014266443212005956,4.0521171325856224,0.010471721158937871,0.024307692307692294,long,16188
DOGEUSDT,2024-04-08 18:00:00,2024-04-08 19:00:00,0.203,0.20125,-0.008658062743114541,1.0685623645364732,0.00786189391360908,0.0011584615384615333,long,19820
OPUSDT,2024-04-20 18:00:00,2024-04-21 13:00:00,2.472,2.438,-0.013849508536364475,1.9666107246518623,0.009715777787978186,0.021769230769230763,long,16476
DOGEUSDT,2024-04-20 18:00:00,2024-04-21 13:00:00,0.16189,0.15893,-0.01845323854468641,1.260481624923091,0.011195396983468633,0.001405384615384614,long,20108
OPUSDT,2024-04-28 06:00:00,2024-04-29 02:00:00,2.666,2.62,-0.017404903983511417,1.8306591994258756,0.02394530023606919,0.025230769230769286,long,16656
DOGEUSDT,2024-04-28 06:00:00,2024-04-28 08:00:00,0.15014,0.14924,-0.006012443791899059,1.0743184319003836,0.006290946493193733,0.000523076923076921,long,20288
OPUSDT,2024-05-02 18:00:00,2024-05-04 18:00:00,2.817,2.912,0.03316764144020397,1.2962099859381098,0.012841740169387512,0.022923076923076893,long,16764
DOGEUSDT,2024-05-02 18:00:00,2024-05-04 18:00:00,0.13303,0.16115,0.1917609415656323,0.6869207345660411,0.010499962396844354,0.0011276923076923083,long,20396
DOGEUSDT,2024-05-04 06:00:00,2024-05-06 06:00:00,0.15031,0.16357,0.08454120512529938,3.024098838011259,0.013868798751176165,0.00156461538461538,long,20432
OPUSDT,2024-05-10 06:00:00,2024-05-10 12:00:00,2.672,2.656,-0.006006024060211922,1.0492125832605446,0.005318934763188309,0.009692307692307786,long,16944
DOGEUSDT,2024-05-10 06:00:00,2024-05-10 12:00:00,0.15242,0.15027,-0.014206192200336374,0.9734520112462387,0.007351680677011695,0.0007799999999999987,long,20576
DOGEUSDT,2024-05-16 06:00:00,2024-05-16 12:00:00,0.1557,0.153,-0.01749315744751723,1.3355112553191681,0.008935389247372033,0.0009815384615384632,long,20720
OPUSDT,2024-05-16 06:00:00,2024-05-16 11:00:00,2.479,2.444,-0.014219211743704597,1.2492035808329307,0.012936318387477285,0.009538461538461548,long,17088
OPUSDT,2024-05-17 18:00:00,2024-05-19 00:00:00,2.577,2.539,-0.014855628947686527,1.3442525991886336,0.010002937095783504,0.02292307692307686,long,17124
DOGEUSDT,2024-05-20 18:00:00,2024-05-22 18:00:00,0.15325,0.16514,0.07472302417296182,0.8644972944014389,0.006631652544342055,0.0007976923076923112,long,20828
DOGEUSDT,2024-05-22 06:00:00,2024-05-22 11:00:00,0.16892,0.16525,-0.021965751333947,1.073516064500024,0.013757772208832508,0.0014653846153846162,long,20864
DOGEUSDT,2024-05-25 06:00:00,2024-05-27 06:00:00,0.16444,0.1649,0.0027934675358755852,0.7706718914735324,0.007050174996376816,0.0006592307692307688,long,20936
OPUSDT,2024-06-19 18:00:00,2024-06-20 14:00:00,1.923,1.893,-0.01572359437945687,0.7455498252779349,0.012336642850844966,0.01830769230769229,long,17916
DOGEUSDT,2024-06-25 18:00:00,2024-06-25 20:00:00,0.12817,0.12694,-0.009642973863408707,1.4160916402657189,0.007807300567544535,0.000773846153846158,long,21692
OPUSDT,2024-06-25 18:00:00,2024-06-25 22:00:00,1.793,1.767,-0.01460700128543651,0.7128468251296259,0.007714186420532163,0.01323076923076921,long,18060
DOGEUSDT,2024-07-01 18:00:00,2024-07-01 21:00:00,0.12548,0.12437,-0.008885389656827846,0.7082177781943544,0.005603172927080524,0.00047923076923077026,long,21836
OPUSDT,2024-07-01 18:00:00,2024-07-01 21:00:00,1.795,1.776,-0.010641377370263803,0.6271017268306448,0.007939571586059253,0.008999999999999965,long,18204
OPUSDT,2024-07-09 06:00:00,2024-07-11 06:00:00,1.515,1.69,0.1093130899736496,0.885141461849139,0.01225471558185261,0.014615384615384612,long,18384
OPUSDT,2024-07-10 18:00:00,2024-07-12 18:00:00,1.653,1.742,0.05244205959142395,2.3818513061719253,0.009966639690914119,0.00876923076923076,long,18420
DOGEUSDT,2024-07-10 18:00:00,2024-07-10 20:00:00,0.10833,0.10755,-0.007226268243736916,0.700811422805655,0.006884200724194422,0.0004453846153846167,long,22052
DOGEUSDT,2024-07-13 18:00:00,2024-07-15 18:00:00,0.11126,0.12117,0.08532471359628405,1.292470131443991,0.006084734335212387,0.0005861538461538441,long,22124
DOGEUSDT,2024-07-15 06:00:00,2024-07-15 10:00:00,0.11866,0.1171,-0.01323399022682556,2.2742499468903943,0.006148923374443037,0.0006130769230769223,long,22160
OPUSDT,2024-07-15 06:00:00,2024-07-15 09:00:00,1.826,1.807,-0.010459770562685385,1.9453016495227264,0.0066022510891582285,0.012461538461538472,long,18528
DOGEUSDT,2024-07-16 18:00:00,2024-07-16 21:00:00,0.12623,0.1242,-0.016212470265391916,1.5088409533580884,0.008841394487716942,0.0007146153846153862,long,22196
OPUSDT,2024-07-19 18:00:00,2024-07-21 00:00:00,1.926,1.901,-0.013065249869641686,1.616614890079194,0.010206957016181094,0.014846153846153851,long,18636
DOGEUSDT,2024-07-19 18:00:00,2024-07-21 18:00:00,0.12419,0.12858,0.03473862775359952,1.078872159524482,0.007537428978306923,0.0007400000000000003,long,22268
DOGEUSDT,2024-07-21 06:00:00,2024-07-21 17:00:00,0.13024,0.12873,-0.011661714582686975,1.5412457781343774,0.01236550856104671,0.0006146153846153823,long,22304
DOGEUSDT,2024-07-22 18:00:00,2024-07-22 22:00:00,0.14039,0.13828,-0.015143648930436031,0.8060095696497254,0.010976866854593557,0.0013130769230769296,long,22340
DOGEUSDT,2024-07-27 06:00:00,2024-07-27 16:00:00,0.13429,0.13301,-0.009577327227879118,0.8088685954054872,0.006689162750121419,0.0008507692307692297,long,22448
OPUSDT,2024-08-06 18:00:00,2024-08-06 23:00:00,1.292,1.275,-0.013245226750020793,0.6861588672476691,0.01831384836064724,0.011307692307692326,long,19068
OPUSDT,2024-08-09 18:00:00,2024-08-10 01:00:00,1.411,1.399,-0.008540977187332804,0.6150474025313453,0.009713848275198757,0.007923076923076922,long,19140
DOGEUSDT,2024-08-11 06:00:00,2024-08-11 11:00:00,0.10939,0.1075,-0.01742863056398197,1.5050210132898738,0.006537011130423516,0.0006315384615384633,long,22808
OPUSDT,2024-08-11 06:00:00,2024-08-11 10:00:00,1.461,1.435,-0.017956283556978002,0.9060195655930571,0.006062035320024112,0.006692307692307724,long,19176
OPUSDT,2024-08-18 18:00:00,2024-08-18 23:00:00,1.345,1.335,-0.0074627212015896,2.176365660336013,0.007514298963164324,0.0060769230769230735,long,19356
DOGEUSDT,2024-08-20 06:00:00,2024-08-20 14:00:00,0.10509,0.10217,-0.028179033274172885,1.4267989810610258,0.005767628070571643,0.0004899999999999968,long,23024
OPUSDT,2024-08-20 06:00:00,2024-08-20 08:00:00,1.389,1.38,-0.006500564603093428,1.2895855597055235,0.010908648138680031,0.004307692307692277,long,19392
OPUSDT,2024-08-21 18:00:00,2024-08-23 18:00:00,1.416,1.593,0.11778303565638346,0.8434925636982752,0.006827446682272433,0.008999999999999965,long,19428
OPUSDT,2024-08-23 06:00:00,2024-08-23 09:00:00,1.562,1.541,-0.01353549507951566,1.8203322569448481,0.006832293528309079,0.010384615384615384,long,19464
OPUSDT,2024-08-24 18:00:00,2024-08-24 21:00:00,1.627,1.581,-0.02868027000956585,0.6327810911583941,0.006198339313146874,0.007692307692307631,long,19500
OPUSDT,2024-09-10 06:00:00,2024-09-12 06:00:00,1.544,1.553,0.00581209256396561,2.0456361919993307,0.00830284036705689,0.007153846153846117,long,19896
DOGEUSDT,2024-09-10 06:00:00,2024-09-10 13:00:00,0.10334,0.10246,-0.008552044347982351,2.041905421589807,0.01233126108809904,0.0004215384615384614,long,23528
OPUSDT,2024-09-19 06:00:00,2024-09-21 06:00:00,1.554,1.653,0.061759566893431414,1.9597313074970704,0.00942765291178093,0.012769230769230729,long,20112
DOGEUSDT,2024-09-19 06:00:00,2024-09-21 06:00:00,0.10399,0.10511,0.010712680163121477,1.7828444306752311,0.005939232249184456,0.0005207692307692307,long,23744
OPUSDT,2024-09-20 18:00:00,2024-09-21 04:00:00,1.653,1.635,-0.010949014489670469,1.0031173451182818,0.009901888079988437,0.011769230769230839,long,20148
OPUSDT,2024-09-22 06:00:00,2024-09-22 13:00:00,1.713,1.684,-0.017074303521848005,1.5087450465906318,0.011373017206386804,0.01623076923076922,long,20184
DOGEUSDT,2024-09-22 06:00:00,2024-09-22 09:00:00,0.10787,0.10711,-0.007070454610799419,1.232000345069452,0.005220450094701935,0.0003323076923076926,long,23816
DOGEUSDT,2024-09-25 06:00:00,2024-09-26 00:00:00,0.10881,0.10756,-0.011554410562256728,1.6073873898831461,0.006136675423597911,0.0004830769230769205,long,23888
OPUSDT,2024-09-25 06:00:00,2024-09-25 23:00:00,1.708,1.683,-0.014745180157709125,1.154494964215112,0.008114500177164408,0.011692307692307686,long,20256
DOGEUSDT,2024-09-26 18:00:00,2024-09-26 20:00:00,0.11837,0.11574,-0.022469015820109583,2.3685147401985707,0.01056620107426231,0.0011069230769230791,long,23924
OPUSDT,2024-09-28 06:00:00,2024-09-28 08:00:00,1.864,1.849,-0.00807976385841167,2.023645908680519,0.01130147854371441,0.009076923076923068,long,20328
DOGEUSDT,2024-09-28 06:00:00,2024-09-28 07:00:00,0.12313,0.12183,-0.010614077438464115,1.013765024155696,0.0086436379618618,0.0006438461538461529,long,23960
DOGEUSDT,2024-10-07 06:00:00,2024-10-07 09:00:00,0.11445,0.11227,-0.019231361927887644,2.0222925418320177,0.008869874599966144,0.0007423076923076938,long,24176
OPUSDT,2024-10-07 06:00:00,2024-10-07 09:00:00,1.696,1.669,-0.016047892690013294,1.814013091286805,0.008789098606625648,0.014538461538461544,long,20544
OPUSDT,2024-10-11 18:00:00,2024-10-13 14:00:00,1.694,1.673,-0.012474174225175688,1.4510140908979958,0.007746491959664068,0.012692307692307695,long,20652
DOGEUSDT,2024-10-14 18:00:00,2024-10-15 11:00:00,0.11498,0.11289,-0.018344306921689202,1.9207375888390803,0.00788430957436145,0.0004276923076923084,long,24356
OPUSDT,2024-10-14 18:00:00,2024-10-14 20:00:00,1.776,1.765,-0.006212954184718252,1.640743264399712,0.010831022399889803,0.00723076923076922,long,20724
DOGEUSDT,2024-10-19 06:00:00,2024-10-19 11:00:00,0.14518,0.1422,-0.02073983448755409,1.201781000900344,0.014599899111124501,0.001427692307692303,long,24464
OPUSDT,2024-10-20 18:00:00,2024-10-21 12:00:00,1.772,1.752,-0.011350859668689563,1.4748467745293103,0.007008016522389576,0.010230769230769213,long,20868
DOGEUSDT,2024-10-25 06:00:00,2024-10-25 07:00:00,0.13944,0.13807,-0.009873598283704548,0.674753970089773,0.008305475731274934,0.0005976923076923055,long,24608
DOGEUSDT,2024-10-28 06:00:00,2024-10-30 06:00:00,0.14308,0.17375,0.1942135700540843,1.636898459715856,0.010829581282300315,0.0012299999999999982,long,24680
DOGEUSDT,2024-10-29 18:00:00,2024-10-29 19:00:00,0.17595,0.16978,-0.03569638245777251,2.4924846657148163,0.014177327327801387,0.0014538461538461539,long,24716
OPUSDT,2024-10-29 18:00:00,2024-10-29 19:00:00,1.723,1.696,-0.015794420176081375,1.9744294150352792,0.0068319612405336036,0.009615384615384616,long,21084
DOGEUSDT,2024-11-04 18:00:00,2024-11-04 21:00:00,0.15672,0.15209,-0.02998832275200795,0.8858083110169679,0.01246934595538641,0.0016715384615384615,long,24860
DOGEUSDT,2024-11-06 06:00:00,2024-11-06 14:00:00,0.20283,0.19197,-0.055029079951217696,2.9594243688825923,0.03587882940721298,0.005793846153846148,long,24896
OPUSDT,2024-11-06 06:00:00,2024-11-08 06:00:00,1.501,1.564,0.04111508947179464,1.3278433775136604,0.011370755000254244,0.013384615384615413,long,21264
DOGEUSDT,2024-11-09 06:00:00,2024-11-11 06:00:00,0.205,0.27897,0.3080942700198075,0.7477430703778404,0.012817795314128275,0.001898461538461539,long,24968
DOGEUSDT,2024-11-10 18:00:00,2024-11-10 20:00:00,0.27744,0.25829,-0.07152170891267558,2.94818684063506,0.020956351579521963,0.005032307692307695,long,25004
OPUSDT,2024-11-10 18:00:00,2024-11-10 19:00:00,1.694,1.649,-0.02692355265240074,1.7162041345828656,0.00912963867431439,0.010923076923076933,long,21372
DOGEUSDT,2024-11-12 06:00:00,2024-11-12 10:00:00,0.40669,0.38396,-0.05751284396703666,3.6876364534712307,0.029454323658686506,0.009646153846153848,long,25040
OPUSDT,2024-11-12 06:00:00,2024-11-12 09:00:00,1.8,1.756,-0.02474816968919414,1.7967059937484924,0.014358558230683533,0.021692307692307712,long,21408
OPUSDT,2024-11-16 18:00:00,2024-11-17 01:00:00,1.761,1.729,-0.01833862281291554,1.274636448737789,0.012251575616228501,0.021153846153846183,long,21516
DOGEUSDT,2024-11-18 06:00:00,2024-11-18 09:00:00,0.37899,0.37114,-0.0209304695938629,0.6739666370282581,0.013736255906763192,0.004251538461538465,long,25184
DOGEUSDT,2024-11-19 18:00:00,2024-11-19 19:00:00,0.41306,0.40495,-0.019829258164504954,2.203757468814548,0.011961575010830281,0.0037769230769230835,long,25220
DOGEUSDT,2024-11-22 18:00:00,2024-11-23 16:00:00,0.39917,0.43083,0.0763261894278545,1.3388023831578022,0.01318158797017542,0.003985384615384613,long,25292
OPUSDT,2024-11-24 06:00:00,2024-11-24 08:00:00,2.319,2.262,-0.024886680579465883,0.6565089696703601,0.013355950864401304,0.01846153846153858,long,21696
DOGEUSDT,2024-11-30 06:00:00,2024-11-30 14:00:00,0.42567,0.41879,-0.016294797221968534,1.4284249581562538,0.010125942806765688,0.0036630769230769186,long,25472
OPUSDT,2024-11-30 06:00:00,2024-11-30 10:00:00,2.449,2.382,-0.027739307036922206,1.0356960831850153,0.0072281939507221815,0.012384615384615386,long,21840
OPUSDT,2024-12-03 06:00:00,2024-12-03 10:00:00,2.528,2.469,-0.02361526592156861,1.4861210449768847,0.01653834221308023,0.031000000000000034,long,21912
DOGEUSDT,2024-12-07 18:00:00,2024-12-07 22:00:00,0.45945,0.45234,-0.015596012495228502,1.2796351345153383,0.008137583181533306,0.0034361538461538535,long,25652
OPUSDT,2024-12-12 06:00:00,2024-12-12 10:00:00,2.486,2.444,-0.01703895177917062,1.170901884047985,0.009349740539439983,0.018846153846153853,long,22128
DOGEUSDT,2024-12-12 06:00:00,2024-12-12 10:00:00,0.4176,0.41168,-0.014277688034994978,0.7985206048445869,0.008537578763017287,0.0028292307692307675,long,25760
OPUSDT,2024-12-24 06:00:00,2024-12-26 06:00:00,1.894,1.858,-0.0191903543722396,1.4437995106908195,0.016512201073782033,0.026615384615384638,long,22416
DOGEUSDT,2024-12-24 06:00:00,2024-12-26 06:00:00,0.3196,0.32529,0.017646878260080684,0.6977811199220265,0.012851978503160883,0.0028999999999999968,long,26048
DOGEUSDT,2024-12-31 18:00:00,2025-01-01 08:00:00,0.31755,0.31401,-0.011210453714081735,0.7204781216722866,0.007410809065721798,0.0021161538461538488,long,26228
DOGEUSDT,2025-01-02 06:00:00,2025-01-04 06:00:00,0.33141,0.38807,0.15782945616975952,1.7157991253247202,0.0076934122070539375,0.0021515384615384695,long,26264
OPUSDT,2025-01-02 06:00:00,2025-01-04 06:00:00,1.84,2.025,0.09580412893760806,1.2633228016455302,0.0061752844541828975,0.009769230769230804,long,22632
DOGEUSDT,2025-01-03 18:00:00,2025-01-05 18:00:00,0.37944,0.38207,0.006907356323036512,2.342052530279597,0.009984941430783982,0.003481538461538459,long,26300
OPUSDT,2025-01-03 18:00:00,2025-01-05 18:00:00,2.006,2.074,0.033336420267591926,1.9916534144916356,0.009292937574884124,0.016153846153846133,long,22668
OPUSDT,2025-01-05 06:00:00,2025-01-05 09:00:00,2.087,2.06,-0.013021645293574104,0.7227727645828607,0.008531012484711586,0.0115384615384616,long,22704
DOGEUSDT,2025-01-06 18:00:00,2025-01-07 11:00:00,0.38901,0.38512,-0.010050076194140728,0.77056712793724,0.005623276854741601,0.001608461538461533,long,26372
DOGEUSDT,2025-01-14 06:00:00,2025-01-16 06:00:00,0.34451,0.38071,0.09991481283700479,1.09395253637702,0.008218206291570287,0.002024615384615377,long,26552
DOGEUSDT,2025-01-15 18:00:00,2025-01-17 18:00:00,0.37449,0.40899,0.0881256055350788,0.9791486301382127,0.01250928430979131,0.0033099999999999965,long,26588
DOGEUSDT,2025-01-17 06:00:00,2025-01-18 05:00:00,0.38668,0.38764,0.002479596269944627,1.0906641849296195,0.01140738549688484,0.002200000000000001,long,26624
OPUSDT,2025-01-24 18:00:00,2025-01-24 20:00:00,1.78,1.744,-0.020432038817205966,1.4571105348375808,0.010040639932350137,0.007307692307692322,long,23172
DOGEUSDT,2025-01-24 18:00:00,2025-01-24 20:00:00,0.35869,0.35247,-0.017492993452076586,0.9215929637298558,0.007715034128698307,0.0015169230769230824,long,26804
DOGEUSDT,2025-01-26 06:00:00,2025-01-26 09:00:00,0.35407,0.35045,-0.01027659075243583,0.6079116749923675,0.005276826166350705,0.00124846153846154,long,26840
DOGEUSDT,2025-01-30 18:00:00,2025-01-30 20:00:00,0.33476,0.33101,-0.01126527076360537,0.8494339660303745,0.005484727173613474,0.0011507692307692245,long,26948
OPUSDT,2025-01-30 18:00:00,2025-01-30 20:00:00,1.479,1.467,-0.008146684567818138,0.7092826627673686,0.007764863035873819,0.007923076923076904,long,23316
DOGEUSDT,2025-02-11 18:00:00,2025-02-13 18:00:00,0.25141,0.2571,0.02238004165937587,0.5680499438149638,0.011211718896476333,0.0021899999999999997,long,27236
OPUSDT,2025-02-13 06:00:00,2025-02-13 12:00:00,1.117,1.099,-0.016245844665579358,1.2886318085859474,0.013098047309985086,0.011230769230769173,long,23640
DOGEUSDT,2025-02-13 06:00:00,2025-02-13 14:00:00,0.25814,0.25526,-0.011219439852496939,0.8417256835983246,0.008673155228375695,0.0016892307692307762,long,27272
DOGEUSDT,2025-02-14 18:00:00,2025-02-14 20:00:00,0.27814,0.27323,-0.01781065271921923,1.8792099522858876,0.01016158390039925,0.0026392307692307657,long,27308
OPUSDT,2025-02-14 18:00:00,2025-02-14 22:00:00,1.174,1.149,-0.021524722539286036,1.645833031971008,0.008868491985492362,0.009538461538461563,long,23676
OPUSDT,2025-02-17 18:00:00,2025-02-18 05:00:00,1.154,1.133,-0.018365186040038513,1.5665238009964209,0.01170656783316684,0.012230769230769215,long,23748
OPUSDT,2025-02-23 18:00:00,2025-02-24 02:00:00,1.177,1.159,-0.015411263920525,0.525598929289248,0.007203846221061427,0.008307692307692297,long,23892
DOGEUSDT,2025-03-03 06:00:00,2025-03-03 14:00:00,0.21984,0.21286,-0.03226533642108628,1.9414682786183148,0.024506571313008603,0.0028530769230769174,long,27704
OPUSDT,2025-03-03 06:00:00,2025-03-03 14:00:00,1.104,1.066,-0.035026622111250814,1.3035865899872239,0.020263572121827375,0.010923076923076881,long,24072
OPUSDT,2025-03-06 06:00:00,2025-03-06 07:00:00,1.024,1.006,-0.01773445493976858,0.8680597651528584,0.008900376916245286,0.009615384615384607,long,24144
DOGEUSDT,2025-03-06 06:00:00,2025-03-06 07:00:00,0.21386,0.20874,-0.02423213693660476,0.6765681179509146,0.01031542716090428,0.001870000000000004,long,27776
DOGEUSDT,2025-03-15 06:00:00,2025-03-15 07:00:00,0.17359,0.17211,-0.008562389598568268,0.8787030043155691,0.005925082643680448,0.0008446153846153839,long,27992
OPUSDT,2025-03-15 06:00:00,2025-03-15 11:00:00,0.877,0.868,-0.01031527771183291,0.514349492184065,0.006648996567087245,0.005307692307692313,long,24360
OPUSDT,2025-03-19 18:00:00,2025-03-20 04:00:00,0.92,0.904,-0.017544309650909508,1.440051253741656,0.012118253236956606,0.010538461538461549,long,24468
DOGEUSDT,2025-03-19 18:00:00,2025-03-20 10:00:00,0.17391,0.17145,-0.014246245110821966,0.91202513132912,0.008402800910189714,0.001306923076923086,long,28100
DOGEUSDT,2025-03-24 06:00:00,2025-03-26 06:00:00,0.17563,0.19471,0.10313176269388548,2.1515990658911677,0.005084968422851251,0.0007261538461538444,long,28208
DOGEUSDT,2025-03-25 18:00:00,2025-03-25 20:00:00,0.19204,0.19003,-0.01052172922947329,1.5580895657204894,0.009712678522329968,0.001331538461538463,long,28244
DOGEUSDT,2025-04-05 06:00:00,2025-04-05 13:00:00,0.1686,0.16678,-0.010853466908915742,0.6286568935260556,0.007108856681727217,0.0006023076923076883,long,28496
OPUSDT,2025-04-09 18:00:00,2025-04-10 03:00:00,0.665,0.649,-0.02435432395176419,1.090918342649745,0.017532664709242824,0.009076923076923085,long,24972
DOGEUSDT,2025-04-09 18:00:00,2025-04-10 03:00:00,0.15947,0.1555,-0.02521008514059208,0.5343170329625133,0.021307004767744768,0.0024053846153846126,long,28604
OPUSDT,2025-04-12 18:00:00,2025-04-13 01:00:00,0.691,0.683,-0.011644964196879631,1.2274497086650293,0.006638579223761045,0.003769230769230747,long,25044
DOGEUSDT,2025-04-12 18:00:00,2025-04-13 04:00:00,0.16722,0.16484,-0.01433500425129542,1.2183478441176032,0.006914255262581558,0.0009438461538461562,long,28676
OPUSDT,2025-04-18 18:00:00,2025-04-20 18:00:00,0.665,0.714,0.07109592168373005,1.4246969933823377,0.005215522834386464,0.0030000000000000027,long,25188
OPUSDT,2025-04-20 06:00:00,2025-04-20 07:00:00,0.716,0.709,-0.009824640428518092,3.3317509488662003,0.005698347235349593,0.003153846153846157,long,25224
DOGEUSDT,2025-04-21 18:00:00,2025-04-23 18:00:00,0.15661,0.17976,0.13786398939873118,1.0528500930226785,0.00817178583913253,0.0007715384615384602,long,28892
DOGEUSDT,2025-04-23 06:00:00,2025-04-23 14:00:00,0.18147,0.17906,-0.013369405580922599,2.419958644817442,0.011275032892221705,0.001413076923076925,long,28928
OPUSDT,2025-04-23 06:00:00,2025-04-25 06:00:00,0.755,0.808,0.06784430927207072,1.6448329267260888,0.010201893644012507,0.006615384615384621,long,25296
OPUSDT,2025-04-26 06:00:00,2025-04-26 11:00:00,0.834,0.82,-0.016929062100447968,1.385555115100919,0.010315195926388352,0.006923076923076903,long,25368
DOGEUSDT,2025-04-26 06:00:00,2025-04-26 09:00:00,0.18663,0.18318,-0.018658771220196574,0.7365918504166168,0.013775761397087975,0.0016800000000000042,long,29000
DOGEUSDT,2025-05-02 06:00:00,2025-05-03 06:00:00,0.18041,0.17882,-0.008852325157539526,0.8862470445947158,0.008217450779435781,0.0008223076923076841,long,29144
DOGEUSDT,2025-05-08 06:00:00,2025-05-10 06:00:00,0.18097,0.22617,0.2229556572196106,0.9917534943484518,0.006126797784167976,0.0009569230769230774,long,29288
DOGEUSDT,2025-05-09 18:00:00,2025-05-11 07:00:00,0.20437,0.2303,0.11945073030619488,1.7849999185713892,0.015377627649604925,0.0025353846153846125,long,29324
OPUSDT,2025-05-09 18:00:00,2025-05-11 13:00:00,0.749,0.846,0.1217803760890038,1.7377790003628069,0.013458289261083714,0.009846153846153855,long,25692
OPUSDT,2025-05-11 06:00:00,2025-05-11 07:00:00,0.889,0.865,-0.02736772858202534,3.0003719510569242,0.015198562165311291,0.014000000000000004,long,25728
DOGEUSDT,2025-05-11 06:00:00,2025-05-11 13:00:00,0.23436,0.22833,-0.026066443729177997,2.074393399778738,0.014744158709324958,0.003146923076923077,long,29360
OPUSDT,2025-05-14 06:00:00,2025-05-14 07:00:00,0.877,0.861,-0.018412487944452296,1.211720348974519,0.013744559069832964,0.009384615384615392,long,25800
DOGEUSDT,2025-05-14 06:00:00,2025-05-14 07:00:00,0.24239,0.23715,-0.021855146895181313,1.062786199326376,0.009686177050155984,0.0014961538461538458,long,29432
DOGEUSDT,2025-05-18 18:00:00,2025-05-18 19:00:00,0.22783,0.22236,-0.024302046725690044,1.360299190619897,0.011542580717504256,0.0024269230769230765,long,29540
OPUSDT,2025-05-20 06:00:00,2025-05-20 07:00:00,0.72,0.711,-0.012578782206860185,0.9697976850553035,0.009943099096585627,0.004615384615384619,long,25944
DOGEUSDT,2025-05-20 06:00:00,2025-05-20 07:00:00,0.22481,0.22244,-0.010598198696554761,0.6528365363000965,0.007429701431846865,0.001221538461538464,long,29576
OPUSDT,2025-05-21 18:00:00,2025-05-23 12:00:00,0.723,0.77,0.06298129268896484,1.0935249825204043,0.016468879375414455,0.009307692307692315,long,25980
DOGEUSDT,2025-05-21 18:00:00,2025-05-23 18:00:00,0.22677,0.23316,0.027788625205153933,0.9334041666677937,0.013293179595885078,0.0023369230769230763,long,29612
OPUSDT,2025-05-23 06:00:00,2025-05-23 11:00:00,0.802,0.777,-0.03166825749886706,2.2943047914851267,0.010875162809722737,0.008076923076923067,long,26016
DOGEUSDT,2025-05-23 06:00:00,2025-05-23 11:00:00,0.24315,0.23516,-0.03341240331574058,1.3914762416629805,0.009036482287403747,0.0019669230769230692,long,29648
OPUSDT,2025-05-26 06:00:00,2025-05-26 09:00:00,0.777,0.767,-0.012953549000391265,1.0772958004344677,0.009746980274543961,0.006615384615384621,long,26088
DOGEUSDT,2025-05-26 06:00:00,2025-05-26 09:00:00,0.22874,0.22651,-0.009796893294194177,0.8110178793866653,0.0067433038866464455,0.0011476923076923068,long,29720
OPUSDT,2025-05-27 18:00:00,2025-05-27 21:00:00,0.781,0.768,-0.016785416692013836,0.6772518134980289,0.008203049551881595,0.0054615384615384665,long,26124
DOGEUSDT,2025-05-27 18:00:00,2025-05-27 21:00:00,0.22756,0.22633,-0.0054198286408122355,0.5515996606534432,0.005311269139818538,0.0007984615384615385,long,29756
OPUSDT,2025-05-29 06:00:00,2025-05-29 12:00:00,0.788,0.769,-0.024407120352235197,1.3491976567525767,0.016219932943814925,0.011230769230769223,long,26160
DOGEUSDT,2025-06-07 06:00:00,2025-06-07 16:00:00,0.18487,0.18344,-0.007765236814705239,0.6681429972453413,0.006890242300205314,0.000907692307692306,long,30008
OPUSDT,2025-06-07 06:00:00,2025-06-08 03:00:00,0.627,0.619,-0.012841267948324624,0.6442386880405269,0.009299209192731568,0.004461538461538466,long,26376
DOGEUSDT,2025-06-10 06:00:00,2025-06-12 06:00:00,0.19135,0.19085,-0.00261643268047248,1.6919454833260819,0.009753908087575836,0.001058461538461538,long,30080
OPUSDT,2025-06-10 06:00:00,2025-06-12 06:00:00,0.644,0.685,0.061720112157871765,1.531062299090105,0.010084725756087752,0.004923076923076928,long,26448
DOGEUSDT,2025-06-11 18:00:00,2025-06-11 22:00:00,0.19594,0.19224,-0.01906389848828275,1.3325222065192102,0.010709586119538941,0.0019799999999999987,long,30116
OPUSDT,2025-06-11 18:00:00,2025-06-11 21:00:00,0.715,0.697,-0.025497131933483762,0.8421959736268765,0.010524101598614345,0.00538461538461539,long,26484
OPUSDT,2025-06-29 18:00:00,2025-07-01 01:00:00,0.566,0.563,-0.00531445006349259,1.4935138567263706,0.005294478778248123,0.0026153846153846093,long,26916
DOGEUSDT,2025-07-02 18:00:00,2025-07-02 23:00:00,0.17147,0.16869,-0.016345613218539994,1.4541676293136139,0.009409443930134867,0.0014430769230769208,long,30620
OPUSDT,2025-07-02 18:00:00,2025-07-04 06:00:00,0.569,0.559,-0.017730960971231634,0.9172047370982805,0.009446148024036292,0.004153846153846149,long,26988
DOGEUSDT,2025-07-07 06:00:00,2025-07-07 12:00:00,0.17253,0.16952,-0.01760022043372874,2.0848382423048784,0.010697794513947433,0.0011184615384615382,long,30728
OPUSDT,2025-07-07 06:00:00,2025-07-07 14:00:00,0.544,0.539,-0.00923367594694544,1.3412264311894944,0.005888638435704077,0.0023076923076923096,long,27096
DOGEUSDT,2025-07-10 06:00:00,2025-07-12 06:00:00,0.18156,0.20202,0.10678052481277324,2.328483698831557,0.009622947164646076,0.001504615384615382,long,30800
OPUSDT,2025-07-10 06:00:00,2025-07-12 06:00:00,0.595,0.654,0.09454594591156902,2.1535612911034403,0.00990512602385673,0.0060769230769230735,long,27168
DOGEUSDT,2025-07-11 18:00:00,2025-07-11 20:00:00,0.21176,0.20609,-0.02714059133542879,3.417676994511712,0.010509030086171312,0.0018676923076923117,long,30836
OPUSDT,2025-07-11 18:00:00,2025-07-11 21:00:00,0.692,0.669,-0.03380189548944103,2.64165297309894,0.013544810813697569,0.006769230769230741,long,27204
OPUSDT,2025-07-14 18:00:00,2025-07-15 03:00:00,0.655,0.64,-0.023167059281534418,0.7876132842939417,0.01199846426109513,0.005692307692307697,long,27276
DOGEUSDT,2025-07-14 18:00:00,2025-07-15 00:00:00,0.19792,0.19518,-0.013940698930862793,0.5701192090490732,0.009259107834143975,0.0013053846153846165,long,30908
OPUSDT,2025-07-16 06:00:00,2025-07-17 03:00:00,0.706,0.687,-0.027280945270892597,1.5102152142726866,0.016979178795536985,0.007769230769230759,long,27312
DOGEUSDT,2025-07-16 06:00:00,2025-07-18 06:00:00,0.19945,0.24565,0.20834418026324175,0.6275381651631601,0.012013589243619822,0.0017361538461538424,long,30944
DOGEUSDT,2025-07-17 18:00:00,2025-07-17 19:00:00,0.21499,0.21144,-0.016650245122022764,0.8238136996166183,0.010064219289933717,0.0013115384615384623,long,30980
DOGEUSDT,2025-07-19 06:00:00,2025-07-19 11:00:00,0.25108,0.24494,-0.024758330856189826,0.8220082523127116,0.014850989662819997,0.0025961538461538422,long,31016
