timestamp,symbol,entry_time,exit_time,log_return,leverage,net_return,pnl_log_return,equity,vol
2022-01-01 04:00:00,MATICUSDT,2022-01-01 04:00:00,2022-01-01 04:00:00,-0.008553706896315327,0.6959507335552472,-0.006648909322662476,-0.006648909322662476,99335.10906773375,0.028737666383122397
2022-01-02 20:00:00,MATICUSDT,2022-01-02 20:00:00,2022-01-02 20:00:00,0.011437710964552017,0.8172852138325689,0.008530586837586444,0.008530586837586444,100182.49584165718,0.024471261270239072
2022-01-11 04:00:00,MATICUSDT,2022-01-11 04:00:00,2022-01-11 04:00:00,-0.006463549741622389,0.6246227198652149,-0.004661902739461499,-0.004661902739461499,99715.45478984686,0.032019328410461484
2022-01-12 20:00:00,MATICUSDT,2022-01-12 20:00:00,2022-01-12 20:00:00,0.02234965470707987,0.7305168792244965,0.015596283129136568,0.015596283129136568,101270.64525509992,0.027377875267210305
2022-01-14 12:00:00,MATICUSDT,2022-01-14 12:00:00,2022-01-14 12:00:00,0.0403691984971237,1.0271175859237558,0.04043679612011885,0.04043679612011885,105365.70569023328,0.01947196725486173
2022-01-16 04:00:00,MATICUSDT,2022-01-16 04:00:00,2022-01-16 04:00:00,0.0012883832574545969,1.0972790553709624,0.00031643690832458093,0.00031643690832458093,105399.04728838534,0.018226903996849283
2022-01-26 04:00:00,MATICUSDT,2022-01-26 04:00:00,2022-01-26 04:00:00,-0.004403907715255165,0.49569981722083395,-0.00267871606673024,-0.00267871606673024,105116.71316699588,0.04034699894006621
2022-01-27 20:00:00,MATICUSDT,2022-01-27 20:00:00,2022-01-27 20:00:00,0.008214896118891528,0.5458998090095657,0.003938610413326742,0.003938610413326742,105530.72694809009,0.03663675947475839
2022-01-29 12:00:00,MATICUSDT,2022-01-29 12:00:00,2022-01-29 12:00:00,-0.028370697129215576,0.616274840778117,-0.01810042169684963,-0.01810042169684963,103620.57628835455,0.03245305288586457
2022-02-01 20:00:00,MATICUSDT,2022-02-01 20:00:00,2022-02-01 20:00:00,0.011603183615154687,1.2294879961786553,0.013036486976110888,0.013036486976110888,104971.42458159478,0.016266933928726073
2022-02-05 04:00:00,MATICUSDT,2022-02-05 04:00:00,2022-02-05 04:00:00,0.004066226921259575,0.948318893889733,0.0029077609223838014,0.0029077609223838014,105276.6563879601,0.021089952049743222
2022-02-06 20:00:00,MATICUSDT,2022-02-06 20:00:00,2022-02-06 20:00:00,0.021518713429475565,1.2394727833747008,0.02543238684569993,0.02543238684569993,107954.09303904054,0.016135892831423203
2022-02-08 12:00:00,MATICUSDT,2022-02-08 12:00:00,2022-02-08 12:00:00,-0.03214377305468979,0.6941586883197033,-0.02300703802960939,-0.02300703802960939,105470.38911503935,0.02881185575651652
2022-02-10 04:00:00,MATICUSDT,2022-02-10 04:00:00,2022-02-10 04:00:00,0.0055625933572153305,0.638251464933268,0.0029120818941374823,0.0029120818941374823,105777.5275255489,0.031335611587027204
2022-02-15 04:00:00,MATICUSDT,2022-02-15 04:00:00,2022-02-15 04:00:00,0.013306531311099205,1.1086409025085695,0.013643523979486993,0.013643523979486993,107220.70575883456,0.018040106543737597
2022-02-16 20:00:00,MATICUSDT,2022-02-16 20:00:00,2022-02-16 20:00:00,-0.018883755093653812,0.83811231590056,-0.016664820030341754,-0.016664820030341754,105433.89199383736,0.023863150105973327
2022-02-23 12:00:00,MATICUSDT,2022-02-23 12:00:00,2022-02-23 12:00:00,-0.015434389992860027,0.659072027850062,-0.010831446739073025,-0.010831446739073025,104291.89040821293,0.030345696911521745
2022-02-25 04:00:00,MATICUSDT,2022-02-25 04:00:00,2022-02-25 04:00:00,-0.0020725396019724233,0.5235057969279965,-0.0016084922929234025,-0.0016084922929234025,104124.13770627692,0.03820397045718067
2022-02-26 20:00:00,MATICUSDT,2022-02-26 20:00:00,2022-02-26 20:00:00,-0.007229739016315379,0.5854207226715453,-0.004817859762329562,-0.004817859762329562,103622.48221293458,0.03416346436923305
2022-02-28 12:00:00,MATICUSDT,2022-02-28 12:00:00,2022-02-28 12:00:00,0.06062462181643484,0.8772328751832313,0.05230467842774396,0.05230467842774396,109042.42282296674,0.022798963155390768
2022-03-02 04:00:00,MATICUSDT,2022-03-02 04:00:00,2022-03-02 04:00:00,-0.009804000096620743,0.7909249401471958,-0.008545153129770059,-0.008545153129770059,108110.63862230335,0.025286849591919406
2022-03-17 04:00:00,MATICUSDT,2022-03-17 04:00:00,2022-03-17 04:00:00,-0.0006908463141777426,1.2496641785546652,-0.002112990070269112,-0.002112990070269112,107882.20191640397,0.016004299669637304
2022-03-18 20:00:00,MATICUSDT,2022-03-18 20:00:00,2022-03-18 20:00:00,-0.002002002670672968,1.425708250294488,-0.004279979974984537,-0.004279979974984537,107420.46825254452,0.014028115496889976
2022-03-22 04:00:00,MATICUSDT,2022-03-22 04:00:00,2022-03-22 04:00:00,0.005322700523897666,1.7795737866353125,0.007692564539803019,0.007692564539803019,108246.80713747308,0.011238646101780658
2022-03-23 20:00:00,MATICUSDT,2022-03-23 20:00:00,2022-03-23 20:00:00,0.02012401569682497,1.8367069803877998,0.035125213123404275,0.035125213123404275,112048.99930810486,0.010889053187883692
2022-03-25 12:00:00,MATICUSDT,2022-03-25 12:00:00,2022-03-25 12:00:00,-0.017874127632223215,1.9794555873106046,-0.03736049739721771,-0.03736049739721771,107862.79296109355,0.010103788197225017
2022-03-27 04:00:00,MATICUSDT,2022-03-27 04:00:00,2022-03-27 04:00:00,0.0049352351867311,1.9687022246761543,0.007747306266741398,0.007747306266741398,108698.43905294927,0.010158976684902126
2022-03-28 20:00:00,MATICUSDT,2022-03-28 20:00:00,2022-03-28 20:00:00,-0.04253446825672757,1.9029652518124636,-0.08284458034868528,-0.08284458034868528,99693.36248505054,0.010509913400127073
2022-03-30 12:00:00,MATICUSDT,2022-03-30 12:00:00,2022-03-30 12:00:00,-0.006526276501275753,1.2716102225506822,-0.00957049013676523,-0.00957049013676523,98739.24814268641,0.01572808998018484
2022-04-19 12:00:00,MATICUSDT,2022-04-19 12:00:00,2022-04-19 12:00:00,0.008450754517723251,1.271528388440447,0.009473845884586024,0.009473845884586024,99674.68856235011,0.015729102222035617
2022-04-21 04:00:00,MATICUSDT,2022-04-21 04:00:00,2022-04-21 04:00:00,-0.00209132177999761,1.1623165872078671,-0.003593094581288171,-0.003593094581288171,99316.54797898515,0.017207015902650304
2022-05-04 12:00:00,MATICUSDT,2022-05-04 12:00:00,2022-05-04 12:00:00,-0.015267472130788533,1.005986357845329,-0.01636485504020235,-0.01636485504020235,97691.24706821576,0.019880985307630793
2022-05-17 20:00:00,MATICUSDT,2022-05-17 20:00:00,2022-05-17 20:00:00,0.03219312301413116,0.6948384556390561,0.021674181421697993,0.021674181421697993,99808.6248804842,0.02878366883365087
2022-05-22 20:00:00,MATICUSDT,2022-05-22 20:00:00,2022-05-22 20:00:00,0.025469541540456844,0.8687331840414951,0.021257502734476706,0.021257502734476706,101930.30699680546,0.023022028359681836
2022-05-31 04:00:00,MATICUSDT,2022-05-31 04:00:00,2022-05-31 04:00:00,-0.01358511459030648,1.2698249280064557,-0.018520542084601833,-0.018520542084601833,100042.50245637474,0.015750202692428418
2022-06-06 20:00:00,MATICUSDT,2022-06-06 20:00:00,2022-06-06 20:00:00,0.012718772407774612,1.165085006998743,0.01365336603272876,0.01365336603272876,101408.41936124179,0.017166129406746007
2022-06-08 12:00:00,MATICUSDT,2022-06-08 12:00:00,2022-06-08 12:00:00,0.004882027597308319,0.870845505914334,0.003380646286951369,0.003380646286951369,101751.24535762098,0.022966186153767006
2022-06-10 04:00:00,MATICUSDT,2022-06-10 04:00:00,2022-06-10 04:00:00,-0.0030721990369701403,1.0115974567219381,-0.00411942618906452,-0.00411942618906452,101332.08861272487,0.019770710045880907
2022-06-21 20:00:00,MATICUSDT,2022-06-21 20:00:00,2022-06-21 20:00:00,-0.011834457647002796,0.5094484239409285,-0.006538494220402172,-0.006538494220402172,100669.52933698928,0.03925814480941262
2022-06-23 12:00:00,MATICUSDT,2022-06-23 12:00:00,2022-06-23 12:00:00,-0.030153038170687558,0.5151841660602969,-0.016049551990210267,-0.016049551990210267,99053.82849206527,0.038821068886770116
2022-06-25 04:00:00,MATICUSDT,2022-06-25 04:00:00,2022-06-25 04:00:00,0.0,0.48438511014686597,-0.00048438511014686596,-0.00048438511014686596,99005.84829244067,0.041289460763845494
2022-07-05 04:00:00,MATICUSDT,2022-07-05 04:00:00,2022-07-05 04:00:00,0.002847112106397879,0.7345365837748643,0.0013567714164826918,0.0013567714164826918,99140.17659746847,0.027228051593043603
2022-07-06 20:00:00,MATICUSDT,2022-07-06 20:00:00,2022-07-06 20:00:00,0.021340807977758558,0.6344001776853325,0.01290421219535326,0.01290421219535326,100419.502473367,0.03152584236809618
2022-07-08 12:00:00,MATICUSDT,2022-07-08 12:00:00,2022-07-08 12:00:00,0.051010368936519036,0.7286627649541231,0.03644069370565975,0.03644069370565975,104078.85880507372,0.02744753946808193
2022-07-10 04:00:00,MATICUSDT,2022-07-10 04:00:00,2022-07-10 04:00:00,0.013249845165026893,0.7869722057147247,0.00964028766918507,0.00964028766918507,105082.20894423511,0.025413858144883388
2022-07-15 04:00:00,MATICUSDT,2022-07-15 04:00:00,2022-07-15 04:00:00,-0.020214211421608706,0.5297151974136158,-0.01123749019117164,-0.01123749019117164,103901.34865195763,0.03775613782208227
2022-07-16 20:00:00,MATICUSDT,2022-07-16 20:00:00,2022-07-16 20:00:00,0.0056384664269608946,0.5507383055498338,0.002554581140334235,0.002554581140334235,104166.77307767922,0.03631488821180297
2022-07-18 12:00:00,MATICUSDT,2022-07-18 12:00:00,2022-07-18 12:00:00,0.07375238568912731,0.5725780889239739,0.04165642196254038,0.04165642196254038,108505.98813147921,0.034929733405595915
2022-07-20 04:00:00,MATICUSDT,2022-07-20 04:00:00,2022-07-20 04:00:00,-0.023494991720403577,0.44568615312476556,-0.010917078630689653,-0.010917078630689653,107321.41972714718,0.04487462726803898
2022-07-21 20:00:00,MATICUSDT,2022-07-21 20:00:00,2022-07-21 20:00:00,-0.0017650307946804622,0.46595127681199777,-0.0012883696292058542,-0.0012883696292058542,107183.15006940746,0.04292294279530349
2022-07-28 12:00:00,MATICUSDT,2022-07-28 12:00:00,2022-07-28 12:00:00,0.025270310208992754,0.5948802536657766,0.014437928293672696,0.014437928293672696,108730.65270439952,0.033620211591754504
2022-07-30 04:00:00,MATICUSDT,2022-07-30 04:00:00,2022-07-30 04:00:00,0.00952235302057119,0.6238097545889442,0.005316326946282861,0.005316326946282861,109308.70040325883,0.03206105684124623
2022-08-05 20:00:00,MATICUSDT,2022-08-05 20:00:00,2022-08-05 20:00:00,0.0254283357545047,1.1965693960079353,0.02923019895924674,0.02923019895924674,112503.81546402277,0.016714450550653532
2022-08-07 12:00:00,MATICUSDT,2022-08-07 12:00:00,2022-08-07 12:00:00,0.0035130127247793496,1.3626547457875677,0.003424368715645128,0.003424368715645128,112889.0700100885,0.014677232117546169
2022-08-09 04:00:00,MATICUSDT,2022-08-09 04:00:00,2022-08-09 04:00:00,-0.00312955524406301,1.7928021596859867,-0.007403475560098755,-0.007403475560098755,112053.29853926653,0.011155720608627025
2022-08-10 20:00:00,MATICUSDT,2022-08-10 20:00:00,2022-08-10 20:00:00,0.023294485852145705,1.189786954008114,0.026525688413201434,0.026525688413201434,115025.58942199056,0.016809732139543704
2022-08-12 12:00:00,MATICUSDT,2022-08-12 12:00:00,2022-08-12 12:00:00,0.011487462902821974,1.2439815744470992,0.013046210613808024,0.013046210613808024,116526.23748756727,0.0160774085491493
2022-08-14 04:00:00,MATICUSDT,2022-08-14 04:00:00,2022-08-14 04:00:00,0.012934543263033556,1.3583982185163903,0.016211862307311573,0.016211862307311573,118415.34480490479,0.014723223078018696
2022-08-25 20:00:00,MATICUSDT,2022-08-25 20:00:00,2022-08-25 20:00:00,0.0034275954722674975,1.4462654215723145,0.0035109473891059943,0.0035109473891059943,118831.09485057765,0.013828720303813184
2022-08-30 20:00:00,MATICUSDT,2022-08-30 20:00:00,2022-08-30 20:00:00,0.002702040455073128,1.1934987930333771,0.002031383228823758,0.002031383228823758,119072.48634371987,0.01675745305880731
2022-09-01 12:00:00,MATICUSDT,2022-09-01 12:00:00,2022-09-01 12:00:00,0.012407840129794899,1.2107888993517755,0.01381248619473538,0.01381248619473538,120717.1734175153,0.016518156063957536
2022-09-03 04:00:00,MATICUSDT,2022-09-03 04:00:00,2022-09-03 04:00:00,-0.0004581901569276758,1.3606582818530455,-0.001984098513540234,-0.001984098513540234,120477.65865317883,0.014698767697031554
2022-09-04 20:00:00,MATICUSDT,2022-09-04 20:00:00,2022-09-04 20:00:00,0.002348863000394136,1.7329884701788782,0.002337564027533926,0.002337564027533926,120759.282894168,0.011540757681980198
2022-09-06 12:00:00,MATICUSDT,2022-09-06 12:00:00,2022-09-06 12:00:00,-0.006943694602989063,2.1934020738402182,-0.01742371621614956,-0.01742371621614956,118655.2074185543,0.0091182552613274
2022-09-09 20:00:00,MATICUSDT,2022-09-09 20:00:00,2022-09-09 20:00:00,0.001573387602623044,0.9926499726883914,0.0005691731880836269,0.0005691731880836269,118722.74278124345,0.0201480890044595
2022-09-11 12:00:00,MATICUSDT,2022-09-11 12:00:00,2022-09-11 12:00:00,0.0025668224572407737,2.2320895902130298,0.0034972880965191307,0.0034972880965191307,119137.95041635839,0.00896021382282026
2022-09-13 04:00:00,MATICUSDT,2022-09-13 04:00:00,2022-09-13 04:00:00,-0.009843862926530417,2.0349695493035873,-0.02206693085231148,-0.02206693085231148,116508.9415026345,0.009828156891509484
2022-09-23 04:00:00,MATICUSDT,2022-09-23 04:00:00,2022-09-23 04:00:00,-0.018148841117069447,0.988204012394955,-0.018922961624601522,-0.018922961624601522,114304.2472736572,0.0202387358775534
2022-09-26 12:00:00,MATICUSDT,2022-09-26 12:00:00,2022-09-26 12:00:00,0.01791491762814876,1.3974906933217623,0.02363843996364211,0.02363843996364211,117006.22136042482,0.014311365432038082
2022-09-29 20:00:00,MATICUSDT,2022-09-29 20:00:00,2022-09-29 20:00:00,0.00974461226891327,1.414372815444808,0.012368141874756072,0.012368141874756072,118453.37090643968,0.014140543272326804
2022-10-01 12:00:00,MATICUSDT,2022-10-01 12:00:00,2022-10-01 12:00:00,-0.005305738748893188,2.3163953502904864,-0.014606583918082729,-0.014606583918082729,116723.17180391499,0.008634104708201867
2022-10-04 20:00:00,MATICUSDT,2022-10-04 20:00:00,2022-10-04 20:00:00,-0.004897578922903676,1.8851081278357948,-0.011117573962118793,-0.011117573962118793,115425.49330829186,0.010609470992500081
2022-10-06 12:00:00,MATICUSDT,2022-10-06 12:00:00,2022-10-06 12:00:00,-0.0011865212592778254,1.9286595465257494,-0.004217055100387682,-0.004217055100387682,114938.73764302136,0.010369896561592542
2022-10-09 20:00:00,MATICUSDT,2022-10-09 20:00:00,2022-10-09 20:00:00,0.001333414343878752,2.6788190126304214,0.0008931566834660984,0.0008931566834660984,115041.39594473637,0.007465976576133576
2022-10-14 20:00:00,MATICUSDT,2022-10-14 20:00:00,2022-10-14 20:00:00,0.007465081798320077,1.2188827423359574,0.007880176631762659,0.007880176631762659,115947.94246474544,0.016408469252481593
2022-10-16 12:00:00,MATICUSDT,2022-10-16 12:00:00,2022-10-16 12:00:00,-0.007503787085272559,1.241015083632327,-0.010553328040821026,-0.010553328040821026,114724.30579225675,0.016115839576632703
2022-10-18 04:00:00,MATICUSDT,2022-10-18 04:00:00,2022-10-18 04:00:00,0.013809195274186578,2.1101709914419615,0.02702959229130398,0.02702959229130398,117825.25700372434,0.009477904909655319
2022-10-24 20:00:00,MATICUSDT,2022-10-24 20:00:00,2022-10-24 20:00:00,-0.003911275031498688,1.1710934648729288,-0.0057515620935817005,-0.0057515620935817005,117147.57772187519,0.017078056192696908
2022-10-26 12:00:00,MATICUSDT,2022-10-26 12:00:00,2022-10-26 12:00:00,0.002519686372455234,1.0898201822480893,0.0016561848793891006,0.0016561848793891006,117341.59576875521,0.018351651332739912
2022-10-29 20:00:00,MATICUSDT,2022-10-29 20:00:00,2022-10-29 20:00:00,-0.0035284719847963665,1.743430935904837,-0.007895078150672363,-0.007895078150672363,116415.17469983628,0.011471633081708534
2022-11-03 20:00:00,MATICUSDT,2022-11-03 20:00:00,2022-11-03 20:00:00,-0.005347325978924903,0.8626926599426191,-0.005475791532281614,-0.005475791532281614,115777.70947198583,0.02318322727045142
2022-11-05 12:00:00,MATICUSDT,2022-11-05 12:00:00,2022-11-05 12:00:00,0.0043825265497045894,0.46019577476433055,0.0015566244262022215,0.0015566244262022215,115957.93188255966,0.0434597645105328
2022-11-07 04:00:00,MATICUSDT,2022-11-07 04:00:00,2022-11-07 04:00:00,-0.055194568222261146,0.45164824229646056,-0.025380177964192785,-0.025380177964192785,113014.89893502055,0.044282249164322135
2022-11-10 12:00:00,MATICUSDT,2022-11-10 12:00:00,2022-11-10 12:00:00,0.18326642730797715,0.39300012356897207,0.07163072845451007,0.07163072845451007,121110.23847194892,0.050890569240469904
2022-11-15 12:00:00,MATICUSDT,2022-11-15 12:00:00,2022-11-15 12:00:00,0.005934106636657722,0.7127211529242427,0.0035166421707298486,0.0035166421707298486,121536.13984386652,0.028061465438399668
2022-11-23 20:00:00,MATICUSDT,2022-11-23 20:00:00,2022-11-23 20:00:00,0.008861998296148659,0.9592471046398467,0.007541599102264009,0.007541599102264009,122452.71668700565,0.020849685032418297
2022-11-27 04:00:00,MATICUSDT,2022-11-27 04:00:00,2022-11-27 04:00:00,0.004101007563800136,1.7853316127128824,0.005536326834914144,0.005536326834914144,123130.65494840808,0.011202400639514361
2022-11-30 12:00:00,MATICUSDT,2022-11-30 12:00:00,2022-11-30 12:00:00,0.007541169193382363,1.7855168061422289,0.011679367526604017,0.011679367526604017,124568.743121342,0.011201238728865182
2022-12-02 04:00:00,MATICUSDT,2022-12-02 04:00:00,2022-12-02 04:00:00,0.008668513160870082,1.5559769962643941,0.011932030073864605,0.011932030073864605,126055.10111052937,0.012853660464143242
2022-12-08 20:00:00,MATICUSDT,2022-12-08 20:00:00,2022-12-08 20:00:00,0.0024825961263920376,1.5689586431209441,0.002326132006760419,0.002326132006760419,126348.321915838,0.012747308597131893
2022-12-10 12:00:00,MATICUSDT,2022-12-10 12:00:00,2022-12-10 12:00:00,0.01065768479412662,1.830940786182295,0.01768264898965899,0.01768264898965899,128582.4949427082,0.01092334615676027
2022-12-13 20:00:00,MATICUSDT,2022-12-13 20:00:00,2022-12-13 20:00:00,0.003033588458598844,1.5095987746888542,0.003069902645322211,0.003069902645322211,128977.23068407495,0.013248553413884583
2022-12-23 20:00:00,MATICUSDT,2022-12-23 20:00:00,2022-12-23 20:00:00,-0.0021251336205936624,2.2306447263536024,-0.006971062829927593,-0.006971062829927593,128078.1223053462,0.008966017655663915
2022-12-27 04:00:00,MATICUSDT,2022-12-27 04:00:00,2022-12-27 04:00:00,0.000245821043519046,3.0,-0.002262536869442862,-0.002262536869442862,127788.34083146133,0.004879920845952668
2023-01-02 20:00:00,MATICUSDT,2023-01-02 20:00:00,2023-01-02 20:00:00,-0.00447199365356172,3.0,-0.01641598096068516,-0.01641598096068516,125690.56986137452,0.006547751060946443
2023-01-04 12:00:00,MATICUSDT,2023-01-04 12:00:00,2023-01-04 12:00:00,0.007709563179898758,2.336196827571516,0.01567486021527013,0.01567486021527013,127660.7519743292,0.008560922506170023
2023-01-07 20:00:00,MATICUSDT,2023-01-07 20:00:00,2023-01-07 20:00:00,0.0004962163605107203,2.821542082111884,-0.001421446739098485,-0.001421446739098485,127479.28901472443,0.0070883224201392335
2023-01-09 12:00:00,MATICUSDT,2023-01-09 12:00:00,2023-01-09 12:00:00,0.007646005738810058,1.749030678227969,0.01162406792485793,0.01162406792485793,128961.11692924419,0.011434905201470226
2023-01-11 04:00:00,MATICUSDT,2023-01-11 04:00:00,2023-01-11 04:00:00,0.010862689304776879,1.6501823533508573,0.016275235847325042,0.016275235847325042,131059.9895224021,0.012119872667034669
2023-01-12 20:00:00,MATICUSDT,2023-01-12 20:00:00,2023-01-12 20:00:00,0.0036122856859135658,1.358510995451667,0.0035488188275745783,0.0035488188275745783,131525.09768076093,0.014722000828083514
2023-01-14 12:00:00,MATICUSDT,2023-01-14 12:00:00,2023-01-14 12:00:00,-0.0035459233749975103,1.1086530190284714,-0.005039851673963088,-0.005039851673963088,130862.2306970464,0.01803990938258238
2023-01-16 04:00:00,MATICUSDT,2023-01-16 04:00:00,2023-01-16 04:00:00,-0.002262333134292839,1.1675768889682099,-0.0038090247717155424,-0.0038090247717155424,130363.7732186394,0.01712949287448987
2023-01-17 20:00:00,MATICUSDT,2023-01-17 20:00:00,2023-01-17 20:00:00,-0.02601417546316004,1.5240697772821286,-0.04117148838159866,-0.04117148838159866,124996.50264418682,0.01312275874643087
2023-01-21 04:00:00,MATICUSDT,2023-01-21 04:00:00,2023-01-21 04:00:00,0.0043150013014132795,1.1774947008502972,0.003903396465725975,0.003903396465725975,125484.41355083625,0.016985214443476917
2023-01-22 20:00:00,MATICUSDT,2023-01-22 20:00:00,2023-01-22 20:00:00,-0.01339216497467561,1.3720643355876323,-0.019746976273645887,-0.019746976273645887,123006.47581373552,0.014576575952930321
2023-01-24 12:00:00,MATICUSDT,2023-01-24 12:00:00,2023-01-24 12:00:00,-0.009420467307765584,1.6977801282276161,-0.017691662321969934,-0.017691662321969934,120830.28678022335,0.011780088403366364
2023-01-26 04:00:00,MATICUSDT,2023-01-26 04:00:00,2023-01-26 04:00:00,-0.002710708953653864,1.195982283748046,-0.00443794216871527,-0.00443794216871527,120294.04895526344,0.016722655738112373
2023-01-27 20:00:00,MATICUSDT,2023-01-27 20:00:00,2023-01-27 20:00:00,-0.00987513928552501,0.6988804618767972,-0.007600422366842221,-0.007600422366842221,119379.76337498584,0.028617197204642588
2023-01-29 12:00:00,MATICUSDT,2023-01-29 12:00:00,2023-01-29 12:00:00,0.009918277381226026,0.7712867170752619,0.0068785488833323855,0.0068785488833323855,120200.92291304132,0.025930694198702774
2023-02-01 20:00:00,MATICUSDT,2023-02-01 20:00:00,2023-02-01 20:00:00,0.0529834120169288,1.16275404690939,0.06044392269484218,0.06044392269484218,127466.33820544586,0.01720054215520485
2023-02-03 12:00:00,MATICUSDT,2023-02-03 12:00:00,2023-02-03 12:00:00,0.026179939390008743,0.9485616591913835,0.023884725086125165,0.023884725086125165,130510.836651218,0.021084554500178005
2023-02-05 04:00:00,MATICUSDT,2023-02-05 04:00:00,2023-02-05 04:00:00,-0.0033778381803329046,0.9871683364931512,-0.004321663233915437,-0.004321663233915437,129946.81276683488,0.0202599691062303
2023-02-08 12:00:00,MATICUSDT,2023-02-08 12:00:00,2023-02-08 12:00:00,-0.010914688220741084,1.4679628642221325,-0.017490319846832785,-0.017490319846832785,127674.00144846644,0.013624322854105657
2023-02-15 04:00:00,MATICUSDT,2023-02-15 04:00:00,2023-02-15 04:00:00,-0.007252247740764321,1.0027243981216794,-0.008274730149008893,-0.008274730149008893,126617.5335394362,0.01994566008113929
2023-02-16 20:00:00,MATICUSDT,2023-02-16 20:00:00,2023-02-16 20:00:00,-0.046665873278091956,1.164357253785569,-0.055500105309370086,-0.055500105309370086,119590.2470939848,0.017176858678876965
2023-02-18 12:00:00,MATICUSDT,2023-02-18 12:00:00,2023-02-18 12:00:00,-0.0047562515346493755,1.0188238024515328,-0.005864606076398948,-0.005864606076398948,118888.89740419936,0.01963047972757923
2023-02-20 04:00:00,MATICUSDT,2023-02-20 04:00:00,2023-02-20 04:00:00,0.007056718016448487,1.0870260433011,0.006583810220810486,0.006583810220810486,119671.63934207002,0.018398823214266002
2023-03-07 04:00:00,MATICUSDT,2023-03-07 04:00:00,2023-03-07 04:00:00,0.00781661092974463,2.1420375970742196,0.01460143689614005,0.01460143689614005,121419.01723218088,0.009336904276245072
2023-03-13 20:00:00,MATICUSDT,2023-03-13 20:00:00,2023-03-13 20:00:00,0.009602499660937763,0.6995465634703207,0.006017849075063612,0.006017849075063612,122149.69855272668,0.028589948181267175
2023-03-17 04:00:00,MATICUSDT,2023-03-17 04:00:00,2023-03-17 04:00:00,0.012594839284418917,0.8059803165086517,0.009345212236322906,0.009345212236322906,123291.21341030477,0.024814501781676344
2023-03-23 20:00:00,MATICUSDT,2023-03-23 20:00:00,2023-03-23 20:00:00,0.007333160042854675,1.1117807578885641,0.007041085472274541,0.007041085472274541,124159.31738190715,0.0179891582563301
2023-03-28 20:00:00,MATICUSDT,2023-03-28 20:00:00,2023-03-28 20:00:00,-0.01317252855653867,1.1665633862076366,-0.01653315290404018,-0.01653315290404018,122106.57240317082,0.017144374867633812
2023-04-01 04:00:00,MATICUSDT,2023-04-01 04:00:00,2023-04-01 04:00:00,-0.005479958015731734,1.6338626798814067,-0.010587361569102453,-0.010587361569102453,120813.78597117467,0.012240930799307867
2023-04-04 12:00:00,MATICUSDT,2023-04-04 12:00:00,2023-04-04 12:00:00,0.006225008985844233,2.0455029033155983,0.010687771050394469,0.010687771050394469,122105.01605536595,0.00977754662072666
2023-04-11 04:00:00,MATICUSDT,2023-04-11 04:00:00,2023-04-11 04:00:00,0.007636336167105687,3.0,0.01990900850131706,0.01990900850131706,124536.0058580657,0.005276074374712525
2023-04-14 12:00:00,MATICUSDT,2023-04-14 12:00:00,2023-04-14 12:00:00,-0.03372608229463821,1.6943891438456753,-0.0588394968483265,-0.0588394968483265,117208.36993387688,0.011803663917845307
2023-04-16 04:00:00,MATICUSDT,2023-04-16 04:00:00,2023-04-16 04:00:00,0.00413722362234612,1.4104302684289758,0.0044248351557873615,0.0044248351557873615,117726.99764971284,0.014180070045063081
2023-04-27 20:00:00,MATICUSDT,2023-04-27 20:00:00,2023-04-27 20:00:00,-0.004239174288423681,0.7874807993122744,-0.004125749156384197,-0.004125749156384197,117241.28558847589,0.025397444632893236
2023-04-29 12:00:00,MATICUSDT,2023-04-29 12:00:00,2023-04-29 12:00:00,0.008511531987032061,0.8790339762200288,0.006602891830064727,0.006602891830064727,118015.41711523432,0.022752249106459854
2023-05-12 20:00:00,MATICUSDT,2023-05-12 20:00:00,2023-05-12 20:00:00,0.02044344312058012,1.759685958450921,0.034214353843224,0.034214353843224,122053.23835537062,0.011365664369798297
2023-05-14 12:00:00,MATICUSDT,2023-05-14 12:00:00,2023-05-14 12:00:00,0.011997115532340187,1.9470918528274408,0.02141239405762168,0.02141239405762168,124666.69039104463,0.010271729076857517
2023-05-16 04:00:00,MATICUSDT,2023-05-16 04:00:00,2023-05-16 04:00:00,0.009646190201385083,2.613444003008544,0.02259633393068108,0.02259633393068108,127483.70055715351,0.007652737145688373
2023-05-17 20:00:00,MATICUSDT,2023-05-17 20:00:00,2023-05-17 20:00:00,-0.011436384316639755,1.3939513310487905,-0.017335714471614288,-0.017335714471614288,125273.67952450992,0.014347703219273993
2023-05-19 12:00:00,MATICUSDT,2023-05-19 12:00:00,2023-05-19 12:00:00,0.000574349564924449,1.27203382230712,-0.0005414417498958417,-0.0005414417498958417,125205.85112425228,0.015722852371743933
2023-05-21 04:00:00,MATICUSDT,2023-05-21 04:00:00,2023-05-21 04:00:00,0.0011415526353827253,2.4927746177368175,0.0003528588165558123,0.0003528588165558123,125250.03111270584,0.00802318824080371
2023-05-22 20:00:00,MATICUSDT,2023-05-22 20:00:00,2023-05-22 20:00:00,0.0025267039972925536,3.0,0.00458011199187766,0.00458011199187766,125823.69028218818,0.005509807707262264
2023-05-26 04:00:00,MATICUSDT,2023-05-26 04:00:00,2023-05-26 04:00:00,0.002675586880437942,2.5200887402838346,0.004222627630758973,0.004222627630758973,126354.9968733778,0.007936228466997326
2023-05-27 20:00:00,MATICUSDT,2023-05-27 20:00:00,2023-05-27 20:00:00,0.0007609109557848017,1.710673675247408,-0.0004090033339790033,-0.0004090033339790033,126303.31725839167,0.011691300503064956
2023-05-29 12:00:00,MATICUSDT,2023-05-29 12:00:00,2023-05-29 12:00:00,-0.011454631403349208,1.6707882259455697,-0.020809051507207806,-0.020809051507207806,123675.0650240306,0.011970397977087224
2023-06-03 12:00:00,MATICUSDT,2023-06-03 12:00:00,2023-06-03 12:00:00,-0.0006630567156396218,3.0,-0.004989170146918865,-0.004989170146918865,123058.02908169445,0.005703038641571889
2023-06-18 12:00:00,MATICUSDT,2023-06-18 12:00:00,2023-06-18 12:00:00,0.009942221901290552,1.1049673595675154,0.00988086332293583,0.00988086332293583,124273.94864784055,0.01810008216697732
2023-06-20 04:00:00,MATICUSDT,2023-06-20 04:00:00,2023-06-20 04:00:00,-0.00032824553060201926,1.6781337418140412,-0.002228973642316943,-0.002228973642316943,123996.94529187787,0.011918001230569535
2023-06-21 20:00:00,MATICUSDT,2023-06-21 20:00:00,2023-06-21 20:00:00,0.006003319845829053,1.2345492274142145,0.006176844650174464,0.006176844650174464,124762.85516004197,0.016200245041577126
2023-06-23 12:00:00,MATICUSDT,2023-06-23 12:00:00,2023-06-23 12:00:00,0.023207012958105535,0.9755352576387796,0.021663724107473203,0.021663724107473203,127465.68323308977,0.02050156551840957
2023-06-25 04:00:00,MATICUSDT,2023-06-25 04:00:00,2023-06-25 04:00:00,0.0050640561006630525,1.0440412491245645,0.00424304220784856,0.00424304220784856,128006.52550710003,0.019156331243396878
2023-06-30 04:00:00,MATICUSDT,2023-06-30 04:00:00,2023-06-30 04:00:00,0.001076674717559916,1.0711253753259824,8.212823562437862e-05,8.212823562437862e-05,128017.03845718835,0.01867195051178138
2023-07-01 20:00:00,MATICUSDT,2023-07-01 20:00:00,2023-07-01 20:00:00,0.01398624197473987,0.8700828687340766,0.011299106671456546,0.011299106671456546,129463.51663048007,0.022986316267896316
2023-07-03 12:00:00,MATICUSDT,2023-07-03 12:00:00,2023-07-03 12:00:00,0.017610154856452565,1.0719913539703334,0.017805942394225494,0.017805942394225494,131768.73654975623,0.018656866891627454
2023-07-05 04:00:00,MATICUSDT,2023-07-05 04:00:00,2023-07-05 04:00:00,-0.00454740019093052,1.6689686208690029,-0.009258436846065752,-0.009258436846065752,130548.76402412444,0.011983448789819877
2023-07-08 12:00:00,MATICUSDT,2023-07-08 12:00:00,2023-07-08 12:00:00,-0.001905739783698201,1.3288818990495215,-0.003861385001904611,-0.003861385001904611,130044.6649847045,0.015050246387060382
2023-07-11 20:00:00,MATICUSDT,2023-07-11 20:00:00,2023-07-11 20:00:00,0.0016170330972639596,1.3482215062545253,0.0008318972918021105,0.0008318972918021105,130152.84878931861,0.014834357638724894
2023-07-13 12:00:00,MATICUSDT,2023-07-13 12:00:00,2023-07-13 12:00:00,0.03159498471507375,0.9777378374625083,0.029913874192514706,0.029913874192514706,134046.22473379967,0.02045538101696602
2023-07-15 04:00:00,MATICUSDT,2023-07-15 04:00:00,2023-07-15 04:00:00,0.016780159303411247,0.6701265904087398,0.010574704350101733,0.010574704350101733,135463.72392960687,0.029845107306965865
2023-07-20 04:00:00,MATICUSDT,2023-07-20 04:00:00,2023-07-20 04:00:00,0.028021031654290006,1.5438686680831575,0.041716924150341554,0.041716924150341554,141114.85382590108,0.012954469776779444
2023-07-21 20:00:00,MATICUSDT,2023-07-21 20:00:00,2023-07-21 20:00:00,-0.008542635435014682,1.3936798820348688,-0.01329937902737302,-0.01329937902737302,139238.1138984781,0.014350497741847735
2023-08-09 04:00:00,MATICUSDT,2023-08-09 04:00:00,2023-08-09 04:00:00,0.008685636537483596,2.4291336669248844,0.018669438464949402,0.018669438464949402,141837.61129788138,0.008233388006728596
2023-08-10 20:00:00,MATICUSDT,2023-08-10 20:00:00,2023-08-10 20:00:00,-0.001749271583083237,2.3639920629152518,-0.006499256201207221,-0.006499256201207221,140915.77232308922,0.008460265291811597
2023-08-14 04:00:00,MATICUSDT,2023-08-14 04:00:00,2023-08-14 04:00:00,0.0030866490296098366,3.0,0.006259947088829511,0.006259947088829511,141797.8976018133,0.005613873041681822
2023-08-27 12:00:00,MATICUSDT,2023-08-27 12:00:00,2023-08-27 12:00:00,0.02060810458499658,2.5332902538864697,0.04967302024235844,0.04967302024235844,148841.42743971208,0.007894871094742035
2023-08-29 04:00:00,MATICUSDT,2023-08-29 04:00:00,2023-08-29 04:00:00,-0.008423743691050211,2.8524522148459277,-0.026880778563676513,-0.026880778563676513,144840.45398760366,0.007011510971474864
2023-08-30 20:00:00,MATICUSDT,2023-08-30 20:00:00,2023-08-30 20:00:00,0.010841162308319205,1.1323397764466325,0.011143539528177196,0.011143539528177196,146454.48931189365,0.017662543006977557
2023-09-04 20:00:00,MATICUSDT,2023-09-04 20:00:00,2023-09-04 20:00:00,0.006331997637507106,2.779800620941544,0.014821890343601096,0.014821890343601096,148625.22169280262,0.0071947606059695815
2023-09-14 20:00:00,MATICUSDT,2023-09-14 20:00:00,2023-09-14 20:00:00,-0.0076292569174802585,2.293824800215928,-0.01979400352475107,-0.01979400352475107,145683.33353074838,0.008719061716534459
2023-09-16 12:00:00,MATICUSDT,2023-09-16 12:00:00,2023-09-16 12:00:00,-0.0015171631963819133,2.752884682486347,-0.0069294600066381416,-0.0069294600066381416,144673.82669741331,0.007265106354522786
2023-09-18 04:00:00,MATICUSDT,2023-09-18 04:00:00,2023-09-18 04:00:00,-0.0009559316280951304,2.6285231261725372,-0.0051412115176603535,-0.0051412115176603535,143930.02795329256,0.007608835471469689
2023-09-19 20:00:00,MATICUSDT,2023-09-19 20:00:00,2023-09-19 20:00:00,0.004783817770737433,2.706259405595648,0.010239992431118136,0.010239992431118136,145403.8703501449,0.007390274545982778
2023-09-29 20:00:00,MATICUSDT,2023-09-29 20:00:00,2023-09-29 20:00:00,0.003620085881606828,2.2268145619525423,0.00583444539472835,0.00583444539472835,146252.22129188495,0.008981439380593667
2023-10-01 12:00:00,MATICUSDT,2023-10-01 12:00:00,2023-10-01 12:00:00,0.004326669810732198,2.180517887324563,0.007253863027524178,0.007253863027524178,147313.11487260746,0.009172132967246355
2023-10-03 04:00:00,MATICUSDT,2023-10-03 04:00:00,2023-10-03 04:00:00,0.003927875073206763,1.6651863772493176,0.00487545768619175,0.00487545768619175,148031.33373078998,0.012010667558449243
2023-10-04 20:00:00,MATICUSDT,2023-10-04 20:00:00,2023-10-04 20:00:00,0.003742319256644968,1.2228789563996236,0.00335352451068059,0.00335352451068059,148527.76043680494,0.016354848446230207
2023-10-06 12:00:00,MATICUSDT,2023-10-06 12:00:00,2023-10-06 12:00:00,0.020718726475806002,1.377569475652862,0.02716391569181828,0.02716391569181828,152562.35599920488,0.014518324014490477
2023-10-14 20:00:00,MATICUSDT,2023-10-14 20:00:00,2023-10-14 20:00:00,-0.0007727975655086711,3.0,-0.005318392696526014,-0.005318392696526014,151750.9694792939,0.005916604635023195
2023-10-16 12:00:00,MATICUSDT,2023-10-16 12:00:00,2023-10-16 12:00:00,-0.0034476188142329067,3.0,-0.013342856442698722,-0.013342856442698722,149726.17807849133,0.004824551792998617
2023-10-19 20:00:00,MATICUSDT,2023-10-19 20:00:00,2023-10-19 20:00:00,-0.0005798782418217141,2.9826193589272916,-0.004712175428805457,-0.004712175428805457,149020.64206110092,0.006705515385373568
2023-10-21 12:00:00,MATICUSDT,2023-10-21 12:00:00,2023-10-21 12:00:00,0.028570836976027702,2.054537566527789,0.05664532030786233,0.05664532030786233,157461.96406313527,0.009734550648202755
2023-10-23 04:00:00,MATICUSDT,2023-10-23 04:00:00,2023-10-23 04:00:00,-0.003555846643081386,1.2764457789538362,-0.005815291217122239,-0.005815291217122239,156546.2768864881,0.0156685072956188
2023-10-24 20:00:00,MATICUSDT,2023-10-24 20:00:00,2023-10-24 20:00:00,-0.002399041534466108,0.9108870471713733,-0.0030961429065426865,-0.0030961429065426865,156061.58724176034,0.021956619168213096
2023-10-29 20:00:00,MATICUSDT,2023-10-29 20:00:00,2023-10-29 20:00:00,0.004393542294181505,1.7046498783063773,0.005784801458804047,0.005784801458804047,156964.37253929974,0.0117326145706065
2023-11-02 04:00:00,MATICUSDT,2023-11-02 04:00:00,2023-11-02 04:00:00,-0.01941233070984176,1.0573927888446797,-0.02158385129609948,-0.02158385129609948,153576.47686362593,0.018914447129767403
2023-11-03 20:00:00,MATICUSDT,2023-11-03 20:00:00,2023-11-03 20:00:00,0.012281118861902968,0.9749628394254014,0.01099867167749637,0.01099867167749637,155265.61411003556,0.020513602356154504
2023-11-05 12:00:00,MATICUSDT,2023-11-05 12:00:00,2023-11-05 12:00:00,-0.01338786003046171,1.4833516305979362,-0.02134225563700025,-0.02134225563700025,151951.89568206336,0.013482979751697875
2023-11-07 04:00:00,MATICUSDT,2023-11-07 04:00:00,2023-11-07 04:00:00,-0.0027412297867187474,2.0892081519088,-0.00781620776857683,-0.00781620776857683,150764.20809458324,0.009573004959667158
2023-11-08 20:00:00,MATICUSDT,2023-11-08 20:00:00,2023-11-08 20:00:00,-0.019618335437124653,1.3790201871899155,-0.028433100794048104,-0.028433100794048104,146477.51416969512,0.01450305092397146
2023-11-10 12:00:00,MATICUSDT,2023-11-10 12:00:00,2023-11-10 12:00:00,-0.01936203832878286,0.927785452673142,-0.018891602948217675,-0.018891602948217675,143710.3191311593,0.021556707903078086
2023-11-12 04:00:00,MATICUSDT,2023-11-12 04:00:00,2023-11-12 04:00:00,0.03643052736536174,0.9387722783957553,0.03326119689954379,0.03326119689954379,148490.29635227707,0.02130442116822783
2023-11-13 20:00:00,MATICUSDT,2023-11-13 20:00:00,2023-11-13 20:00:00,-0.05588538733150668,0.8787302567827291,-0.04998691101699987,-0.04998691101699987,141067.72512162785,0.02276011306726304
2023-11-15 12:00:00,MATICUSDT,2023-11-15 12:00:00,2023-11-15 12:00:00,-0.040374820259518815,0.690149247762316,-0.02855480107840794,-0.02855480107840794,137039.56429219624,0.028979239004963606
2023-11-20 12:00:00,MATICUSDT,2023-11-20 12:00:00,2023-11-20 12:00:00,-0.004345024744403998,1.1203989805020849,-0.005988560274388656,-0.005988560274388656,136218.89460145647,0.017850783826166453
2023-11-30 12:00:00,MATICUSDT,2023-11-30 12:00:00,2023-11-30 12:00:00,-0.008257046009534301,1.8823762936527706,-0.01742524395760035,-0.01742524395760035,133845.24713139143,0.010624868187853022
2023-12-02 04:00:00,MATICUSDT,2023-12-02 04:00:00,2023-12-02 04:00:00,-0.0038598068214868264,2.0462454819852893,-0.009944357751788707,-0.009944357751788707,132514.2421105403,0.009773998367290608
2023-12-03 20:00:00,MATICUSDT,2023-12-03 20:00:00,2023-12-03 20:00:00,0.009010738002326024,2.134996812586958,0.017102900101435274,0.017102900101435274,134780.61995537428,0.009367695484175532
2023-12-07 04:00:00,MATICUSDT,2023-12-07 04:00:00,2023-12-07 04:00:00,0.012956035355739309,1.4086855207882667,0.016842293891662558,0.016842293891662558,137050.63476756317,0.014197632974042694
2023-12-08 20:00:00,MATICUSDT,2023-12-08 20:00:00,2023-12-08 20:00:00,-0.004076466836063321,1.2620623733485776,-0.00640681778334742,-0.00640681778334742,136172.5763235153,0.015847077309606206
2023-12-10 12:00:00,MATICUSDT,2023-12-10 12:00:00,2023-12-10 12:00:00,0.012353392866821716,1.1992474805797682,0.013615527791568256,0.013615527791568256,138026.63782089757,0.0166771248836238
2023-12-13 20:00:00,MATICUSDT,2023-12-13 20:00:00,2023-12-13 20:00:00,0.0021428982429013256,0.7819099012096858,0.000893643452199699,0.000893643452199699,138149.98442201538,0.025578394606665267
2023-12-22 04:00:00,MATICUSDT,2023-12-22 04:00:00,2023-12-22 04:00:00,0.0016947104891317892,1.2837810703866281,0.0008918561753464263,0.0008918561753464263,138273.19433874617,0.015578980296053693
2023-12-23 20:00:00,MATICUSDT,2023-12-23 20:00:00,2023-12-23 20:00:00,0.009135692491795262,1.009369303943647,0.008211918267542938,0.008211918267542938,139408.68250924803,0.019814353301471705
2023-12-25 12:00:00,MATICUSDT,2023-12-25 12:00:00,2023-12-25 12:00:00,0.0385212493803011,0.9439236861996914,0.03541719602587169,0.03541719602587169,144346.14714538658,0.02118815354715965
2023-12-27 04:00:00,MATICUSDT,2023-12-27 04:00:00,2023-12-27 04:00:00,0.06292247439582699,0.6940645229156012,0.04297819264929319,0.04297819264929319,150549.88366558423,0.02881576473032323
2023-12-28 20:00:00,MATICUSDT,2023-12-28 20:00:00,2023-12-28 20:00:00,-0.0032876741941917495,0.6082289843828134,-0.002607887720497645,-0.002607887720497645,150157.2664726504,0.03288235272163912
2024-01-11 04:00:00,MATICUSDT,2024-01-11 04:00:00,2024-01-11 04:00:00,-0.00805610492886783,0.8096309890423733,-0.007332103190430773,-0.007332103190430773,149056.29790007992,0.024702611770895628
2024-01-21 04:00:00,MATICUSDT,2024-01-21 04:00:00,2024-01-21 04:00:00,0.002908265310890629,1.397281013067599,0.002666382886803015,0.002666382886803015,149453.7390619709,0.014313513039221711
2024-01-27 20:00:00,MATICUSDT,2024-01-27 20:00:00,2024-01-27 20:00:00,0.005471099594072692,1.7909463852800098,0.008007499656231407,0.008007499656231407,150650.48982613214,0.011167280139920577
2024-01-29 12:00:00,MATICUSDT,2024-01-29 12:00:00,2024-01-29 12:00:00,0.007107530872671412,2.225043213498668,0.013589520119471123,0.013589520119471123,152697.75768863253,0.008988589470382426
2024-01-31 04:00:00,MATICUSDT,2024-01-31 04:00:00,2024-01-31 04:00:00,0.020526071891675473,2.1206528163284073,0.04140801934891254,0.04140801934891254,159020.669393539,0.009431058137383848
2024-02-01 20:00:00,MATICUSDT,2024-02-01 20:00:00,2024-02-01 20:00:00,-0.000246487553626525,1.3670547777511515,-0.0017040167655924857,-0.0017040167655924857,158749.69550681667,0.01462999166200248
2024-02-06 20:00:00,MATICUSDT,2024-02-06 20:00:00,2024-02-06 20:00:00,-0.0037179371121121314,2.2826461851478044,-0.010769381150730006,-0.010769381150730006,157040.05952834143,0.008761760859011522
2024-02-08 12:00:00,MATICUSDT,2024-02-08 12:00:00,2024-02-08 12:00:00,0.010532712572600833,1.9027555218325216,0.01813842148555854,0.01813842148555854,159888.51831818366,0.010511071848441272
2024-02-10 04:00:00,MATICUSDT,2024-02-10 04:00:00,2024-02-10 04:00:00,-0.01413327268972112,2.0984528570134007,-0.03175645931170815,-0.03175645931170815,154811.02509180296,0.009530831218417161
2024-02-13 12:00:00,MATICUSDT,2024-02-13 12:00:00,2024-02-13 12:00:00,-0.017707718068420437,1.5492427692920543,-0.028982796947454675,-0.028982796947454675,150324.16858633992,0.012909532577092
2024-02-15 04:00:00,MATICUSDT,2024-02-15 04:00:00,2024-02-15 04:00:00,-0.012744772969926193,1.3770009301913109,-0.018926565164856753,-0.018926565164856753,147479.04841373765,0.014524318438347998
2024-02-16 20:00:00,MATICUSDT,2024-02-16 20:00:00,2024-02-16 20:00:00,0.027498268903673,1.6945182941101178,0.04490180141952316,0.04490180141952316,154101.12335915153,0.01180276428381853
2024-02-18 12:00:00,MATICUSDT,2024-02-18 12:00:00,2024-02-18 12:00:00,0.00936109912415071,1.6088249239812453,0.013451544662811423,0.013451544662811423,156174.02150260657,0.01243143346543104
2024-02-20 04:00:00,MATICUSDT,2024-02-20 04:00:00,2024-02-20 04:00:00,0.016748757533437648,1.3511176366627151,0.021278424058952406,0.021278424058952406,159497.15855913097,0.014802560086033931
2024-02-26 20:00:00,MATICUSDT,2024-02-26 20:00:00,2024-02-26 20:00:00,-0.0038641016931529946,1.0233835528838733,-0.004977841672327375,-0.004977841672327375,158703.20695663753,0.01954301487808791
2024-02-28 12:00:00,MATICUSDT,2024-02-28 12:00:00,2024-02-28 12:00:00,0.016687148730148812,1.2034106507559579,0.01887808186185388,0.01887808186185388,161699.2190893037,0.016619430771562818
2024-03-02 20:00:00,MATICUSDT,2024-03-02 20:00:00,2024-03-02 20:00:00,-0.0014606539021982758,0.9483593903156804,-0.0023335842344666567,-0.0023335842344666567,161321.88034091133,0.02108905147587836
2024-03-04 12:00:00,MATICUSDT,2024-03-04 12:00:00,2024-03-04 12:00:00,0.028778964550043112,1.5781465845562823,0.04383927802716058,0.04383927802716058,168394.11510504087,0.012673093992484404
2024-03-07 20:00:00,MATICUSDT,2024-03-07 20:00:00,2024-03-07 20:00:00,-0.007126634721997937,0.5550129989152645,-0.004510387908144992,-0.004510387908144992,167634.5923244683,0.03603519203890477
2024-03-09 12:00:00,MATICUSDT,2024-03-09 12:00:00,2024-03-09 12:00:00,0.006667861167060016,1.08142836981055,0.006129385862206235,0.006129385862206235,168662.08942467862,0.01849405893013857
2024-03-11 04:00:00,MATICUSDT,2024-03-11 04:00:00,2024-03-11 04:00:00,0.01737447528255731,1.3649302250795061,0.02235001623297976,0.02235001623297976,172431.68986120846,0.014652763659647888
2024-03-24 12:00:00,MATICUSDT,2024-03-24 12:00:00,2024-03-24 12:00:00,-0.0022998860195152424,1.6943090655754152,-0.0055910267982302465,-0.0055910267982302465,171467.61966233034,0.011804221795394615
2024-03-26 04:00:00,MATICUSDT,2024-03-26 04:00:00,2024-03-26 04:00:00,0.0058353106756986045,1.8348166889586917,0.008871908724071927,0.008871908724071927,172988.8647331084,0.010900271466001622
2024-04-08 12:00:00,MATICUSDT,2024-04-08 12:00:00,2024-04-08 12:00:00,0.00532993480092369,1.629155147440176,0.007054135569005184,0.007054135569005184,174209.15163686406,0.012276301634884298
2024-04-15 04:00:00,MATICUSDT,2024-04-15 04:00:00,2024-04-15 04:00:00,0.0586739244307478,0.44851472771892126,0.02586760451253849,0.02586760451253849,178715.5250738713,0.04459162378394352
2024-04-20 04:00:00,MATICUSDT,2024-04-20 04:00:00,2024-04-20 04:00:00,0.009961992728747735,0.9727565675948288,0.00871783728562646,0.00871783728562646,180273.5379418806,0.02056012847022008
2024-04-21 20:00:00,MATICUSDT,2024-04-21 20:00:00,2024-04-21 20:00:00,0.006185876606940288,1.0641055229486165,0.005518319938775192,0.005518319938775192,181268.34500073883,0.01879512846111387
2024-04-23 12:00:00,MATICUSDT,2024-04-23 12:00:00,2024-04-23 12:00:00,0.009172492265170536,1.3728400289152085,0.011219524517626036,0.011219524517626036,183302.08964174413,0.014568339776487733
2024-04-28 12:00:00,MATICUSDT,2024-04-28 12:00:00,2024-04-28 12:00:00,0.010141240812429684,1.5072506522302707,0.01377814117672861,0.01377814117672861,185827.65171081744,0.013269193130157952
2024-05-01 20:00:00,MATICUSDT,2024-05-01 20:00:00,2024-05-01 20:00:00,0.022508988893922603,1.0578589882485108,0.022753477229573417,0.022753477229573417,190055.87695264464,0.018906111515972324
2024-05-03 12:00:00,MATICUSDT,2024-05-03 12:00:00,2024-05-03 12:00:00,0.010043422112787505,1.0811762042039008,0.009777532792917216,0.009777532792917216,191914.15452203577,0.01849837234877597
2024-05-05 04:00:00,MATICUSDT,2024-05-05 04:00:00,2024-05-05 04:00:00,-0.00027601435449868837,1.8449776449585387,-0.00235421795869628,-0.00235421795869628,191462.34677293198,0.010840239747430355
2024-05-10 04:00:00,MATICUSDT,2024-05-10 04:00:00,2024-05-10 04:00:00,0.007736428271515938,2.0015701821142358,0.013483433962217642,0.013483433962217642,194043.91668189602,0.009992155248273247
2024-05-16 20:00:00,MATICUSDT,2024-05-16 20:00:00,2024-05-16 20:00:00,0.010716974404365602,1.8946724159714923,0.018410483370652528,0.018410483370652528,197616.35898314434,0.01055591448495597
2024-05-18 12:00:00,MATICUSDT,2024-05-18 12:00:00,2024-05-18 12:00:00,-0.0030756350262087246,1.9013903628503162,-0.007749373161328465,-0.007749373161328465,196084.9560746009,0.010518618580783491
2024-05-21 20:00:00,MATICUSDT,2024-05-21 20:00:00,2024-05-21 20:00:00,0.007985723286510394,1.2192929340373384,0.008517643042382216,0.008517643042382216,197755.13773642553,0.016402949153306208
2024-05-23 12:00:00,MATICUSDT,2024-05-23 12:00:00,2024-05-23 12:00:00,-0.01186637440809271,1.193710059667084,-0.015358720562383391,-0.015358720562383391,194717.87183615612,0.01675448727103618
2024-05-25 04:00:00,MATICUSDT,2024-05-25 04:00:00,2024-05-25 04:00:00,0.0008230453139508139,1.3626774640580726,-0.0002411321628386974,-0.0002411321628386974,194670.9190945769,0.014676987421836214
2024-05-28 12:00:00,MATICUSDT,2024-05-28 12:00:00,2024-05-28 12:00:00,-0.010702533913353945,1.9805288501796732,-0.02317720603560352,-0.02317720603560352,190158.9910935816,0.010098312881524348
2024-06-02 12:00:00,MATICUSDT,2024-06-02 12:00:00,2024-06-02 12:00:00,0.005850890754537019,1.849815349263172,0.008973252175341388,0.008973252175341388,191865.33567407282,0.010811889958620197
2024-06-05 20:00:00,MATICUSDT,2024-06-05 20:00:00,2024-06-05 20:00:00,0.0009661169752913074,2.6045003081950844,-8.824834829637175e-05,-8.824834829637175e-05,191848.40387510427,0.007679016177141471
2024-06-12 12:00:00,MATICUSDT,2024-06-12 12:00:00,2024-06-12 12:00:00,0.04223094836402216,1.8117153295075568,0.07469874120123346,0.07469874120123346,206179.23814604038,0.011039261894105742
2024-06-15 20:00:00,MATICUSDT,2024-06-15 20:00:00,2024-06-15 20:00:00,0.007154502062624238,1.0782103866988992,0.006635848048881253,0.006635848048881253,207547.41224121163,0.01854925555042459
2024-06-25 20:00:00,MATICUSDT,2024-06-25 20:00:00,2024-06-25 20:00:00,-0.010867766910659587,2.1571898764371054,-0.02560102663559012,-0.02560102663559012,202233.98541227655,0.009271321091601236
2024-06-27 12:00:00,MATICUSDT,2024-06-27 12:00:00,2024-06-27 12:00:00,0.02181774668061271,1.984116678474332,0.04130483839725734,0.04130483839725734,210587.22749816393,0.010080052356285223
2024-06-30 20:00:00,MATICUSDT,2024-06-30 20:00:00,2024-06-30 20:00:00,0.013097881693775001,2.059242236663982,0.024912468957985476,0.024912468957985476,215833.47526616015,0.009712310501362113
2024-07-02 12:00:00,MATICUSDT,2024-07-02 12:00:00,2024-07-02 12:00:00,-0.0014091952305597818,2.2612814566885193,-0.005447868500407257,-0.005447868500407257,214657.6428749242,0.008844542522932344
2024-07-09 04:00:00,MATICUSDT,2024-07-09 04:00:00,2024-07-09 04:00:00,-0.009795180765037935,1.0154338031253831,-0.010961791459668453,-0.010961791459668453,212304.6105585053,0.019696015573287404
2024-07-10 20:00:00,MATICUSDT,2024-07-10 20:00:00,2024-07-10 20:00:00,-0.0005848523414588132,1.1193913278044207,-0.0017740699668795262,-0.0017740699668795262,211927.9673250834,0.017866852728998794
2024-07-12 12:00:00,MATICUSDT,2024-07-12 12:00:00,2024-07-12 12:00:00,0.015584731016698111,2.504155128132601,0.03652242896789917,0.03652242896789917,219668.091458025,0.007986725652621372
2024-07-14 04:00:00,MATICUSDT,2024-07-14 04:00:00,2024-07-14 04:00:00,0.003029157939113211,1.832134394484936,0.003717690052091483,0.003717690052091483,220484.74933640042,0.010916229759238026
2024-07-15 20:00:00,MATICUSDT,2024-07-15 20:00:00,2024-07-15 20:00:00,0.021743992846030652,1.90474943982819,0.03951210875327686,0.03951210875327686,229196.56673061926,0.01050006871339677
2024-07-17 12:00:00,MATICUSDT,2024-07-17 12:00:00,2024-07-17 12:00:00,0.008169238497129548,1.2647489018879627,0.009067286516617503,0.009067286516617503,231274.75766979082,0.015813415587983402
2024-07-20 20:00:00,MATICUSDT,2024-07-20 20:00:00,2024-07-20 20:00:00,0.004629209266723356,1.3973721622996118,0.005071356000479004,0.005071356000479004,232447.63429985882,0.01431257938263678
2024-07-27 12:00:00,MATICUSDT,2024-07-27 12:00:00,2024-07-27 12:00:00,0.0015512898205029887,1.5872932237439843,0.0008750585964034312,0.0008750585964034312,232651.03960046655,0.012600066390270066
2024-07-29 04:00:00,MATICUSDT,2024-07-29 04:00:00,2024-07-29 04:00:00,0.005784821376851101,2.4443658893425186,0.011695854160171737,0.011695854160171737,235372.09222984593,0.008182081122634044
2024-08-09 20:00:00,MATICUSDT,2024-08-09 20:00:00,2024-08-09 20:00:00,0.005467742137413459,1.1010143694473615,0.004919048292277687,0.004919048292277687,236529.89891817898,0.018165067191665007
2024-08-14 20:00:00,MATICUSDT,2024-08-14 20:00:00,2024-08-14 20:00:00,0.013780213309442464,1.3322602852675451,0.017026570629417894,0.017026570629417894,240557.19194807843,0.015012081513773857
2024-08-19 20:00:00,MATICUSDT,2024-08-19 20:00:00,2024-08-19 20:00:00,0.00232774779221154,2.110074099408258,0.0028016462268920686,0.0028016462268920686,241231.1480972515,0.009478340123509753
2024-08-21 12:00:00,MATICUSDT,2024-08-21 12:00:00,2024-08-21 12:00:00,0.014523076838370652,1.8985297377363015,0.025673963523339685,0.025673963523339685,247424.5077941937,0.010534467594827806
2024-08-23 04:00:00,MATICUSDT,2024-08-23 04:00:00,2024-08-23 04:00:00,0.009767170058037098,1.0457612458275636,0.009168366682274987,0.009168366682274987,249692.98640783227,0.0191248242175708
2024-08-24 20:00:00,MATICUSDT,2024-08-24 20:00:00,2024-08-24 20:00:00,-0.00471657787644707,0.9086987090922045,-0.005194646936752508,-0.005194646936752508,248395.91950086024,0.022009495336446687
2024-09-08 20:00:00,MATICUSDT,2024-09-08 20:00:00,2024-09-08 20:00:00,0.004802570596855169,2.1954738946816703,0.008348444478079623,0.008348444478079623,250469.63904339474,0.009109650562663545
